latitude,longitude,sample_date,gaia_changed_ever_frac,gaia_impervious_frac_by_sample_year,gaia_recent_change_5y_frac,gaia_years_since_change_mean,gaia_transition_year_mean_changed_pixels,sample_date_parsed,Total Alkalinity,Electrical Conductance,Dissolved Reactive Phosphorus,gsw_change,gsw_extent,gsw_occurrence,gsw_recurrence,gsw_seasonality,gsw_transitions,sample_date_parsed__jrc_gsw,nir,green,swir16,swir22,red,blue,lwir11,coastal,qa_pixel,qa_aerosol,NDMI,MNDWI,sample_date_parsed__landsat_allbands,pet,aet,def,q,ppt,soil,swe,srad,tmax,tmin,vap,vpd,ws,pdsi,sample_date_parsed__terraclimate_allvars,esa_lccs_class,esa_change_count,esa_processed_flag,esa_observation_count,esa_current_pixel_state,sample_date_parsed__esa_cci,Total Alkalinity__water_quality,Electrical Conductance__water_quality,Dissolved Reactive Phosphorus__water_quality,sample_date_parsed__water_quality,pet__terraclimate,sample_date_parsed__terraclimate,nir__landsat,green__landsat,swir16__landsat,swir22__landsat,NDMI__landsat,MNDWI__landsat,sample_date_parsed__landsat
-34.405833,19.600556,01-10-2014,0.0,0.0,0.0,-1.0,-1.0,2014-01-10,54.181,1008.0,20.0,253.0,0.0,0.0,0.0,0.0,0.0,2014-01-10,19002.5,9353.0,13580.0,10717.0,9095.5,8265.5,43324.0,8020.5,21824.0,96.0,0.1664236937006056,-0.18431953952819,2014-01-10,132.3000030517578,11.90000057220459,120.4000015258789,0.3,5.9,14.100000381469728,0.0,263.8014831542969,23.479999542236328,12.179999351501465,1.3720000982284546,0.7899999618530273,3.4800000190734863,-2.5899999141693115,2014-01-10,120.0,0.0,1.0,73.0,1.0,2014-01-10,54.181,1008.0,20.0,2014-01-10,173.0,2014-01-10,19002.5,9353.0,13580.0,10717.0,0.1664236937006056,-0.18431953952819,2014-01-10
-34.405833,19.600556,03-09-2014,0.0,0.0,0.0,-1.0,-1.0,2014-03-09,58.231,877.0,20.0,253.0,0.0,0.0,0.0,0.0,0.0,2014-03-09,17562.5,9283.5,13263.5,10589.0,9197.5,8261.5,41780.5,8018.5,21824.0,96.0,0.139460195938493,-0.1765201578924017,2014-03-09,88.20000457763672,58.60000228881836,29.600000381469727,1.6,31.4,20.399999618530273,0.0,195.09732055664065,19.729999542236328,10.199999809265137,1.2310000658035278,0.550000011920929,3.639999866485596,-1.399999976158142,2014-03-09,120.0,0.0,1.0,73.0,1.0,2014-03-09,58.231,877.0,20.0,2014-03-09,173.0,2014-03-09,17562.5,9283.5,13263.5,10589.0,0.139460195938493,-0.1765201578924017,2014-03-09
-34.405833,19.600556,03-12-2014,0.0,0.0,0.0,-1.0,-1.0,2014-03-12,54.973,867.0,20.0,253.0,0.0,0.0,0.0,0.0,0.0,2014-03-12,17724.0,10167.0,17359.5,13360.0,10561.0,8912.5,47043.5,8563.5,21824.0,96.0,0.0103894993372952,-0.2612936624707091,2014-03-12,158.3000030517578,5.0,153.3000030517578,0.2,3.2,9.0,0.0,312.000732421875,25.15999984741211,14.839999198913574,1.6440000534057615,0.8100000023841858,3.059999942779541,-2.509999990463257,2014-03-12,120.0,0.0,1.0,73.0,1.0,2014-03-12,54.973,867.0,20.0,2014-03-12,173.0,2014-03-12,17724.0,10167.0,17359.5,13360.0,0.0103894993372952,-0.2612936624707091,2014-03-12
-34.329722,18.990278,01-10-2015,0.0166102136529442,0.0166102136529442,0.0,-0.5681344450234498,32.07093538301198,2015-01-10,10.0,118.7,20.0,253.0,0.0,0.0,0.0,0.0,0.0,2015-01-10,12967.5,8952.5,11773.0,10146.5,9113.0,8398.0,42257.0,8239.0,21824.0,96.0,0.0482811584244455,-0.1360883935248841,2015-01-10,120.8000030517578,35.20000076293945,85.5999984741211,0.7000000000000001,13.3,30.100000381469727,0.0,247.3020172119141,21.729999542236328,13.229999542236328,1.4070000648498535,0.6599999666213989,3.7200000286102295,-5.079999923706055,2015-01-10,120.0,0.0,1.0,71.0,1.0,2015-01-10,10.0,118.7,20.0,2015-01-10,166.40001,2015-01-10,12967.5,8952.5,11773.0,10146.5,0.0482811584244455,-0.1360883935248841,2015-01-10
-34.329722,18.990278,02-10-2014,0.0166102136529442,0.0166102136529442,0.0,-0.584744658676394,32.07093538301198,2014-02-10,11.32,143.8,20.0,253.0,0.0,0.0,0.0,0.0,0.0,2014-02-10,13686.5,9299.5,12616.0,10569.0,9433.0,8541.0,43621.0,8348.5,21824.0,96.0,0.0406995532744034,-0.1513312495722198,2014-02-10,133.0,41.10000228881836,91.9000015258789,0.5,10.1,32.5,0.0,264.7001647949219,22.479999542236328,12.229999542236328,1.3540000915527344,0.7299999594688416,4.5,-2.1499998569488525,2014-02-10,120.0,0.0,1.0,71.0,1.0,2014-02-10,11.32,143.8,20.0,2014-02-10,168.3,2014-02-10,13686.5,9299.5,12616.0,10569.0,0.0406995532744034,-0.1513312495722198,2014-02-10
-34.329722,18.990278,04-09-2014,0.0166102136529442,0.0166102136529442,0.0,-0.584744658676394,32.07093538301198,2014-04-09,17.47,131.2,20.0,253.0,0.0,0.0,0.0,0.0,0.0,2014-04-09,12800.0,9003.0,11243.0,9944.5,9350.5,8396.5,42259.0,8229.0,21824.0,96.0,0.0647589735058018,-0.1106391385952775,2014-04-09,87.20000457763672,69.5,17.700000762939453,2.1,41.1,64.0,0.0,199.69793701171875,18.94999885559082,10.309999465942385,1.2290000915527344,0.5,4.0,-0.85999995470047,2014-04-09,120.0,0.0,1.0,71.0,1.0,2014-04-09,17.47,131.2,20.0,2014-04-09,168.3,2014-04-09,12800.0,9003.0,11243.0,9944.5,0.0647589735058018,-0.1106391385952775,2014-04-09
-34.329722,18.990278,04-12-2014,0.0166102136529442,0.0166102136529442,0.0,-0.584744658676394,32.07093538301198,2014-04-12,26.499,138.6,20.0,253.0,0.0,0.0,0.0,0.0,0.0,2014-04-12,15093.5,9714.0,14343.5,11749.0,9897.0,8947.5,45009.0,8730.5,21824.0,96.0,0.0254781397560891,-0.1924347916450163,2014-04-12,157.60000610351562,8.300000190734863,149.3000030517578,0.2,3.4000000000000004,18.0,0.0,319.0006103515625,24.10999870300293,14.630000114440918,1.659000039100647,0.6800000071525574,4.909999847412109,-2.6399998664855957,2014-04-12,120.0,0.0,1.0,71.0,1.0,2014-04-12,26.499,138.6,20.0,2014-04-12,168.3,2014-04-12,15093.5,9714.0,14343.5,11749.0,0.0254781397560891,-0.1924347916450163,2014-04-12
-34.250556,20.9925,11-12-2015,0.0,0.0,0.0,-1.0,-1.0,2015-11-12,79.335,1179.0,98.0,253.0,0.0,0.0,0.0,0.0,0.0,2015-11-12,14681.0,9277.0,14205.0,11363.5,9441.0,8298.5,47154.5,7966.0,21824.0,96.0,0.0164785709340164,-0.2098628736904854,2015-11-12,180.8000030517578,14.0,166.8000030517578,0.7000000000000001,14.0,6.099999904632568,0.0,311.59906005859375,29.31999969482422,17.1299991607666,1.873000144958496,1.159999966621399,3.43999981880188,-2.169999837875366,2015-11-12,60.0,1.0,1.0,127.0,1.0,2015-11-12,79.335,1179.0,98.0,2015-11-12,180.8,2015-11-12,14681.0,9277.0,14205.0,11363.5,0.0164785709340164,-0.2098628736904854,2015-11-12
-34.250556,20.9925,12-03-2015,0.0,0.0,0.0,-1.0,-1.0,2015-12-03,30.771,508.0,20.0,253.0,0.0,0.0,0.0,0.0,0.0,2015-12-03,12604.0,9188.5,13025.5,11092.5,9363.0,8278.0,42566.5,7915.0,21824.0,160.0,-0.0164458924286466,-0.1727289096965869,2015-12-03,132.60000610351562,6.900000095367432,125.70000457763672,0.4,7.2,1.8000000715255735,0.0,228.10009765625,28.68000030517578,16.78999900817871,1.930000066757202,1.0,3.049999952316284,-3.929999828338623,2015-12-03,60.0,1.0,1.0,127.0,1.0,2015-12-03,30.771,508.0,20.0,2015-12-03,180.8,2015-12-03,12604.0,9188.5,13025.5,11092.5,-0.0164458924286466,-0.1727289096965869,2015-12-03
-34.092222,21.295278,02-12-2014,0.0,0.0,0.0,-1.0,-1.0,2014-02-12,31.566,355.6,20.0,253.0,0.0,0.0,0.0,0.0,0.0,2014-02-12,20070.0,10054.5,16292.5,12919.5,10010.5,8533.5,45808.5,8144.5,21824.0,96.0,0.1038844963905119,-0.2367631988461675,2014-02-12,168.8000030517578,10.90000057220459,157.90000915527344,0.6000000000000001,11.5,1.100000023841858,0.0,298.0010070800781,28.03999900817871,15.229999542236328,1.6970000267028809,1.079999923706055,3.109999895095825,-2.419999837875366,2014-02-12,11.0,0.0,1.0,138.0,1.0,2014-02-12,31.566,355.6,20.0,2014-02-12,183.90001,2014-02-12,20070.0,10054.5,16292.5,12919.5,0.1038844963905119,-0.2367631988461675,2014-02-12
-34.092222,21.295278,07-01-2014,0.0,0.0,0.0,-1.0,-1.0,2014-07-01,26.68,336.48,92.0,253.0,0.0,0.0,0.0,0.0,0.0,2014-07-01,18947.0,10050.5,16806.5,13477.5,10330.0,8845.0,46522.0,8467.0,21824.0,96.0,0.0598682646454191,-0.251554529545369,2014-07-01,163.8000030517578,53.0,110.8000030517578,2.8000000000000003,55.7,1.7000000476837158,0.0,284.1991882324219,29.88999938964844,17.469999313354492,1.9730000495910645,1.149999976158142,2.379999876022339,1.2799999713897705,2014-07-01,11.0,0.0,1.0,138.0,1.0,2014-07-01,26.68,336.48,92.0,2014-07-01,55.600002,2014-07-01,18947.0,10050.5,16806.5,13477.5,0.0598682646454191,-0.251554529545369,2014-07-01
-34.092222,21.295278,08-07-2014,0.0,0.0,0.0,-1.0,-1.0,2014-08-07,45.944,775.0,20.0,253.0,0.0,0.0,0.0,0.0,0.0,2014-08-07,17628.5,9803.0,16232.5,12598.0,9979.0,8567.5,42505.0,8128.0,21824.0,224.0,0.0412273707214788,-0.2469512780626443,2014-08-07,55.60000228881836,18.200000762939453,37.400001525878906,1.0,19.1,1.3000000715255735,0.0,121.10000610351562,20.1299991607666,5.349999904632568,1.0110000371932983,0.6200000047683716,2.419999837875366,-1.4299999475479126,2014-08-07,11.0,0.0,1.0,138.0,1.0,2014-08-07,45.944,775.0,20.0,2014-08-07,168.8,2014-08-07,17628.5,9803.0,16232.5,12598.0,0.0412273707214788,-0.2469512780626443,2014-08-07
-34.092222,21.295278,09-12-2015,0.0,0.0,0.0,-1.0,-1.0,2015-09-12,35.454,420.0,22.0,253.0,0.0,0.0,0.0,0.0,0.0,2015-09-12,19716.0,10067.0,16575.0,12862.5,10295.0,8694.5,47492.5,8258.0,21824.0,96.0,0.0865503843928244,-0.2442759552586133,2015-09-12,173.5,12.800000190734863,160.6999969482422,0.7000000000000001,13.1,3.200000047683716,0.0,311.19970703125,29.34000015258789,16.34000015258789,1.777000069618225,1.209999918937683,2.419999837875366,-1.6799999475479126,2015-09-12,11.0,0.0,1.0,138.0,1.0,2015-09-12,35.454,420.0,22.0,2015-09-12,173.5,2015-09-12,19716.0,10067.0,16575.0,12862.5,0.0865503843928244,-0.2442759552586133,2015-09-12
-34.092222,21.295278,10-04-2014,0.0,0.0,0.0,-1.0,-1.0,2014-10-04,32.411,353.0,10.0,253.0,0.0,0.0,0.0,0.0,0.0,2014-10-04,18134.5,9610.5,15546.5,12527.0,9720.0,8561.0,45031.5,8127.0,21824.0,96.0,0.0768385736765533,-0.2359581826131882,2014-10-04,83.4000015258789,58.60000228881836,24.80000114440918,3.1,61.6,1.5,0.0,169.49713134765625,26.34000015258789,12.09000015258789,1.4950001239776611,0.9399999976158142,1.6100000143051147,0.75,2014-10-04,11.0,0.0,1.0,138.0,1.0,2014-10-04,32.411,353.0,10.0,2014-10-04,168.8,2014-10-04,18134.5,9610.5,15546.5,12527.0,0.0768385736765533,-0.2359581826131882,2014-10-04
-34.092222,21.295278,10-06-2014,0.0,0.0,0.0,-1.0,-1.0,2014-10-06,47.02,750.0,45.0,253.0,0.0,0.0,0.0,0.0,0.0,2014-10-06,16641.5,9031.5,12549.5,9856.5,8908.5,7966.5,41803.5,7643.0,21824.0,96.0,0.1401801925250928,-0.163013762105555,2014-10-06,60.79999923706055,30.600000381469727,30.200000762939453,1.6,32.2,1.3000000715255735,0.0,115.40283203125,21.03999900817871,5.589999675750732,1.027000069618225,0.6800000071525574,2.9600000381469727,-0.959999978542328,2014-10-06,11.0,0.0,1.0,138.0,1.0,2014-10-06,47.02,750.0,45.0,2014-10-06,168.8,2014-10-06,16641.5,9031.5,12549.5,9856.5,0.1401801925250928,-0.163013762105555,2014-10-06
-34.092222,21.295278,11-11-2014,0.0,0.0,0.0,-1.0,-1.0,2014-11-11,42.084,386.0,20.0,253.0,0.0,0.0,0.0,0.0,0.0,2014-11-11,20070.0,10054.5,16292.5,12919.5,10010.5,8533.5,45808.5,8144.5,21824.0,96.0,0.1038844963905119,-0.2367631988461675,2014-11-11,142.5,59.0,83.5,3.1,62.0,1.100000023841858,0.0,276.3995666503906,24.94999885559082,13.079999923706056,1.5190000534057615,0.8199999928474426,3.379999876022339,-2.15999984741211,2014-11-11,11.0,0.0,1.0,138.0,1.0,2014-11-11,42.084,386.0,20.0,2014-11-11,183.90001,2014-11-11,20070.0,10054.5,16292.5,12919.5,0.1038844963905119,-0.2367631988461675,2014-11-11
-34.075556,20.145556,09-06-2015,0.0,0.0,0.0,-1.0,-1.0,2015-09-06,42.839,53.4,30.0,253.0,0.0,0.0,0.0,0.0,0.0,2015-09-06,14996.0,9844.5,15910.0,12734.0,10417.5,8787.5,40771.5,8388.0,21824.0,96.0,-0.029573545589853,-0.2355122405793153,2015-09-06,46.20000076293945,46.20000076293945,0.0,3.1,61.5,14.0,0.0,110.80216979980467,19.189998626708984,6.569999694824219,0.9860000610351562,0.6200000047683716,1.7400000095367432,-4.049999713897705,2015-09-06,120.0,0.0,1.0,118.0,1.0,2015-09-06,42.839,53.4,30.0,2015-09-06,182.5,2015-09-06,14996.0,9844.5,15910.0,12734.0,-0.029573545589853,-0.2355122405793153,2015-09-06
-34.075556,20.145556,12-02-2013,0.0,0.0,0.0,-1.0,-1.0,2013-12-02,22.404,220.2,10.0,253.0,0.0,0.0,0.0,0.0,0.0,2013-12-02,15702.0,10555.5,17598.0,14255.0,11220.0,9254.5,47367.5,8783.5,21824.0,96.0,-0.0569369369369367,-0.250146518194895,2013-12-02,154.3000030517578,41.0,113.3000030517578,2.1,42.5,4.599999904632568,0.0,285.9028015136719,30.309999465942383,17.43000030517578,1.787000060081482,1.3799999952316284,2.5399999618530273,0.5399999618530273,2013-12-02,120.0,0.0,1.0,118.0,1.0,2013-12-02,22.404,220.2,10.0,2013-12-02,185.90001,2013-12-02,15702.0,10555.5,17598.0,14255.0,-0.0569369369369367,-0.250146518194895,2013-12-02
-34.075556,20.145556,12-03-2013,0.0,0.0,0.0,-1.0,-1.0,2013-12-03,23.373,237.2,10.0,253.0,0.0,0.0,0.0,0.0,0.0,2013-12-03,15702.0,10555.5,17598.0,14255.0,11220.0,9254.5,47367.5,8783.5,21824.0,96.0,-0.0569369369369367,-0.250146518194895,2013-12-03,144.90000915527344,14.100000381469728,130.8000030517578,0.7000000000000001,14.4,4.099999904632568,0.0,231.09954833984375,30.099998474121097,16.119998931884766,1.7650001049041748,1.2999999523162842,2.859999895095825,-0.8499999642372131,2013-12-03,120.0,0.0,1.0,118.0,1.0,2013-12-03,23.373,237.2,10.0,2013-12-03,185.90001,2013-12-03,15702.0,10555.5,17598.0,14255.0,-0.0569369369369367,-0.250146518194895,2013-12-03
-34.075556,20.145556,12-05-2015,0.0,0.0,0.0,-1.0,-1.0,2015-12-05,10.05,261.5,20.0,253.0,0.0,0.0,0.0,0.0,0.0,2015-12-05,15215.5,10180.5,17290.5,13862.0,10962.5,9112.5,42856.5,8695.5,21824.0,96.0,-0.0638343690395617,-0.2588183903024998,2015-12-05,63.79999923706055,17.0,46.79999923706055,0.9,17.8,1.8000000715255735,0.0,128.39849853515625,23.28999900817871,10.399999618530272,1.2540000677108765,0.8100000023841858,1.8899999856948853,-5.199999809265137,2015-12-05,120.0,0.0,1.0,118.0,1.0,2015-12-05,10.05,261.5,20.0,2015-12-05,182.5,2015-12-05,15215.5,10180.5,17290.5,13862.0,-0.0638343690395617,-0.2588183903024998,2015-12-05
-34.065833,20.404167,01-12-2015,0.0,0.0,0.0,-1.0,-1.0,2015-01-12,89.1,1193.0,20.0,58.0,1.0,26.0,79.0,4.0,4.0,2015-01-12,37541.0,36020.0,31555.0,26055.0,36673.0,37027.0,40562.0,37341.0,22280.0,224.0,0.086633090193354,0.0660747317795041,2015-01-12,177.60000610351562,11.699999809265137,165.90000915527344,0.6000000000000001,11.8,4.5,0.0,318.90167236328125,31.420000076293945,17.529998779296875,1.7480000257492063,1.569999933242798,1.559999942779541,-2.509999990463257,2015-01-12,60.0,0.0,1.0,126.0,1.0,2015-01-12,89.1,1193.0,20.0,2015-01-12,177.6,2015-01-12,37541.0,36020.0,31555.0,26055.0,0.086633090193354,0.0660747317795041,2015-01-12
-34.065833,20.404167,02-07-2013,0.0,0.0,0.0,-1.0,-1.0,2013-02-07,22.113,263.4,15.0,58.0,1.0,26.0,79.0,4.0,4.0,2013-02-07,37088.0,37690.0,25535.0,19962.0,37691.0,39615.0,39302.0,39690.0,22280.0,224.0,0.1844849336505753,0.192249901146698,2013-02-07,53.400001525878906,22.600000381469727,30.80000114440918,1.2000000000000002,23.6,2.799999952316284,0.0,117.10368347167967,20.510000228881836,7.419999599456787,1.0740000009536743,0.6499999761581421,2.240000009536743,-2.2300000190734863,2013-02-07,60.0,0.0,1.0,126.0,1.0,2013-02-07,22.113,263.4,15.0,2013-02-07,182.3,2013-02-07,37088.0,37690.0,25535.0,19962.0,0.1844849336505753,0.192249901146698,2013-02-07
-34.065833,20.404167,02-09-2014,0.0,0.0,0.0,-1.0,-1.0,2014-02-09,26.395,199.3,20.0,58.0,1.0,26.0,79.0,4.0,4.0,2014-02-09,12387.0,8426.0,9418.0,8261.0,8426.0,7606.0,40840.0,7338.0,21824.0,96.0,0.13616143086448,-0.0555929163864601,2014-02-09,92.20000457763672,18.700000762939453,73.5,1.0,19.6,2.0,0.0,198.898193359375,23.68000030517578,10.09000015258789,1.2630000114440918,0.8299999833106995,1.9499999284744265,-2.25,2014-02-09,60.0,0.0,1.0,126.0,1.0,2014-02-09,26.395,199.3,20.0,2014-02-09,197.5,2014-02-09,12387.0,8426.0,9418.0,8261.0,0.13616143086448,-0.0555929163864601,2014-02-09
-34.065833,20.404167,08-04-2014,0.0,0.0,0.0,-1.0,-1.0,2014-08-04,80.1,822.0,20.0,58.0,1.0,26.0,79.0,4.0,4.0,2014-08-04,18287.0,11877.0,18208.0,15101.0,12142.0,9431.0,43524.0,8930.0,22018.0,224.0,0.0021646800931634,-0.2104370948977889,2014-08-04,83.5,38.79999923706055,44.70000076293945,2.0,40.7,2.6000001430511475,0.0,171.40170288085938,27.0,13.4399995803833,1.5100001096725464,1.059999942779541,1.3399999141693115,-0.1199999973177909,2014-08-04,60.0,0.0,1.0,126.0,1.0,2014-08-04,80.1,822.0,20.0,2014-08-04,178.0,2014-08-04,18287.0,11877.0,18208.0,15101.0,0.0021646800931634,-0.2104370948977889,2014-08-04
-34.065833,20.404167,11-02-2014,0.0,0.0,0.0,-1.0,-1.0,2014-11-02,124.722,822.0,10.0,58.0,1.0,26.0,79.0,4.0,4.0,2014-11-02,18287.0,11877.0,18208.0,15101.0,12142.0,9431.0,43524.0,8930.0,22018.0,224.0,0.0021646800931634,-0.2104370948977889,2014-11-02,159.8000030517578,8.600000381469727,151.1999969482422,0.4,8.9,3.0,0.0,285.6997375488281,31.67999839782715,19.35999870300293,1.996000051498413,1.4800000190734863,2.629999876022339,-0.75,2014-11-02,60.0,0.0,1.0,126.0,1.0,2014-11-02,124.722,822.0,10.0,2014-11-02,178.0,2014-11-02,18287.0,11877.0,18208.0,15101.0,0.0021646800931634,-0.2104370948977889,2014-11-02
-34.065833,20.404167,11-03-2014,0.0,0.0,0.0,-1.0,-1.0,2014-11-03,106.098,822.0,20.0,58.0,1.0,26.0,79.0,4.0,4.0,2014-11-03,18287.0,11877.0,18208.0,15101.0,12142.0,9431.0,43524.0,8930.0,22018.0,224.0,0.0021646800931634,-0.2104370948977889,2014-11-03,132.5,35.400001525878906,97.0999984741211,1.9,37.1,2.799999952316284,0.0,228.10137939453125,28.010000228881836,16.139999389648438,1.7190001010894775,1.100000023841858,2.3499999046325684,0.5799999833106995,2014-11-03,60.0,0.0,1.0,126.0,1.0,2014-11-03,106.098,822.0,20.0,2014-11-03,178.0,2014-11-03,18287.0,11877.0,18208.0,15101.0,0.0021646800931634,-0.2104370948977889,2014-11-03
-34.065833,20.404167,12-02-2013,0.0,0.0,0.0,-1.0,-1.0,2013-12-02,63.46,826.0,10.0,58.0,1.0,26.0,79.0,4.0,4.0,2013-12-02,13132.0,8226.0,9914.0,8743.0,8081.0,7722.0,45498.0,7492.0,21824.0,96.0,0.1396337759264074,-0.0930540242557878,2013-12-02,155.3000030517578,36.5,118.8000030517578,1.9,37.9,4.200000286102295,0.0,283.79620361328125,31.049999237060547,18.260000228881836,1.8650001287460327,1.4499999284744265,2.450000047683716,0.449999988079071,2013-12-02,60.0,0.0,1.0,126.0,1.0,2013-12-02,63.46,826.0,10.0,2013-12-02,182.3,2013-12-02,13132.0,8226.0,9914.0,8743.0,0.1396337759264074,-0.0930540242557878,2013-12-02
-34.065833,20.404167,12-03-2013,0.0,0.0,0.0,-1.0,-1.0,2013-12-03,91.536,1192.0,10.0,58.0,1.0,26.0,79.0,4.0,4.0,2013-12-03,13132.0,8226.0,9914.0,8743.0,8081.0,7722.0,45498.0,7492.0,21824.0,96.0,0.1396337759264074,-0.0930540242557878,2013-12-03,146.8000030517578,13.199999809265137,133.60000610351562,0.7000000000000001,13.5,3.799999952316284,0.0,228.60047912597656,30.670000076293945,16.78999900817871,1.842000126838684,1.329999923706055,2.919999837875366,-0.9799999594688416,2013-12-03,60.0,0.0,1.0,126.0,1.0,2013-12-03,91.536,1192.0,10.0,2013-12-03,182.3,2013-12-03,13132.0,8226.0,9914.0,8743.0,0.1396337759264074,-0.0930540242557878,2013-12-03
-34.039722,22.133333,01-07-2014,0.0,0.0,0.0,-1.0,-1.0,2014-01-07,27.425,379.0,20.0,253.0,0.0,0.0,0.0,0.0,0.0,2014-01-07,19163.5,9078.5,13429.0,10464.5,9002.5,7785.5,40414.5,7441.0,21824.0,160.0,0.175945386208483,-0.1932911251804945,2014-01-07,70.80000305175781,13.100000381469728,57.70000076293945,0.7000000000000001,13.8,1.7000000476837158,0.0,123.30137634277344,21.059999465942383,8.34999942779541,1.0820000171661377,0.7199999690055847,3.4600000381469727,-1.659999966621399,2014-01-07,30.0,0.0,1.0,138.0,1.0,2014-01-07,27.425,379.0,20.0,2014-01-07,152.40001,2014-01-07,19163.5,9078.5,13429.0,10464.5,0.175945386208483,-0.1932911251804945,2014-01-07
-34.039722,22.133333,01-12-2015,0.0,0.0,0.0,-1.0,-1.0,2015-01-12,13.81,231.0,20.0,253.0,0.0,0.0,0.0,0.0,0.0,2015-01-12,21372.5,9387.5,14057.5,10754.0,8770.5,8095.0,44764.5,7836.5,21824.0,96.0,0.206463449054473,-0.1991895926636801,2015-01-12,161.8000030517578,11.800000190734863,150.0,0.6000000000000001,12.4,1.0,0.0,306.2036437988281,27.189998626708984,16.779998779296875,1.908000111579895,0.85999995470047,3.1999998092651367,-1.3700000047683716,2015-01-12,30.0,0.0,1.0,138.0,1.0,2015-01-12,13.81,231.0,20.0,2015-01-12,161.8,2015-01-12,21372.5,9387.5,14057.5,10754.0,0.206463449054473,-0.1991895926636801,2015-01-12
-34.039722,22.133333,02-04-2014,0.0,0.0,0.0,-1.0,-1.0,2014-02-04,18.868,265.6,20.0,253.0,0.0,0.0,0.0,0.0,0.0,2014-02-04,19658.5,9343.0,14190.0,10967.5,9087.5,7966.0,44416.0,7592.5,21824.0,160.0,0.1615581192667321,-0.205966090171248,2014-02-04,83.0999984741211,65.0999984741211,18.0,3.4000000000000004,68.4,1.899999976158142,0.0,166.80108642578125,24.529998779296875,13.229999542236328,1.5870001316070557,0.7199999690055847,2.419999837875366,1.0299999713897705,2014-02-04,30.0,0.0,1.0,138.0,1.0,2014-02-04,18.868,265.6,20.0,2014-02-04,152.40001,2014-02-04,19658.5,9343.0,14190.0,10967.5,0.1615581192667321,-0.205966090171248,2014-02-04
-34.039722,22.133333,02-09-2014,0.0,0.0,0.0,-1.0,-1.0,2014-02-09,24.801,347.6,20.0,253.0,0.0,0.0,0.0,0.0,0.0,2014-02-09,18130.5,9203.0,14148.5,10749.5,8927.5,8000.5,43282.0,7663.0,21824.0,160.0,0.1233619381021713,-0.2117851101642283,2014-02-09,94.5999984741211,37.20000076293945,57.400001525878906,2.0,39.1,1.600000023841858,0.0,195.4023895263672,22.5,10.579999923706056,1.3250000476837158,0.6800000071525574,3.0399999618530273,-2.1499998569488525,2014-02-09,30.0,0.0,1.0,138.0,1.0,2014-02-09,24.801,347.6,20.0,2014-02-09,166.90001,2014-02-09,18130.5,9203.0,14148.5,10749.5,0.1233619381021713,-0.2117851101642283,2014-02-09
-34.039722,22.133333,03-05-2014,0.0,0.0,0.0,-1.0,-1.0,2014-03-05,31.803,351.5,20.0,253.0,0.0,0.0,0.0,0.0,0.0,2014-03-05,19677.0,9221.0,13359.5,10232.0,8945.0,7833.0,41824.5,7456.5,21824.0,96.0,0.191227884309778,-0.1832776067846142,2014-03-05,80.5,23.600000381469727,56.900001525878906,1.2000000000000002,24.8,1.8000000715255735,0.0,129.4025421142578,23.479999542236328,12.019999504089355,1.3830000162124634,0.7699999809265137,3.7200000286102295,-0.4799999892711639,2014-03-05,30.0,0.0,1.0,138.0,1.0,2014-03-05,31.803,351.5,20.0,2014-03-05,152.40001,2014-03-05,19677.0,9221.0,13359.5,10232.0,0.191227884309778,-0.1832776067846142,2014-03-05
-34.039722,22.133333,03-07-2013,0.0,0.0,0.0,-1.0,-1.0,2013-03-07,26.634,355.9,10.0,253.0,0.0,0.0,0.0,0.0,0.0,2013-03-07,17906.0,8984.5,13911.0,10773.0,8954.0,7955.5,40690.5,7695.5,21824.0,96.0,0.1255618065813869,-0.2151732873272031,2013-03-07,70.4000015258789,21.700000762939453,48.70000076293945,1.1,22.700000000000003,3.0,0.0,118.40127563476562,21.61999893188477,9.34000015258789,1.1410000324249268,0.75,3.4600000381469727,-2.809999942779541,2013-03-07,30.0,0.0,1.0,138.0,1.0,2013-03-07,26.634,355.9,10.0,2013-03-07,153.90001,2013-03-07,17906.0,8984.5,13911.0,10773.0,0.1255618065813869,-0.2151732873272031,2013-03-07
-34.039722,22.133333,03-12-2014,0.0,0.0,0.0,-1.0,-1.0,2014-03-12,22.206,240.7,20.0,253.0,0.0,0.0,0.0,0.0,0.0,2014-03-12,20396.5,9620.0,14787.5,11160.5,9184.5,7985.0,45068.0,7661.0,21824.0,160.0,0.1594190541155065,-0.211717709720372,2014-03-12,152.40000915527344,20.80000114440918,131.60000610351562,1.1,21.8,1.399999976158142,0.0,292.40277099609375,25.88999938964844,15.5,1.812000036239624,0.75,3.7300000190734863,-2.0199999809265137,2014-03-12,30.0,0.0,1.0,138.0,1.0,2014-03-12,22.206,240.7,20.0,2014-03-12,166.90001,2014-03-12,20396.5,9620.0,14787.5,11160.5,0.1594190541155065,-0.211717709720372,2014-03-12
-34.039722,22.133333,04-06-2013,0.0,0.0,0.0,-1.0,-1.0,2013-04-06,21.806,323.0,16.0,253.0,0.0,0.0,0.0,0.0,0.0,2013-04-06,17906.0,8984.5,13911.0,10773.0,8954.0,7955.5,40690.5,7695.5,21824.0,96.0,0.1255618065813869,-0.2151732873272031,2013-04-06,62.79999923706055,29.100000381469727,33.70000076293945,1.5,30.4,3.200000047683716,0.0,114.79684448242188,20.579999923706055,8.130000114440918,1.1290000677108765,0.6299999952316284,3.569999933242798,-2.6399998664855957,2013-04-06,30.0,0.0,1.0,138.0,1.0,2013-04-06,21.806,323.0,16.0,2013-04-06,153.90001,2013-04-06,17906.0,8984.5,13911.0,10773.0,0.1255618065813869,-0.2151732873272031,2013-04-06
-34.039722,22.133333,04-08-2015,0.0,0.0,0.0,-1.0,-1.0,2015-04-08,19.421,294.2,20.0,253.0,0.0,0.0,0.0,0.0,0.0,2015-04-08,18736.0,9442.5,14549.0,11396.5,9295.5,8043.0,41992.0,7668.5,21824.0,96.0,0.1257923989785184,-0.2128462163682962,2015-04-08,70.30000305175781,27.100000381469727,43.20000076293945,1.4,28.5,1.100000023841858,0.0,147.10324096679688,19.189998626708984,7.599999904632568,1.040000081062317,0.5999999642372131,2.700000047683716,-1.569999933242798,2015-04-08,30.0,0.0,1.0,138.0,1.0,2015-04-08,19.421,294.2,20.0,2015-04-08,161.8,2015-04-08,18736.0,9442.5,14549.0,11396.5,0.1257923989785184,-0.2128462163682962,2015-04-08
-34.039722,22.133333,04-11-2014,0.0,0.0,0.0,-1.0,-1.0,2014-04-11,38.43,320.1,20.0,253.0,0.0,0.0,0.0,0.0,0.0,2014-04-11,19604.0,9423.0,14187.0,11015.5,9001.5,7974.5,43980.5,7670.5,21824.0,224.0,0.1603089580065693,-0.2017789072426929,2014-04-11,126.9000015258789,59.900001525878906,67.0,3.1,63.0,1.5,0.0,269.39971923828125,23.15999984741211,13.449999809265137,1.630000114440918,0.5699999928474426,4.069999694824219,-2.0,2014-04-11,30.0,0.0,1.0,138.0,1.0,2014-04-11,38.43,320.1,20.0,2014-04-11,166.90001,2014-04-11,19604.0,9423.0,14187.0,11015.5,0.1603089580065693,-0.2017789072426929,2014-04-11
-34.039722,22.133333,04-12-2013,0.0,0.0,0.0,-1.0,-1.0,2013-04-12,13.266,195.69,10.0,253.0,0.0,0.0,0.0,0.0,0.0,2013-04-12,21217.0,13382.0,17035.5,14121.5,13971.0,11080.5,37044.5,11163.5,22280.0,224.0,0.109313116789752,-0.120111777759513,2013-04-12,153.90000915527344,11.0,142.90000915527344,0.6000000000000001,11.4,2.299999952316284,0.0,299.1029968261719,25.76999855041504,15.920000076293944,1.856000065803528,0.7199999690055847,3.7899999618530273,-1.7999999523162842,2013-04-12,30.0,0.0,1.0,138.0,1.0,2013-04-12,13.266,195.69,10.0,2013-04-12,150.2,2013-04-12,21217.0,13382.0,17035.5,14121.5,0.109313116789752,-0.120111777759513,2013-04-12
-34.039722,22.133333,05-08-2014,0.0,0.0,0.0,-1.0,-1.0,2014-05-08,33.483,409.0,20.0,253.0,0.0,0.0,0.0,0.0,0.0,2014-05-08,17941.5,9302.0,13862.5,10995.5,8972.5,8024.0,42779.0,7728.5,21824.0,224.0,0.1282543076342594,-0.1968745278335375,2014-05-08,78.30000305175781,20.0,58.29999923706055,1.0,21.0,1.600000023841858,0.0,162.29940795898438,21.19999885559082,9.739999771118164,1.2390000820159912,0.6299999952316284,3.3299999237060547,-2.2300000190734863,2014-05-08,30.0,0.0,1.0,138.0,1.0,2014-05-08,33.483,409.0,20.0,2014-05-08,166.90001,2014-05-08,17941.5,9302.0,13862.5,10995.5,0.1282543076342594,-0.1968745278335375,2014-05-08
-34.039722,22.133333,06-10-2015,0.0,0.0,0.0,-1.0,-1.0,2015-06-10,21.217,288.8,20.0,253.0,0.0,0.0,0.0,0.0,0.0,2015-06-10,22169.5,10693.5,13921.0,11301.5,10115.0,8453.5,42342.0,7800.5,54596.0,224.0,0.2285504495642891,-0.1311218996932697,2015-06-10,125.5,19.399999618530273,106.0999984741211,1.0,20.4,1.100000023841858,0.0,248.8994598388672,24.18000030517578,13.630000114440918,1.5810000896453855,0.7199999690055847,3.419999837875366,-1.4199999570846558,2015-06-10,30.0,0.0,1.0,138.0,1.0,2015-06-10,21.217,288.8,20.0,2015-06-10,161.8,2015-06-10,22169.5,10693.5,13921.0,11301.5,0.2285504495642891,-0.1311218996932697,2015-06-10
-34.039722,22.133333,07-10-2014,0.0,0.0,0.0,-1.0,-1.0,2014-07-10,21.105,264.8,20.0,253.0,0.0,0.0,0.0,0.0,0.0,2014-07-10,18947.5,9580.5,14939.0,11453.0,9321.0,8146.5,43711.5,7779.5,21824.0,96.0,0.118291945169905,-0.2185403454393433,2014-07-10,128.8000030517578,5.400000095367432,123.4000015258789,0.3,5.7,1.5,0.0,247.50144958496097,24.11999893188477,12.679999351501465,1.5140000581741333,0.7299999594688416,4.019999980926514,-3.0399999618530273,2014-07-10,30.0,0.0,1.0,138.0,1.0,2014-07-10,21.105,264.8,20.0,2014-07-10,166.90001,2014-07-10,18947.5,9580.5,14939.0,11453.0,0.118291945169905,-0.2185403454393433,2014-07-10
-34.039722,22.133333,08-04-2015,0.0,0.0,0.0,-1.0,-1.0,2015-08-04,10.39,158.7,20.0,253.0,0.0,0.0,0.0,0.0,0.0,2015-08-04,18567.5,9162.0,14109.5,10748.5,8834.5,7926.5,43720.5,7632.0,21824.0,96.0,0.1364262325182846,-0.2125991019057636,2015-08-04,82.20000457763672,42.70000076293945,39.5,2.2,44.900000000000006,1.3000000715255735,0.0,173.8033447265625,23.36999893188477,12.619999885559082,1.5980000495910645,0.5799999833106995,2.75,-2.700000047683716,2015-08-04,30.0,0.0,1.0,138.0,1.0,2015-08-04,10.39,158.7,20.0,2015-08-04,161.8,2015-08-04,18567.5,9162.0,14109.5,10748.5,0.1364262325182846,-0.2125991019057636,2015-08-04
-34.039722,22.133333,08-05-2014,0.0,0.0,0.0,-1.0,-1.0,2014-08-05,28.354,262.2,20.0,253.0,0.0,0.0,0.0,0.0,0.0,2014-08-05,19677.0,9221.0,13359.5,10232.0,8945.0,7833.0,41824.5,7456.5,21824.0,96.0,0.191227884309778,-0.1832776067846142,2014-08-05,80.5,23.600000381469727,56.900001525878906,1.2000000000000002,24.8,1.8000000715255735,0.0,129.4025421142578,23.479999542236328,12.019999504089355,1.3830000162124634,0.7699999809265137,3.7200000286102295,-0.4799999892711639,2014-08-05,30.0,0.0,1.0,138.0,1.0,2014-08-05,28.354,262.2,20.0,2014-08-05,152.40001,2014-08-05,19677.0,9221.0,13359.5,10232.0,0.191227884309778,-0.1832776067846142,2014-08-05
-34.039722,22.133333,08-07-2015,0.0,0.0,0.0,-1.0,-1.0,2015-08-07,22.042,347.0,20.0,253.0,0.0,0.0,0.0,0.0,0.0,2015-08-07,18090.0,9093.5,13198.0,9984.5,9058.0,7660.5,40891.5,7282.5,21824.0,160.0,0.1563538736895929,-0.1841284794652662,2015-08-07,61.900001525878906,53.0,8.90000057220459,2.8000000000000003,55.7,1.2000000476837158,0.0,106.00169372558594,19.63999938964844,8.9399995803833,1.087000012397766,0.6299999952316284,3.129999876022339,-1.2999999523162842,2015-08-07,30.0,0.0,1.0,138.0,1.0,2015-08-07,22.042,347.0,20.0,2015-08-07,161.8,2015-08-07,18090.0,9093.5,13198.0,9984.5,0.1563538736895929,-0.1841284794652662,2015-08-07
-34.039722,22.133333,10-02-2015,0.0,0.0,0.0,-1.0,-1.0,2015-10-02,52.152,402.0,20.0,253.0,0.0,0.0,0.0,0.0,0.0,2015-10-02,21098.0,9586.5,15961.5,11862.0,9378.0,8106.0,45525.5,7774.0,23888.0,160.0,0.1386014382277145,-0.2495302959135734,2015-10-02,128.5,17.100000381469727,111.4000015258789,0.9,17.900000000000002,1.3000000715255735,0.0,272.2987365722656,26.1299991607666,15.619999885559082,1.8450000286102295,0.75,2.9800000190734863,-2.509999990463257,2015-10-02,30.0,0.0,1.0,138.0,1.0,2015-10-02,52.152,402.0,20.0,2015-10-02,161.8,2015-10-02,21098.0,9586.5,15961.5,11862.0,0.1386014382277145,-0.2495302959135734,2015-10-02
-34.031944,22.053333,01-07-2014,0.0,0.0,0.0,-1.0,-1.0,2014-01-07,23.778,413.0,20.0,253.0,0.0,0.0,0.0,0.0,0.0,2014-01-07,9139.0,7717.0,8106.0,7780.0,7558.0,7373.0,39820.0,7281.0,21824.0,160.0,0.0599014207016523,-0.0245844656512669,2014-01-07,71.0999984741211,13.0,58.10000228881836,0.7000000000000001,13.7,1.600000023841858,0.0,123.5981903076172,20.8799991607666,7.87999963760376,1.0460000038146973,0.7299999594688416,3.4700000286102295,-1.649999976158142,2014-01-07,120.0,0.0,1.0,130.0,1.0,2014-01-07,23.778,413.0,20.0,2014-01-07,153.90001,2014-01-07,9139.0,7717.0,8106.0,7780.0,0.0599014207016523,-0.0245844656512669,2014-01-07
-34.031944,22.053333,01-12-2015,0.0,0.0,0.0,-1.0,-1.0,2015-01-12,12.717,274.7,20.0,253.0,0.0,0.0,0.0,0.0,0.0,2015-01-12,14096.0,8698.0,12455.0,10142.0,8731.0,7769.0,45130.0,7409.0,21824.0,96.0,0.0618055817106698,-0.1776107407932672,2015-01-12,162.6999969482422,11.600000381469728,151.10000610351562,0.6000000000000001,12.2,1.0,0.0,307.0023498535156,27.35999870300293,16.420000076293945,1.8670001029968264,0.8999999761581421,2.9800000190734863,-1.4399999380111694,2015-01-12,120.0,0.0,1.0,130.0,1.0,2015-01-12,12.717,274.7,20.0,2015-01-12,162.7,2015-01-12,14096.0,8698.0,12455.0,10142.0,0.0618055817106698,-0.1776107407932672,2015-01-12
-34.031944,22.053333,02-04-2014,0.0,0.0,0.0,-1.0,-1.0,2014-02-04,36.688,326.7,20.0,253.0,0.0,0.0,0.0,0.0,0.0,2014-02-04,11127.0,8105.0,10374.0,8542.0,8018.0,7515.0,44317.0,7372.0,21824.0,160.0,0.0350216269010742,-0.1227880296552837,2014-02-04,84.0999984741211,63.0,21.100000381469727,3.3000000000000003,66.2,1.8000000715255735,0.0,167.4029541015625,24.63999938964844,12.829999923706056,1.5490000247955322,0.75,2.3899998664855957,1.0099999904632568,2014-02-04,120.0,0.0,1.0,130.0,1.0,2014-02-04,36.688,326.7,20.0,2014-02-04,153.90001,2014-02-04,11127.0,8105.0,10374.0,8542.0,0.0350216269010742,-0.1227880296552837,2014-02-04
-34.031944,22.053333,02-07-2013,0.0,0.0,0.0,-1.0,-1.0,2013-02-07,22.785,396.0,10.0,253.0,0.0,0.0,0.0,0.0,0.0,2013-02-07,8999.0,7932.0,8881.0,8263.0,7817.0,7677.0,40937.0,7666.0,21824.0,96.0,0.0065995525727068,-0.0564444180098729,2013-02-07,70.80000305175781,20.899999618530273,49.900001525878906,1.1,21.8,2.799999952316284,0.0,118.89787292480467,21.439998626708984,8.859999656677246,1.1030000448226929,0.75,3.4700000286102295,-2.7699999809265137,2013-02-07,120.0,0.0,1.0,130.0,1.0,2013-02-07,22.785,396.0,10.0,2013-02-07,155.7,2013-02-07,8999.0,7932.0,8881.0,8263.0,0.0065995525727068,-0.0564444180098729,2013-02-07
-34.031944,22.053333,02-09-2014,0.0,0.0,0.0,-1.0,-1.0,2014-02-09,17.352,389.0,20.0,253.0,0.0,0.0,0.0,0.0,0.0,2014-02-09,10949.0,8106.0,10058.0,9048.0,8149.0,7532.0,43114.0,7407.0,21824.0,160.0,0.0424144332841431,-0.1074653160096889,2014-02-09,96.3000030517578,34.0,62.29999923706055,1.8,35.7,1.5,0.0,195.19625854492188,22.510000228881836,10.1899995803833,1.2860000133514404,0.7099999785423279,3.129999876022339,-2.15999984741211,2014-02-09,120.0,0.0,1.0,130.0,1.0,2014-02-09,17.352,389.0,20.0,2014-02-09,168.5,2014-02-09,10949.0,8106.0,10058.0,9048.0,0.0424144332841431,-0.1074653160096889,2014-02-09
-34.031944,22.053333,02-09-2015,0.0,0.0,0.0,-1.0,-1.0,2015-02-09,12.101,287.2,20.0,253.0,0.0,0.0,0.0,0.0,0.0,2015-02-09,10938.0,8238.0,9833.0,8800.0,8061.0,7665.0,42521.0,7556.0,21824.0,160.0,0.0531991719223915,-0.0882629627580095,2015-02-09,90.0999984741211,58.29999923706055,31.80000114440918,3.1,61.3,1.100000023841858,0.0,181.09780883789065,21.75,10.539999961853027,1.2790000438690186,0.6699999570846558,3.2799999713897705,-0.9300000071525574,2015-02-09,120.0,0.0,1.0,130.0,1.0,2015-02-09,12.101,287.2,20.0,2015-02-09,162.7,2015-02-09,10938.0,8238.0,9833.0,8800.0,0.0531991719223915,-0.0882629627580095,2015-02-09
-34.031944,22.053333,03-05-2014,0.0,0.0,0.0,-1.0,-1.0,2014-03-05,22.794,373.0,20.0,253.0,0.0,0.0,0.0,0.0,0.0,2014-03-05,9988.0,7889.0,8707.0,8210.0,7722.0,7378.0,41544.0,7229.0,21824.0,96.0,0.068520994918427,-0.0492889852976618,2014-03-05,79.5,23.399999618530273,56.10000228881836,1.2000000000000002,24.6,1.7000000476837158,0.0,129.30360412597656,23.350000381469727,11.609999656677246,1.340000033378601,0.7899999618530273,3.509999990463257,-0.4899999797344208,2014-03-05,120.0,0.0,1.0,130.0,1.0,2014-03-05,22.794,373.0,20.0,2014-03-05,153.90001,2014-03-05,9988.0,7889.0,8707.0,8210.0,0.068520994918427,-0.0492889852976618,2014-03-05
-34.031944,22.053333,03-11-2015,0.0,0.0,0.0,-1.0,-1.0,2015-03-11,12.91,254.2,20.0,253.0,0.0,0.0,0.0,0.0,0.0,2015-03-11,14018.0,8673.0,12124.0,10037.0,8519.0,7805.0,44836.0,7641.0,21824.0,160.0,0.0724504628567054,-0.1659373948165593,2015-03-11,134.40000915527344,46.900001525878906,87.5,2.5,49.400000000000006,1.0,0.0,278.50103759765625,23.65999984741211,12.81999969482422,1.533000111579895,0.6800000071525574,3.259999990463257,-0.9899999499320984,2015-03-11,120.0,0.0,1.0,130.0,1.0,2015-03-11,12.91,254.2,20.0,2015-03-11,162.7,2015-03-11,14018.0,8673.0,12124.0,10037.0,0.0724504628567054,-0.1659373948165593,2015-03-11
-34.031944,22.053333,04-08-2015,0.0,0.0,0.0,-1.0,-1.0,2015-04-08,21.998,418.0,20.0,253.0,0.0,0.0,0.0,0.0,0.0,2015-04-08,9544.0,7758.0,8592.0,8052.0,7663.0,7295.0,41832.0,7212.0,21824.0,96.0,0.0524922805469781,-0.0510091743119262,2015-04-08,69.80000305175781,26.399999618530273,43.400001525878906,1.4,27.8,1.100000023841858,0.0,147.10324096679688,19.15999984741211,7.170000076293945,1.0080000162124634,0.6100000143051147,2.549999952316284,-1.6799999475479126,2015-04-08,120.0,0.0,1.0,130.0,1.0,2015-04-08,21.998,418.0,20.0,2015-04-08,162.7,2015-04-08,9544.0,7758.0,8592.0,8052.0,0.0524922805469781,-0.0510091743119262,2015-04-08
-34.031944,22.053333,04-12-2014,0.0,0.0,0.0,-1.0,-1.0,2014-04-12,10.0,216.4,20.0,253.0,0.0,0.0,0.0,0.0,0.0,2014-04-12,13467.0,8832.0,12703.0,10440.0,8671.0,7989.0,45146.0,7801.0,21824.0,96.0,0.0291937332823843,-0.179753889017877,2014-04-12,153.90000915527344,19.30000114440918,134.60000610351562,1.0,20.200000000000003,1.3000000715255735,0.0,293.4004211425781,26.059999465942383,15.15999984741211,1.77400004863739,0.7899999618530273,3.5199999809265137,-2.049999952316284,2014-04-12,120.0,0.0,1.0,130.0,1.0,2014-04-12,10.0,216.4,20.0,2014-04-12,168.5,2014-04-12,13467.0,8832.0,12703.0,10440.0,0.0291937332823843,-0.179753889017877,2014-04-12
-34.031944,22.053333,05-08-2014,0.0,0.0,0.0,-1.0,-1.0,2014-05-08,22.011,464.0,20.0,253.0,0.0,0.0,0.0,0.0,0.0,2014-05-08,10794.0,8415.0,9522.0,8616.0,8212.0,7684.0,42369.0,7493.0,21824.0,224.0,0.0626107501476665,-0.0617160060210734,2014-05-08,78.0,19.80000114440918,58.20000076293945,1.0,20.8,1.5,0.0,162.29940795898438,21.13999938964844,9.300000190734863,1.201000094413757,0.6499999761581421,3.179999828338623,-2.2200000286102295,2014-05-08,120.0,0.0,1.0,130.0,1.0,2014-05-08,22.011,464.0,20.0,2014-05-08,168.5,2014-05-08,10794.0,8415.0,9522.0,8616.0,0.0626107501476665,-0.0617160060210734,2014-05-08
-34.031944,22.053333,06-10-2015,0.0,0.0,0.0,-1.0,-1.0,2015-06-10,17.352,351.0,20.0,253.0,0.0,0.0,0.0,0.0,0.0,2015-06-10,10708.0,8036.0,9522.0,8719.0,8032.0,7327.0,42205.0,7037.0,23888.0,160.0,0.0586258032624811,-0.0846337851691532,2015-06-10,125.9000015258789,18.200000762939453,107.70000457763672,1.0,19.1,1.0,0.0,249.29881286621097,24.19999885559082,13.369999885559082,1.537000060081482,0.75,3.18999981880188,-1.5299999713897705,2015-06-10,120.0,0.0,1.0,130.0,1.0,2015-06-10,17.352,351.0,20.0,2015-06-10,162.7,2015-06-10,10708.0,8036.0,9522.0,8719.0,0.0586258032624811,-0.0846337851691532,2015-06-10
-34.031944,22.053333,07-07-2015,0.0,0.0,0.0,-1.0,-1.0,2015-07-07,30.74,421.0,21.0,253.0,0.0,0.0,0.0,0.0,0.0,2015-07-07,8775.0,7639.0,7981.0,7665.0,7444.0,7339.0,40017.0,7221.0,21824.0,96.0,0.0473860109811408,-0.0218950064020485,2015-07-07,62.400001525878906,50.70000076293945,11.699999809265137,2.7,53.400000000000006,1.100000023841858,0.0,106.59666442871094,19.469999313354492,8.460000038146973,1.0509999990463257,0.6399999856948853,3.1399998664855957,-1.4199999570846558,2015-07-07,120.0,0.0,1.0,130.0,1.0,2015-07-07,30.74,421.0,21.0,2015-07-07,162.7,2015-07-07,8775.0,7639.0,7981.0,7665.0,0.0473860109811408,-0.0218950064020485,2015-07-07
-34.031944,22.053333,07-10-2014,0.0,0.0,0.0,-1.0,-1.0,2014-07-10,28.167,416.0,20.0,253.0,0.0,0.0,0.0,0.0,0.0,2014-07-10,12206.0,8316.0,11264.0,9719.0,8383.0,7651.0,42986.0,7326.0,21824.0,96.0,0.0401363442692797,-0.1505617977528082,2014-07-10,129.8000030517578,5.099999904632568,124.70000457763672,0.3,5.300000000000001,1.399999976158142,0.0,248.2022705078125,24.170000076293945,12.399999618530272,1.4720001220703125,0.7599999904632568,3.7799999713897705,-3.0299999713897705,2014-07-10,120.0,0.0,1.0,130.0,1.0,2014-07-10,28.167,416.0,20.0,2014-07-10,168.5,2014-07-10,12206.0,8316.0,11264.0,9719.0,0.0401363442692797,-0.1505617977528082,2014-07-10
-34.031944,22.053333,08-04-2015,0.0,0.0,0.0,-1.0,-1.0,2015-08-04,17.458,290.4,20.0,253.0,0.0,0.0,0.0,0.0,0.0,2015-08-04,11009.0,8027.0,10341.0,8812.0,7978.0,7525.0,43380.0,7411.0,21824.0,96.0,0.0312880562060888,-0.1259799651567937,2015-08-04,83.5999984741211,39.900001525878906,43.70000076293945,2.1,41.900000000000006,1.2000000476837158,0.0,174.6998748779297,23.489999771118164,12.229999542236328,1.559000015258789,0.6100000143051147,2.7200000286102295,-2.809999942779541,2015-08-04,120.0,0.0,1.0,130.0,1.0,2015-08-04,17.458,290.4,20.0,2015-08-04,162.7,2015-08-04,11009.0,8027.0,10341.0,8812.0,0.0312880562060888,-0.1259799651567937,2015-08-04
-34.031944,22.053333,08-05-2014,0.0,0.0,0.0,-1.0,-1.0,2014-08-05,19.724,282.3,20.0,253.0,0.0,0.0,0.0,0.0,0.0,2014-08-05,9988.0,7889.0,8707.0,8210.0,7722.0,7378.0,41544.0,7229.0,21824.0,96.0,0.068520994918427,-0.0492889852976618,2014-08-05,79.5,23.399999618530273,56.10000228881836,1.2000000000000002,24.6,1.7000000476837158,0.0,129.30360412597656,23.350000381469727,11.609999656677246,1.340000033378601,0.7899999618530273,3.509999990463257,-0.4899999797344208,2014-08-05,120.0,0.0,1.0,130.0,1.0,2014-08-05,19.724,282.3,20.0,2014-08-05,153.90001,2014-08-05,9988.0,7889.0,8707.0,8210.0,0.068520994918427,-0.0492889852976618,2014-08-05
-34.02861,22.22222,02-12-2015,0.0,0.0,0.0,-1.0,-1.0,2015-02-12,16.426,295.2,20.0,253.0,0.0,0.0,0.0,0.0,0.0,2015-02-12,18050.0,8700.0,12112.0,9584.0,8322.0,7860.0,44255.5,7726.5,21824.0,96.0,0.1968702340693581,-0.1639438785316156,2015-02-12,159.1999969482422,12.699999809265137,146.5,0.7000000000000001,13.3,1.100000023841858,0.0,306.3014221191406,26.75,16.549999237060547,1.90500009059906,0.7999999523162842,3.359999895095825,-1.350000023841858,2015-02-12,60.0,0.0,1.0,123.0,1.0,2015-02-12,16.426,295.2,20.0,2015-02-12,159.2,2015-02-12,18050.0,8700.0,12112.0,9584.0,0.1968702340693581,-0.1639438785316156,2015-02-12
-34.02861,22.22222,03-04-2014,0.0,0.0,0.0,-1.0,-1.0,2014-03-04,12.548,224.9,20.0,253.0,0.0,0.0,0.0,0.0,0.0,2014-03-04,15495.0,8608.5,11472.0,9349.5,8170.0,7716.5,43991.0,7523.0,21824.0,160.0,0.1491823339637329,-0.1426010308508247,2014-03-04,83.70000457763672,67.20000457763672,16.5,3.5,70.7,2.0,0.0,166.60321044921875,24.149999618530273,13.049999237060549,1.5790001153945925,0.6899999976158142,2.740000009536743,1.0299999713897705,2014-03-04,60.0,0.0,1.0,123.0,1.0,2014-03-04,12.548,224.9,20.0,2014-03-04,149.2,2014-03-04,15495.0,8608.5,11472.0,9349.5,0.1491823339637329,-0.1426010308508247,2014-03-04
-34.02861,22.22222,03-07-2013,0.0,0.0,0.0,-1.0,-1.0,2013-03-07,114.819,256.7,10.0,253.0,0.0,0.0,0.0,0.0,0.0,2013-03-07,16114.5,8796.0,13105.0,10491.5,8610.5,7806.0,40869.5,7651.0,21824.0,96.0,0.1029962867263296,-0.1967490068946614,2013-03-07,70.5,23.200000762939453,47.29999923706055,1.2000000000000002,24.200000000000003,3.200000047683716,0.0,117.800537109375,21.399999618530273,9.429999351501465,1.128000020980835,0.7400000095367432,3.490000009536743,-2.7699999809265137,2013-03-07,60.0,0.0,1.0,123.0,1.0,2013-03-07,114.819,256.7,10.0,2013-03-07,150.40001,2013-03-07,16114.5,8796.0,13105.0,10491.5,0.1029962867263296,-0.1967490068946614,2013-03-07
-34.02861,22.22222,03-12-2014,0.0,0.0,0.0,-1.0,-1.0,2014-03-12,23.349,274.1,20.0,253.0,0.0,0.0,0.0,0.0,0.0,2014-03-12,16815.0,8770.0,11917.5,9744.5,8406.5,7870.5,43933.0,7716.0,21824.0,160.0,0.1704515792221346,-0.1521450151057394,2014-03-12,149.1999969482422,23.600000381469727,125.5999984741211,1.2000000000000002,24.8,1.5,0.0,292.501708984375,25.44999885559082,15.25,1.8070000410079956,0.699999988079071,3.879999876022339,-1.9900000095367432,2014-03-12,60.0,0.0,1.0,123.0,1.0,2014-03-12,23.349,274.1,20.0,2014-03-12,164.3,2014-03-12,16815.0,8770.0,11917.5,9744.5,0.1704515792221346,-0.1521450151057394,2014-03-12
-34.02861,22.22222,04-06-2014,0.0,0.0,0.0,-1.0,-1.0,2014-04-06,13.101,223.1,20.0,253.0,0.0,0.0,0.0,0.0,0.0,2014-04-06,16651.5,8631.5,12032.0,9689.5,8384.5,7820.0,40478.0,7615.0,21824.0,160.0,0.1610507783220312,-0.1645655382679596,2014-04-06,75.0,28.30000114440918,46.70000076293945,1.5,29.700000000000003,1.8000000715255735,0.0,116.90338134765624,21.260000228881836,8.619999885559082,1.065000057220459,0.7599999904632568,4.069999694824219,-1.079999923706055,2014-04-06,60.0,0.0,1.0,123.0,1.0,2014-04-06,13.101,223.1,20.0,2014-04-06,149.2,2014-04-06,16651.5,8631.5,12032.0,9689.5,0.1610507783220312,-0.1645655382679596,2014-04-06
-34.02861,22.22222,04-11-2015,0.0,0.0,0.0,-1.0,-1.0,2015-04-11,10.0,261.8,20.0,253.0,0.0,0.0,0.0,0.0,0.0,2015-04-11,17753.5,8684.0,11847.0,9394.0,8236.0,7718.0,43567.0,7564.5,21824.0,160.0,0.1995405483015483,-0.1540597145779545,2015-04-11,130.5,56.400001525878906,74.0999984741211,3.0,59.400000000000006,1.100000023841858,0.0,277.4007568359375,23.06999969482422,12.799999237060549,1.562000036239624,0.5999999642372131,3.899999856948853,-0.8499999642372131,2015-04-11,60.0,0.0,1.0,123.0,1.0,2015-04-11,10.0,261.8,20.0,2015-04-11,159.2,2015-04-11,17753.5,8684.0,11847.0,9394.0,0.1995405483015483,-0.1540597145779545,2015-04-11
-34.02861,22.22222,05-04-2013,0.0,0.0,0.0,-1.0,-1.0,2013-05-04,15.408,229.1,10.0,253.0,0.0,0.0,0.0,0.0,0.0,2013-05-04,14796.0,8706.5,12336.5,9712.0,8422.0,7794.5,43095.5,7632.5,21824.0,96.0,0.0906477471666817,-0.1725039205436479,2013-05-04,88.5,22.0,66.5,1.1,22.700000000000003,4.099999904632568,0.0,173.7972412109375,23.549999237060547,11.449999809265137,1.4660000801086426,0.6699999570846558,3.129999876022339,-2.1399998664855957,2013-05-04,60.0,0.0,1.0,123.0,1.0,2013-05-04,15.408,229.1,10.0,2013-05-04,150.40001,2013-05-04,14796.0,8706.5,12336.5,9712.0,0.0906477471666817,-0.1725039205436479,2013-05-04
-34.02861,22.22222,05-06-2013,0.0,0.0,0.0,-1.0,-1.0,2013-05-06,118.76,717.0,10.0,253.0,0.0,0.0,0.0,0.0,0.0,2013-05-06,16114.5,8796.0,13105.0,10491.5,8610.5,7806.0,40869.5,7651.0,21824.0,96.0,0.1029962867263296,-0.1967490068946614,2013-05-06,65.20000457763672,29.80000114440918,35.400001525878906,1.6,31.0,3.5,0.0,115.19734191894533,20.270000457763672,8.220000267028809,1.118000030517578,0.6200000047683716,3.9599997997283936,-2.609999895095825,2013-05-06,60.0,0.0,1.0,123.0,1.0,2013-05-06,118.76,717.0,10.0,2013-05-06,150.40001,2013-05-06,16114.5,8796.0,13105.0,10491.5,0.1029962867263296,-0.1967490068946614,2013-05-06
-34.02861,22.22222,05-08-2015,0.0,0.0,0.0,-1.0,-1.0,2015-05-08,16.946,328.0,20.0,253.0,0.0,0.0,0.0,0.0,0.0,2015-05-08,15917.0,8560.0,12068.0,9742.5,8374.0,7754.5,42126.0,7536.5,21824.0,96.0,0.1375379667679108,-0.1700601124684886,2015-05-08,70.30000305175781,29.0,41.29999923706055,1.5,30.5,1.2000000476837158,0.0,146.00296020507812,18.850000381469727,7.569999694824219,1.027999997138977,0.5899999737739563,2.799999952316284,-1.5099999904632568,2015-05-08,60.0,0.0,1.0,123.0,1.0,2015-05-08,16.946,328.0,20.0,2015-05-08,159.2,2015-05-08,15917.0,8560.0,12068.0,9742.5,0.1375379667679108,-0.1700601124684886,2015-05-08
-34.02861,22.22222,07-10-2015,0.0,0.0,0.0,-1.0,-1.0,2015-07-10,10.0,266.8,20.0,253.0,0.0,0.0,0.0,0.0,0.0,2015-07-10,12712.0,8184.0,9802.0,8665.5,7918.5,7600.0,41036.0,7452.0,21824.0,160.0,0.1292529093008788,-0.0899588568886907,2015-07-10,124.0999984741211,22.700000762939453,101.4000015258789,1.2000000000000002,23.8,1.100000023841858,0.0,248.40228271484375,23.75,13.389999389648438,1.562000036239624,0.6800000071525574,3.629999876022339,-1.3700000047683716,2015-07-10,60.0,0.0,1.0,123.0,1.0,2015-07-10,10.0,266.8,20.0,2015-07-10,159.2,2015-07-10,12712.0,8184.0,9802.0,8665.5,0.1292529093008788,-0.0899588568886907,2015-07-10
-34.02861,22.22222,08-05-2014,0.0,0.0,0.0,-1.0,-1.0,2014-08-05,13.659,207.7,20.0,253.0,0.0,0.0,0.0,0.0,0.0,2014-08-05,15669.5,8519.5,11244.0,9067.0,8104.0,7686.5,41832.5,7518.5,21824.0,96.0,0.1644342058818059,-0.1378551369949648,2014-08-05,82.20000457763672,25.200000762939453,57.0,1.3,26.5,1.899999976158142,0.0,129.50148010253906,23.229999542236328,11.960000038146973,1.3730000257492063,0.7599999904632568,4.019999980926514,-0.4699999988079071,2014-08-05,60.0,0.0,1.0,123.0,1.0,2014-08-05,13.659,207.7,20.0,2014-08-05,149.2,2014-08-05,15669.5,8519.5,11244.0,9067.0,0.1644342058818059,-0.1378551369949648,2014-08-05
-34.02861,22.22222,08-07-2015,0.0,0.0,0.0,-1.0,-1.0,2015-08-07,73.087,1252.0,20.0,253.0,0.0,0.0,0.0,0.0,0.0,2015-08-07,16858.0,8638.0,11712.0,9314.0,8307.5,7759.0,40498.5,7567.5,21824.0,96.0,0.1801190059502969,-0.1510565110565103,2015-08-07,62.0,56.900001525878906,5.099999904632568,3.0,59.8,1.2000000476837158,0.0,105.20297241210938,19.40999984741211,9.029999732971191,1.0750000476837158,0.6299999952316284,3.15999984741211,-1.2300000190734863,2015-08-07,60.0,0.0,1.0,123.0,1.0,2015-08-07,73.087,1252.0,20.0,2015-08-07,159.2,2015-08-07,16858.0,8638.0,11712.0,9314.0,0.1801190059502969,-0.1510565110565103,2015-08-07
-34.02861,22.22222,08-10-2014,0.0,0.0,0.0,-1.0,-1.0,2014-08-10,23.08,334.5,20.0,253.0,0.0,0.0,0.0,0.0,0.0,2014-08-10,15247.5,8559.5,11896.0,9640.0,8318.5,7725.5,43133.0,7539.5,21824.0,96.0,0.1234733914196764,-0.1631101659700317,2014-08-10,127.0,6.400000095367432,120.5999984741211,0.3,6.6000000000000005,1.600000023841858,0.0,246.5038299560547,23.670000076293945,12.4399995803833,1.4970000982284546,0.699999988079071,4.230000019073486,-3.059999942779541,2014-08-10,60.0,0.0,1.0,123.0,1.0,2014-08-10,23.08,334.5,20.0,2014-08-10,164.3,2014-08-10,15247.5,8559.5,11896.0,9640.0,0.1234733914196764,-0.1631101659700317,2014-08-10
-34.02861,22.22222,10-04-2015,0.0,0.0,0.0,-1.0,-1.0,2015-10-04,25.806,499.0,20.0,253.0,0.0,0.0,0.0,0.0,0.0,2015-10-04,15522.5,8619.0,11950.0,9440.0,8287.0,7687.0,43043.0,7462.0,21824.0,96.0,0.1300391300391295,-0.1619427293499919,2015-10-04,81.70000457763672,45.60000228881836,36.10000228881836,2.4000000000000004,47.900000000000006,1.3000000715255735,0.0,173.29803466796875,22.979999542236328,12.429999351501465,1.590000033378601,0.5399999618530273,3.069999933242798,-2.5799999237060547,2015-10-04,60.0,0.0,1.0,123.0,1.0,2015-10-04,25.806,499.0,20.0,2015-10-04,159.2,2015-10-04,15522.5,8619.0,11950.0,9440.0,0.1300391300391295,-0.1619427293499919,2015-10-04
-34.02861,22.22222,12-01-2015,0.0,0.0,0.0,-1.0,-1.0,2015-12-01,13.422,249.3,20.0,253.0,0.0,0.0,0.0,0.0,0.0,2015-12-01,30885.5,27992.0,25160.5,22771.0,28333.0,28667.5,26012.5,28624.0,55052.0,224.0,0.1021482353780821,0.0532712478246553,2015-12-01,164.3000030517578,20.0,144.3000030517578,1.0,21.0,1.5,0.0,305.9998779296875,27.229999542236328,16.799999237060547,1.9870001077651975,0.7899999618530273,4.179999828338623,-2.180000066757202,2015-12-01,60.0,0.0,1.0,123.0,1.0,2015-12-01,13.422,249.3,20.0,2015-12-01,159.2,2015-12-01,30885.5,27992.0,25160.5,22771.0,0.1021482353780821,0.0532712478246553,2015-12-01
-34.005833,22.351111,01-09-2015,0.0,0.0,0.0,-1.0,-1.0,2015-01-09,39.126,496.0,118.0,253.0,0.0,0.0,0.0,0.0,0.0,2015-01-09,16350.5,9069.5,13120.5,10481.5,8816.0,8085.5,42734.5,7779.0,21824.0,160.0,0.1095992670761083,-0.1825597115817928,2015-01-09,88.80000305175781,79.5999984741211,9.199999809265137,4.2,83.60000000000001,3.0,0.0,179.80191040039062,20.959999084472656,10.800000190734863,1.281000018119812,0.6200000047683716,3.629999876022339,1.2999999523162842,2015-01-09,40.0,0.0,1.0,145.0,1.0,2015-01-09,39.126,496.0,118.0,2015-01-09,156.5,2015-01-09,16350.5,9069.5,13120.5,10481.5,0.1095992670761083,-0.1825597115817928,2015-01-09
-34.005833,22.351111,02-12-2015,0.0,0.0,0.0,-1.0,-1.0,2015-02-12,12.341,346.0,20.0,253.0,0.0,0.0,0.0,0.0,0.0,2015-02-12,16832.0,9351.0,13553.0,10911.5,9265.0,8318.5,45137.0,8073.0,21824.0,96.0,0.1079150896824087,-0.18346140412155,2015-02-12,156.5,13.800000190734863,142.6999969482422,0.7000000000000001,14.4,2.5,0.0,305.69830322265625,26.229999542236328,16.60999870300293,1.8980001211166384,0.7599999904632568,3.3999998569488525,-0.6299999952316284,2015-02-12,40.0,0.0,1.0,145.0,1.0,2015-02-12,12.341,346.0,20.0,2015-02-12,156.5,2015-02-12,16832.0,9351.0,13553.0,10911.5,0.1079150896824087,-0.18346140412155,2015-02-12
-34.005833,22.351111,03-04-2014,0.0,0.0,0.0,-1.0,-1.0,2014-03-04,11.868,426.0,33.0,253.0,0.0,0.0,0.0,0.0,0.0,2014-03-04,16400.5,9087.0,13107.5,10199.5,8778.5,8134.0,45010.5,7940.0,21824.0,96.0,0.1115968550901446,-0.1811484827322076,2014-03-04,82.30000305175781,72.9000015258789,9.40000057220459,3.8,76.60000000000001,2.200000047683716,0.0,165.5973358154297,23.799999237060547,13.059999465942385,1.562000036239624,0.6699999570846558,2.690000057220459,1.079999923706055,2014-03-04,40.0,0.0,1.0,145.0,1.0,2014-03-04,11.868,426.0,33.0,2014-03-04,146.0,2014-03-04,16400.5,9087.0,13107.5,10199.5,0.1115968550901446,-0.1811484827322076,2014-03-04
-34.005833,22.351111,03-07-2014,0.0,0.0,0.0,-1.0,-1.0,2014-03-07,31.929,930.0,20.0,253.0,0.0,0.0,0.0,0.0,0.0,2014-03-07,17623.5,8745.0,11901.5,9567.0,8585.5,7868.5,40172.5,7578.0,21824.0,160.0,0.1938018628281111,-0.152883055239386,2014-03-07,69.4000015258789,14.5,54.900001525878906,0.8,15.2,2.0,0.0,122.3037567138672,20.549999237060547,8.710000038146973,1.058000087738037,0.7199999690055847,3.3499999046325684,-1.6399999856948853,2014-03-07,40.0,0.0,1.0,145.0,1.0,2014-03-07,31.929,930.0,20.0,2014-03-07,146.0,2014-03-07,17623.5,8745.0,11901.5,9567.0,0.1938018628281111,-0.152883055239386,2014-03-07
-34.005833,22.351111,03-12-2014,0.0,0.0,0.0,-1.0,-1.0,2014-03-12,10.0,170.8,58.0,253.0,0.0,0.0,0.0,0.0,0.0,2014-03-12,16925.5,9656.0,15264.5,11966.5,9506.0,8635.0,46596.5,8235.0,21824.0,96.0,0.0515998757378066,-0.2250556770530277,2014-03-12,146.0,27.899999618530273,118.0999984741211,1.5,29.3,1.7000000476837158,0.0,291.8009033203125,24.899999618530273,15.299999237060549,1.8000000715255735,0.6499999761581421,3.899999856948853,-2.0,2014-03-12,40.0,0.0,1.0,145.0,1.0,2014-03-12,10.0,170.8,58.0,2014-03-12,160.40001,2014-03-12,16925.5,9656.0,15264.5,11966.5,0.0515998757378066,-0.2250556770530277,2014-03-12
-34.005833,22.351111,04-06-2014,0.0,0.0,0.0,-1.0,-1.0,2014-04-06,27.153,668.0,20.0,253.0,0.0,0.0,0.0,0.0,0.0,2014-04-06,17623.5,8745.0,11901.5,9567.0,8585.5,7868.5,40172.5,7578.0,21824.0,160.0,0.1938018628281111,-0.152883055239386,2014-04-06,74.5999984741211,29.600000381469727,45.0,1.6,31.0,2.1000001430511475,0.0,116.59832763671876,20.93000030517578,8.819999694824219,1.0540000200271606,0.7599999904632568,4.069999694824219,-1.059999942779541,2014-04-06,40.0,0.0,1.0,145.0,1.0,2014-04-06,27.153,668.0,20.0,2014-04-06,146.0,2014-04-06,17623.5,8745.0,11901.5,9567.0,0.1938018628281111,-0.152883055239386,2014-04-06
-34.005833,22.351111,04-07-2013,0.0,0.0,0.0,-1.0,-1.0,2013-04-07,6.063,192.2,28.0,253.0,0.0,0.0,0.0,0.0,0.0,2013-04-07,15407.5,8980.5,12717.0,10211.0,8943.5,8126.0,41194.5,7826.0,21824.0,96.0,0.0956639229141848,-0.1722087798133417,2013-04-07,69.0,25.399999618530273,43.60000228881836,1.3,26.4,3.799999952316284,0.0,116.90342712402344,21.06999969482422,9.719999313354492,1.1150000095367432,0.7400000095367432,3.3499999046325684,-2.740000009536743,2013-04-07,40.0,0.0,1.0,145.0,1.0,2013-04-07,6.063,192.2,28.0,2013-04-07,147.1,2013-04-07,15407.5,8980.5,12717.0,10211.0,0.0956639229141848,-0.1722087798133417,2013-04-07
-34.005833,22.351111,04-11-2015,0.0,0.0,0.0,-1.0,-1.0,2015-04-11,28.99,444.0,87.0,253.0,0.0,0.0,0.0,0.0,0.0,2015-04-11,17151.5,9303.0,13403.5,10557.5,8965.0,8212.5,43908.0,7949.0,21824.0,145.0,0.1226640484372439,-0.1805870565697039,2015-04-11,128.40000915527344,70.20000457763672,58.20000076293945,3.7,73.7,2.700000047683716,0.0,275.2001953125,22.760000228881836,12.670000076293944,1.5510001182556152,0.5699999928474426,4.019999980926514,0.7299999594688416,2015-04-11,40.0,0.0,1.0,145.0,1.0,2015-04-11,28.99,444.0,87.0,2015-04-11,156.5,2015-04-11,17151.5,9303.0,13403.5,10557.5,0.1226640484372439,-0.1805870565697039,2015-04-11
-34.005833,22.351111,04-12-2013,0.0,0.0,0.0,-1.0,-1.0,2013-04-12,14.41,341.56,10.0,253.0,0.0,0.0,0.0,0.0,0.0,2013-04-12,19681.5,12046.5,17749.5,15734.5,12145.5,9826.0,42002.5,9099.5,22280.0,224.0,0.0516149715476475,-0.1914015304067653,2013-04-12,147.10000610351562,13.300000190734863,133.8000030517578,0.7000000000000001,13.9,2.700000047683716,0.0,298.1978759765625,24.739999771118164,15.699999809265137,1.842000126838684,0.6200000047683716,3.9599997997283936,-1.7599999904632568,2013-04-12,40.0,0.0,1.0,145.0,1.0,2013-04-12,14.41,341.56,10.0,2013-04-12,144.8,2013-04-12,19681.5,12046.5,17749.5,15734.5,0.0516149715476475,-0.1914015304067653,2013-04-12
-34.005833,22.351111,05-03-2015,0.0,0.0,0.0,-1.0,-1.0,2015-05-03,15.694,459.0,20.0,253.0,0.0,0.0,0.0,0.0,0.0,2015-05-03,15016.5,9467.5,15531.5,12387.5,9583.0,8669.0,46421.0,8458.5,21824.0,96.0,-0.0168587141547727,-0.2425697027881105,2015-05-03,116.8000030517578,25.200000762939453,91.5999984741211,1.3,26.5,1.5,0.0,222.80245971679688,26.079999923706055,15.75,1.9040000438690183,0.6899999976158142,3.419999837875366,-2.7899999618530273,2015-05-03,40.0,0.0,1.0,145.0,1.0,2015-05-03,15.694,459.0,20.0,2015-05-03,156.5,2015-05-03,15016.5,9467.5,15531.5,12387.5,-0.0168587141547727,-0.2425697027881105,2015-05-03
-34.005833,22.351111,05-04-2013,0.0,0.0,0.0,-1.0,-1.0,2013-05-04,8.741,214.9,22.0,253.0,0.0,0.0,0.0,0.0,0.0,2013-05-04,15404.0,9137.0,15042.0,11717.5,9239.0,8436.5,43836.0,8347.5,21824.0,96.0,0.0118899034355908,-0.2442201910748987,2013-05-04,87.0999984741211,23.30000114440918,63.79999923706055,1.2000000000000002,24.0,4.900000095367432,0.0,172.7960205078125,23.209999084472656,11.489999771118164,1.4530000686645508,0.6599999666213989,3.0799999237060547,-2.0999999046325684,2013-05-04,40.0,0.0,1.0,145.0,1.0,2013-05-04,8.741,214.9,22.0,2013-05-04,147.1,2013-05-04,15404.0,9137.0,15042.0,11717.5,0.0118899034355908,-0.2442201910748987,2013-05-04
-34.005833,22.351111,05-09-2014,0.0,0.0,0.0,-1.0,-1.0,2014-05-09,10.0,1123.0,20.0,253.0,0.0,0.0,0.0,0.0,0.0,2014-05-09,15955.0,9153.5,13845.0,10916.5,9158.0,8343.5,43922.5,8154.0,21824.0,96.0,0.0708053691275165,-0.20399156466726,2014-05-09,94.8000030517578,48.900001525878906,45.900001525878906,2.6,51.400000000000006,1.8000000715255735,0.0,194.00076293945312,21.689998626708984,10.469999313354492,1.2910000085830688,0.6499999761581421,3.5,-2.109999895095825,2014-05-09,40.0,0.0,1.0,145.0,1.0,2014-05-09,10.0,1123.0,20.0,2014-05-09,160.40001,2014-05-09,15955.0,9153.5,13845.0,10916.5,0.0708053691275165,-0.20399156466726,2014-05-09
-34.005833,22.351111,06-06-2013,0.0,0.0,0.0,-1.0,-1.0,2013-06-06,79.909,1385.0,10.0,253.0,0.0,0.0,0.0,0.0,0.0,2013-06-06,15083.0,8938.5,13206.0,10728.0,9128.5,8355.5,40987.5,8232.5,21824.0,96.0,0.066350878433313,-0.1927115085009813,2013-06-06,64.80000305175781,31.399999618530273,33.400001525878906,1.6,32.6,4.099999904632568,0.0,114.90097045898438,19.899999618530273,8.460000038146973,1.1060000658035278,0.6200000047683716,3.9599997997283936,-2.5799999237060547,2013-06-06,40.0,0.0,1.0,145.0,1.0,2013-06-06,79.909,1385.0,10.0,2013-06-06,147.1,2013-06-06,15083.0,8938.5,13206.0,10728.0,0.066350878433313,-0.1927115085009813,2013-06-06
-34.005833,22.351111,07-10-2015,0.0,0.0,0.0,-1.0,-1.0,2015-07-10,31.141,599.0,34.0,253.0,0.0,0.0,0.0,0.0,0.0,2015-07-10,16049.0,9906.5,12365.5,10684.0,9578.0,8364.5,36828.0,7745.0,55052.0,224.0,0.1296345175878508,-0.1104076867816087,2015-07-10,123.3000030517578,29.30000114440918,94.0,1.5,30.700000000000003,2.799999952316284,0.0,248.5000915527344,23.279998779296875,13.389999389648438,1.5490000247955322,0.6599999666213989,3.919999837875366,-0.7699999809265137,2015-07-10,40.0,0.0,1.0,145.0,1.0,2015-07-10,31.141,599.0,34.0,2015-07-10,156.5,2015-07-10,16049.0,9906.5,12365.5,10684.0,0.1296345175878508,-0.1104076867816087,2015-07-10
-34.005833,22.351111,08-05-2014,0.0,0.0,0.0,-1.0,-1.0,2014-08-05,30.797,588.0,32.0,253.0,0.0,0.0,0.0,0.0,0.0,2014-08-05,16524.0,8845.0,12147.0,9776.5,8527.5,7989.5,41673.0,7826.0,21824.0,96.0,0.1526629695511138,-0.1572980182926822,2014-08-05,81.5,27.5,54.0,1.4,28.8,2.1000001430511475,0.0,128.80067443847656,23.010000228881836,11.989999771118164,1.3610000610351562,0.75,4.009999752044678,-0.4599999785423279,2014-08-05,40.0,0.0,1.0,145.0,1.0,2014-08-05,30.797,588.0,32.0,2014-08-05,146.0,2014-08-05,16524.0,8845.0,12147.0,9776.5,0.1526629695511138,-0.1572980182926822,2014-08-05
-34.005833,22.351111,09-07-2015,0.0,0.0,0.0,-1.0,-1.0,2015-09-07,31.047,1055.0,20.0,253.0,0.0,0.0,0.0,0.0,0.0,2015-09-07,15815.5,8848.0,12310.5,9762.5,8536.5,7947.5,40447.5,7724.0,21824.0,96.0,0.1246177913674176,-0.1636458161022749,2015-09-07,60.70000076293945,60.70000076293945,0.0,3.3000000000000003,66.0,3.4000000953674316,0.0,104.20050048828124,19.06999969482422,9.31999969482422,1.062000036239624,0.6299999952316284,3.0199999809265137,-1.1100000143051147,2015-09-07,40.0,0.0,1.0,145.0,1.0,2015-09-07,31.047,1055.0,20.0,2015-09-07,156.5,2015-09-07,15815.5,8848.0,12310.5,9762.5,0.1246177913674176,-0.1636458161022749,2015-09-07
-34.005833,22.351111,09-10-2014,0.0,0.0,0.0,-1.0,-1.0,2014-09-10,34.094,1355.0,20.0,253.0,0.0,0.0,0.0,0.0,0.0,2014-09-10,15692.5,9142.0,13727.0,10766.0,8927.0,8214.0,43279.0,7981.0,21824.0,96.0,0.0668094291201411,-0.2004897459442905,2014-09-10,125.4000015258789,8.199999809265137,117.20000457763672,0.4,8.5,1.8000000715255735,0.0,245.90196228027344,23.149999618530273,12.460000038146973,1.4850000143051147,0.6599999666213989,4.519999980926514,-3.0999999046325684,2014-09-10,40.0,0.0,1.0,145.0,1.0,2014-09-10,34.094,1355.0,20.0,2014-09-10,160.40001,2014-09-10,15692.5,9142.0,13727.0,10766.0,0.0668094291201411,-0.2004897459442905,2014-09-10
-34.005833,22.351111,10-04-2015,0.0,0.0,0.0,-1.0,-1.0,2015-10-04,10.285,371.0,20.0,253.0,0.0,0.0,0.0,0.0,0.0,2015-10-04,15278.5,8997.0,13507.5,10639.0,8854.0,8208.0,43242.0,8049.5,21824.0,96.0,0.0615229625512399,-0.2004265813503957,2015-10-04,80.20000457763672,51.79999923706055,28.399999618530273,2.7,54.5,1.5,0.0,172.00216674804688,22.600000381469727,12.449999809265137,1.5770000219345093,0.5299999713897705,3.0299999713897705,-2.4700000286102295,2015-10-04,40.0,0.0,1.0,145.0,1.0,2015-10-04,10.285,371.0,20.0,2015-10-04,156.5,2015-10-04,15278.5,8997.0,13507.5,10639.0,0.0615229625512399,-0.2004265813503957,2015-10-04
-33.980556,21.653333,02-12-2014,0.0,0.0,0.0,-1.0,-1.0,2014-02-12,218.003,540.0,20.0,253.0,0.0,0.0,0.0,0.0,0.0,2014-02-12,16865.5,10386.0,15020.5,12040.0,10544.5,8680.5,45586.0,8119.0,21824.0,224.0,0.0578623847456562,-0.1824139491862311,2014-02-12,161.40000915527344,12.5,148.90000915527344,0.7000000000000001,13.1,1.0,0.0,299.3037109375,27.5,14.679999351501465,1.680000066757202,1.0,2.559999942779541,-2.200000047683716,2014-02-12,11.0,0.0,1.0,140.0,1.0,2014-02-12,218.003,540.0,20.0,2014-02-12,181.3,2014-02-12,16865.5,10386.0,15020.5,12040.0,0.0578623847456562,-0.1824139491862311,2014-02-12
-33.980556,21.653333,05-12-2013,0.0,0.0,0.0,-1.0,-1.0,2013-05-12,292.609,1265.48,10.0,253.0,0.0,0.0,0.0,0.0,0.0,2013-05-12,26767.5,21462.5,22680.0,18818.0,22128.5,20975.5,36814.0,20746.5,22280.0,96.0,0.0826634309115727,-0.0275811292971625,2013-05-12,164.60000610351562,9.600000381469728,155.0,0.5,10.0,1.5,0.0,306.3999328613281,27.469999313354492,15.1899995803833,1.7230000495910645,0.9799999594688416,2.629999876022339,-1.6200000047683716,2013-05-12,11.0,0.0,1.0,140.0,1.0,2013-05-12,292.609,1265.48,10.0,2013-05-12,162.6,2013-05-12,26767.5,21462.5,22680.0,18818.0,0.0826634309115727,-0.0275811292971625,2013-05-12
-33.980556,21.653333,07-01-2014,0.0,0.0,0.0,-1.0,-1.0,2014-07-01,160.599,1265.48,10.0,253.0,0.0,0.0,0.0,0.0,0.0,2014-07-01,13460.5,11173.5,13368.5,12194.5,12222.0,9460.0,46744.0,8783.5,21824.0,160.0,0.0034291252003429,-0.0894385135685759,2014-07-01,162.60000610351562,52.900001525878906,109.70000457763672,2.8000000000000003,55.6,1.5,0.0,286.2026672363281,29.11999893188477,17.06999969482422,1.9650001525878904,1.0399999618530271,2.7300000190734863,1.4299999475479126,2014-07-01,11.0,0.0,1.0,140.0,1.0,2014-07-01,160.599,1265.48,10.0,2014-07-01,58.0,2014-07-01,13460.5,11173.5,13368.5,12194.5,0.0034291252003429,-0.0894385135685759,2014-07-01
-33.980556,21.653333,08-07-2014,0.0,0.0,0.0,-1.0,-1.0,2014-08-07,248.288,1265.48,20.0,253.0,0.0,0.0,0.0,0.0,0.0,2014-08-07,14389.5,9797.5,12774.0,10938.0,10074.0,8185.0,39930.0,7680.5,21824.0,224.0,0.0594731901264562,-0.1318698358549492,2014-08-07,58.0,13.800000190734863,44.20000076293945,0.7000000000000001,14.5,1.100000023841858,0.0,122.50161743164062,20.61999893188477,6.239999771118164,0.9820000529289246,0.7099999785423279,2.259999990463257,-1.569999933242798,2014-08-07,11.0,0.0,1.0,140.0,1.0,2014-08-07,248.288,1265.48,20.0,2014-08-07,161.40001,2014-08-07,14389.5,9797.5,12774.0,10938.0,0.0594731901264562,-0.1318698358549492,2014-08-07
-33.980556,21.653333,09-12-2015,0.0,0.0,0.0,-1.0,-1.0,2015-09-12,177.3,540.0,20.0,253.0,0.0,0.0,0.0,0.0,0.0,2015-09-12,17133.5,10266.0,14924.0,12127.0,10419.5,8766.0,47532.5,8206.0,21824.0,160.0,0.0689230289323869,-0.1849146486701064,2015-09-12,166.6999969482422,10.600000381469728,156.10000610351562,0.6000000000000001,11.1,0.699999988079071,0.0,312.5037536621094,28.799999237060547,15.859999656677246,1.7630001306533811,1.1299999952316284,1.9799998998641968,-1.559999942779541,2015-09-12,11.0,0.0,1.0,140.0,1.0,2015-09-12,177.3,540.0,20.0,2015-09-12,166.7,2015-09-12,17133.5,10266.0,14924.0,12127.0,0.0689230289323869,-0.1849146486701064,2015-09-12
-33.980556,21.653333,10-03-2015,0.0,0.0,0.0,-1.0,-1.0,2015-10-03,253.356,540.0,21.0,253.0,0.0,0.0,0.0,0.0,0.0,2015-10-03,17196.5,10028.0,15681.5,12440.0,10254.0,8653.5,43484.0,8121.0,21762.0,192.0,0.0460794452217286,-0.2198992590287628,2015-10-03,127.5999984741211,12.40000057220459,115.20000457763672,0.7000000000000001,13.0,0.9000000357627869,0.0,228.4994659423828,28.239999771118164,15.479999542236328,1.8200000524520872,0.9899999499320984,2.619999885559082,-3.2100000381469727,2015-10-03,11.0,0.0,1.0,140.0,1.0,2015-10-03,253.356,540.0,21.0,2015-10-03,166.7,2015-10-03,17196.5,10028.0,15681.5,12440.0,0.0460794452217286,-0.2198992590287628,2015-10-03
-33.980556,21.653333,10-04-2014,0.0,0.0,0.0,-1.0,-1.0,2014-10-04,277.346,1265.48,43.0,253.0,0.0,0.0,0.0,0.0,0.0,2014-10-04,15841.0,10277.5,14401.0,11927.5,10521.0,8753.5,44701.0,8237.5,21824.0,160.0,0.0476158984194165,-0.1670887614725361,2014-10-04,78.9000015258789,57.60000228881836,21.30000114440918,3.0,60.5,1.3000000715255735,0.0,168.79632568359375,25.779998779296875,12.050000190734863,1.4700000286102295,0.8999999761581421,1.350000023841858,0.8999999761581421,2014-10-04,11.0,0.0,1.0,140.0,1.0,2014-10-04,277.346,1265.48,43.0,2014-10-04,161.40001,2014-10-04,15841.0,10277.5,14401.0,11927.5,0.0476158984194165,-0.1670887614725361,2014-10-04
-33.980556,21.653333,10-06-2014,0.0,0.0,0.0,-1.0,-1.0,2014-10-06,211.254,1265.48,20.0,253.0,0.0,0.0,0.0,0.0,0.0,2014-10-06,14389.5,9797.5,12774.0,10938.0,10074.0,8185.0,39930.0,7680.5,21824.0,224.0,0.0594731901264562,-0.1318698358549492,2014-10-06,63.5,25.899999618530273,37.60000228881836,1.4,27.200000000000003,1.2000000476837158,0.0,117.2001953125,21.329999923706055,6.329999923706055,0.9890000224113464,0.7599999904632568,2.8299999237060547,-1.090000033378601,2014-10-06,11.0,0.0,1.0,140.0,1.0,2014-10-06,211.254,1265.48,20.0,2014-10-06,161.40001,2014-10-06,14389.5,9797.5,12774.0,10938.0,0.0594731901264562,-0.1318698358549492,2014-10-06
-33.980556,21.653333,11-09-2014,0.0,0.0,0.0,-1.0,-1.0,2014-11-09,250.8,1265.48,20.0,253.0,0.0,0.0,0.0,0.0,0.0,2014-11-09,15647.5,10612.0,14975.5,12566.0,10996.0,8919.5,43312.0,8224.0,21824.0,160.0,0.0219442902393625,-0.1705324865657052,2014-11-09,94.5999984741211,27.0,67.5999984741211,1.4,28.3,1.100000023841858,0.0,195.7981414794922,23.11999893188477,9.079999923706056,1.2260000705718994,0.7699999809265137,2.509999990463257,-2.1399998664855957,2014-11-09,11.0,0.0,1.0,140.0,1.0,2014-11-09,250.8,1265.48,20.0,2014-11-09,181.3,2014-11-09,15647.5,10612.0,14975.5,12566.0,0.0219442902393625,-0.1705324865657052,2014-11-09
-33.980556,21.653333,11-11-2014,0.0,0.0,0.0,-1.0,-1.0,2014-11-11,163.124,540.0,41.0,253.0,0.0,0.0,0.0,0.0,0.0,2014-11-11,16244.5,10208.0,14354.0,11615.5,10157.0,8877.5,45215.5,8387.0,21824.0,160.0,0.0617840743827309,-0.1687973292077185,2014-11-11,137.8000030517578,50.5,87.30000305175781,2.7,53.1,1.0,0.0,276.5974426269531,24.459999084472656,12.699999809265137,1.50600004196167,0.7699999809265137,3.0399999618530273,-2.0399999618530273,2014-11-11,11.0,0.0,1.0,140.0,1.0,2014-11-11,163.124,540.0,41.0,2014-11-11,181.3,2014-11-11,16244.5,10208.0,14354.0,11615.5,0.0617840743827309,-0.1687973292077185,2014-11-11
-33.970833,22.548333,02-04-2014,0.0,0.0,0.0,-1.0,-1.0,2014-02-04,10.0,164.1,20.0,253.0,0.0,0.0,0.0,0.0,0.0,2014-02-04,14660.5,8223.0,10028.0,8372.0,7840.0,7641.0,43592.0,7597.0,21824.0,96.0,0.187637969094922,-0.0988986904827127,2014-02-04,81.4000015258789,78.30000305175781,3.1000001430511475,4.1000000000000005,81.9,6.300000190734863,0.0,165.803466796875,23.549999237060547,13.00999927520752,1.564000129699707,0.6499999761581421,2.7200000286102295,1.1899999380111694,2014-02-04,50.0,0.0,1.0,148.0,1.0,2014-02-04,10.0,164.1,20.0,2014-02-04,143.0,2014-02-04,14660.5,8223.0,10028.0,8372.0,0.187637969094922,-0.0988986904827127,2014-02-04
-33.970833,22.548333,02-09-2015,0.0,0.0,0.0,-1.0,-1.0,2015-02-09,10.0,111.0,20.0,253.0,0.0,0.0,0.0,0.0,0.0,2015-02-09,14026.0,8379.5,10173.5,8571.5,8038.5,7781.5,42140.0,7627.5,21824.0,160.0,0.1591975040806622,-0.0966959521371201,2015-02-09,87.4000015258789,87.4000015258789,0.0,4.7,93.0,11.90000057220459,0.0,181.09780883789065,20.770000457763672,10.9399995803833,1.2910000085830688,0.5999999642372131,3.5399999618530273,1.4399999380111694,2015-02-09,50.0,0.0,1.0,148.0,1.0,2015-02-09,10.0,111.0,20.0,2015-02-09,154.6,2015-02-09,14026.0,8379.5,10173.5,8571.5,0.1591975040806622,-0.0966959521371201,2015-02-09
-33.970833,22.548333,03-09-2014,0.0,0.0,0.0,-1.0,-1.0,2014-03-09,10.0,170.6,20.0,253.0,0.0,0.0,0.0,0.0,0.0,2014-03-09,14100.0,8325.0,10334.5,8621.5,8040.5,7812.5,43345.0,7733.0,21824.0,96.0,0.1541058748900114,-0.1076931321846774,2014-03-09,93.4000015258789,57.60000228881836,35.79999923706055,3.0,60.3,3.900000095367432,0.0,195.7981414794922,21.459999084472656,10.619999885559082,1.3010001182556152,0.6299999952316284,3.429999828338623,-2.0399999618530273,2014-03-09,50.0,0.0,1.0,148.0,1.0,2014-03-09,10.0,170.6,20.0,2014-03-09,155.6,2014-03-09,14100.0,8325.0,10334.5,8621.5,0.1541058748900114,-0.1076931321846774,2014-03-09
-33.970833,22.548333,03-12-2015,0.0,0.0,0.0,-1.0,-1.0,2015-03-12,10.0,135.2,20.0,253.0,0.0,0.0,0.0,0.0,0.0,2015-03-12,15575.5,8356.0,10159.5,8536.5,7911.5,7763.0,44093.0,7738.0,21824.0,96.0,0.210452690887895,-0.0974048769949496,2015-03-12,154.60000610351562,16.399999618530273,138.1999969482422,0.8,16.1,6.900000095367432,0.0,305.5027160644531,25.989999771118164,16.719999313354492,1.9170000553131104,0.7299999594688416,3.5,-1.0,2015-03-12,50.0,0.0,1.0,148.0,1.0,2015-03-12,10.0,135.2,20.0,2015-03-12,154.6,2015-03-12,15575.5,8356.0,10159.5,8536.5,0.210452690887895,-0.0974048769949496,2015-03-12
-33.970833,22.548333,04-02-2015,0.0,0.0,0.0,-1.0,-1.0,2015-04-02,10.0,180.7,20.0,253.0,0.0,0.0,0.0,0.0,0.0,2015-04-02,14073.0,8289.0,10069.5,8491.5,7919.0,7711.0,44224.0,7625.5,21824.0,96.0,0.1658278968623789,-0.0969850477980222,2015-04-02,122.70000457763672,26.600000381469727,96.0999984741211,1.4,27.8,2.799999952316284,0.0,269.20166015625,25.029998779296875,15.429999351501465,1.8350000381469729,0.6399999856948853,3.3999998569488525,-2.450000047683716,2015-04-02,50.0,0.0,1.0,148.0,1.0,2015-04-02,10.0,180.7,20.0,2015-04-02,154.6,2015-04-02,14073.0,8289.0,10069.5,8491.5,0.1658278968623789,-0.0969850477980222,2015-04-02
-33.970833,22.548333,04-11-2015,0.0,0.0,0.0,-1.0,-1.0,2015-04-11,10.0,132.7,20.0,253.0,0.0,0.0,0.0,0.0,0.0,2015-04-11,16099.5,8516.5,10482.0,8718.0,8018.5,7777.5,42950.5,7665.0,21824.0,96.0,0.2113311889848194,-0.103455535963365,2015-04-11,126.9000015258789,84.20000457763672,42.70000076293945,4.3,87.0,8.0,0.0,275.4039611816406,22.44999885559082,12.90999984741211,1.559000015258789,0.550000011920929,4.170000076293945,0.8799999952316284,2015-04-11,50.0,0.0,1.0,148.0,1.0,2015-04-11,10.0,132.7,20.0,2015-04-11,154.6,2015-04-11,16099.5,8516.5,10482.0,8718.0,0.2113311889848194,-0.103455535963365,2015-04-11
-33.970833,22.548333,05-03-2015,0.0,0.0,0.0,-1.0,-1.0,2015-05-03,10.0,151.1,20.0,253.0,0.0,0.0,0.0,0.0,0.0,2015-05-03,14925.5,8417.5,10535.5,8758.5,8032.0,7824.5,45213.0,7767.0,21824.0,96.0,0.1724205647853573,-0.1117501187147147,2015-05-03,114.5999984741211,30.0,84.5999984741211,1.6,31.4,2.700000047683716,0.0,223.20181274414065,25.719999313354492,15.869999885559082,1.915000081062317,0.6499999761581421,3.3899998664855957,-2.740000009536743,2015-05-03,50.0,0.0,1.0,148.0,1.0,2015-05-03,10.0,151.1,20.0,2015-05-03,154.6,2015-05-03,14925.5,8417.5,10535.5,8758.5,0.1724205647853573,-0.1117501187147147,2015-05-03
-33.970833,22.548333,05-06-2014,0.0,0.0,0.0,-1.0,-1.0,2014-05-06,12.905,176.8,20.0,253.0,0.0,0.0,0.0,0.0,0.0,2014-05-06,14980.0,8231.5,9855.5,8378.5,7899.0,7685.0,39962.5,7622.0,21824.0,96.0,0.2063377020796835,-0.0897882457013319,2014-05-06,74.9000015258789,30.899999618530273,44.0,1.6,32.0,5.099999904632568,0.0,117.70314025878906,20.469999313354492,8.819999694824219,1.061000108718872,0.7199999690055847,4.409999847412109,-1.0199999809265137,2014-05-06,50.0,0.0,1.0,148.0,1.0,2014-05-06,12.905,176.8,20.0,2014-05-06,143.0,2014-05-06,14980.0,8231.5,9855.5,8378.5,0.2063377020796835,-0.0897882457013319,2014-05-06
-33.970833,22.548333,05-08-2015,0.0,0.0,0.0,-1.0,-1.0,2015-05-08,10.0,143.1,20.0,253.0,0.0,0.0,0.0,0.0,0.0,2015-05-08,13878.0,8213.0,10231.5,8553.5,7965.5,7662.0,41797.5,7534.0,21824.0,96.0,0.1512474335842711,-0.1094364173601881,2015-05-08,69.4000015258789,38.29999923706055,31.100000381469727,1.8,36.9,10.90000057220459,0.0,146.19857788085938,18.329999923706055,7.87999963760376,1.0210000276565552,0.5699999928474426,2.8299999237060547,-0.9899999499320984,2015-05-08,50.0,0.0,1.0,148.0,1.0,2015-05-08,10.0,143.1,20.0,2015-05-08,154.6,2015-05-08,13878.0,8213.0,10231.5,8553.5,0.1512474335842711,-0.1094364173601881,2015-05-08
-33.970833,22.548333,06-10-2015,0.0,0.0,0.0,-1.0,-1.0,2015-06-10,10.0,129.5,20.0,253.0,0.0,0.0,0.0,0.0,0.0,2015-06-10,19548.0,10833.5,13188.0,11982.5,11038.0,9102.5,31083.0,9246.5,55052.0,224.0,0.1942815249266856,-0.0980163603438582,2015-06-10,120.0999984741211,38.79999923706055,81.30000305175781,1.9,38.400000000000006,9.5,0.0,248.0029296875,23.10999870300293,13.460000038146973,1.5670000314712524,0.6299999952316284,3.619999885559082,0.5799999833106995,2015-06-10,50.0,0.0,1.0,148.0,1.0,2015-06-10,10.0,129.5,20.0,2015-06-10,154.6,2015-06-10,19548.0,10833.5,13188.0,11982.5,0.1942815249266856,-0.0980163603438582,2015-06-10
-33.970833,22.548333,07-01-2015,0.0,0.0,0.0,-1.0,-1.0,2015-07-01,10.0,131.2,20.0,253.0,0.0,0.0,0.0,0.0,0.0,2015-07-01,15951.0,8593.0,10777.0,8782.0,8105.0,7850.5,44815.0,7743.5,21824.0,96.0,0.1935797665369642,-0.1127516778523484,2015-07-01,155.60000610351562,26.0,129.60000610351562,1.4,27.200000000000003,3.0,0.0,303.7015075683594,26.170000076293945,16.809999465942383,1.9880000352859497,0.6800000071525574,3.9700000286102295,-2.2200000286102295,2015-07-01,50.0,0.0,1.0,148.0,1.0,2015-07-01,10.0,131.2,20.0,2015-07-01,57.600002,2015-07-01,15951.0,8593.0,10777.0,8782.0,0.1935797665369642,-0.1127516778523484,2015-07-01
-33.970833,22.548333,08-04-2015,0.0,0.0,0.0,-1.0,-1.0,2015-08-04,10.0,111.2,20.0,253.0,0.0,0.0,0.0,0.0,0.0,2015-08-04,14009.5,8211.0,9995.5,8388.5,7846.5,7678.0,42310.0,7620.0,21824.0,96.0,0.1672151635076019,-0.098014445390382,2015-08-04,78.20000457763672,59.60000228881836,18.600000381469727,3.1,62.6,2.6000001430511475,0.0,171.49684143066406,22.28999900817871,12.429999351501465,1.5860000848770142,0.4899999797344208,3.059999942779541,-2.2899999618530273,2015-08-04,50.0,0.0,1.0,148.0,1.0,2015-08-04,10.0,111.2,20.0,2015-08-04,154.6,2015-08-04,14009.5,8211.0,9995.5,8388.5,0.1672151635076019,-0.098014445390382,2015-08-04
-33.970833,22.548333,08-05-2014,0.0,0.0,0.0,-1.0,-1.0,2014-08-05,10.0,140.6,20.0,253.0,0.0,0.0,0.0,0.0,0.0,2014-08-05,14586.5,8130.0,9808.0,8302.0,7797.0,7570.0,41222.5,7529.0,21824.0,96.0,0.1958843181864756,-0.0935444308172589,2014-08-05,79.70000457763672,30.5,49.20000076293945,1.6,31.3,5.599999904632568,0.0,129.30360412597656,22.69999885559082,12.0,1.374000072479248,0.7099999785423279,4.069999694824219,0.6599999666213989,2014-08-05,50.0,0.0,1.0,148.0,1.0,2014-08-05,10.0,140.6,20.0,2014-08-05,143.0,2014-08-05,14586.5,8130.0,9808.0,8302.0,0.1958843181864756,-0.0935444308172589,2014-08-05
-33.970833,22.548333,08-07-2015,0.0,0.0,0.0,-1.0,-1.0,2015-08-07,4.8,154.4,22.0,253.0,0.0,0.0,0.0,0.0,0.0,2015-08-07,14022.5,8136.5,9613.5,8245.5,7786.5,7624.5,39967.5,7566.5,21824.0,96.0,0.1865374851920791,-0.0832112676056333,2015-08-07,57.60000228881836,57.60000228881836,0.0,3.6,73.0,14.100000381469728,0.0,103.80113220214844,18.40999984741211,9.579999923706056,1.0730000734329224,0.5899999737739563,2.93999981880188,-0.949999988079071,2015-08-07,50.0,0.0,1.0,148.0,1.0,2015-08-07,4.8,154.4,22.0,2015-08-07,154.6,2015-08-07,14022.5,8136.5,9613.5,8245.5,0.1865374851920791,-0.0832112676056333,2015-08-07
-33.970833,22.548333,08-10-2014,0.0,0.0,0.0,-1.0,-1.0,2014-08-10,10.0,155.5,20.0,253.0,0.0,0.0,0.0,0.0,0.0,2014-08-10,14288.5,8288.5,10400.0,8725.0,7970.5,7680.0,42159.5,7594.0,21824.0,96.0,0.1575024809121649,-0.1129839205928773,2014-08-10,121.20000457763672,10.300000190734863,110.9000015258789,0.5,10.6,3.6000001430511475,0.0,244.2035217285156,22.8799991607666,12.539999961853027,1.502000093460083,0.6299999952316284,4.21999979019165,-3.0799999237060547,2014-08-10,50.0,0.0,1.0,148.0,1.0,2014-08-10,10.0,155.5,20.0,2014-08-10,155.6,2014-08-10,14288.5,8288.5,10400.0,8725.0,0.1575024809121649,-0.1129839205928773,2014-08-10
-33.970833,22.548333,09-07-2014,0.0,0.0,0.0,-1.0,-1.0,2014-09-07,10.0,179.1,20.0,253.0,0.0,0.0,0.0,0.0,0.0,2014-09-07,14980.0,8231.5,9855.5,8378.5,7899.0,7685.0,39962.5,7622.0,21824.0,96.0,0.2063377020796835,-0.0897882457013319,2014-09-07,66.20000457763672,15.600000381469728,50.60000228881836,0.8,15.9,4.599999904632568,0.0,122.69949340820312,19.94999885559082,8.949999809265137,1.071000099182129,0.6699999570846558,3.299999952316284,-1.6100000143051147,2014-09-07,50.0,0.0,1.0,148.0,1.0,2014-09-07,10.0,179.1,20.0,2014-09-07,155.6,2014-09-07,14980.0,8231.5,9855.5,8378.5,0.2063377020796835,-0.0897882457013319,2014-09-07
-33.897778,20.012778,01-08-2013,0.0,0.0,0.0,-1.0,-1.0,2013-01-08,14.203,200.1,24.0,253.0,0.0,0.0,0.0,0.0,0.0,2013-01-08,33347.0,32797.0,26057.0,21705.0,32893.0,34158.0,39334.0,33992.0,22280.0,224.0,0.1227190088209546,0.1145206782886462,2013-01-08,75.9000015258789,75.9000015258789,0.0,4.800000000000001,96.5,18.30000114440918,0.0,149.7998046875,19.239999771118164,6.309999942779541,0.9760000705718994,0.6200000047683716,3.2300000190734863,-0.5600000023841858,2013-01-08,40.0,1.0,1.0,117.0,1.0,2013-01-08,14.203,200.1,24.0,2013-01-08,180.6,2013-01-08,33347.0,32797.0,26057.0,21705.0,0.1227190088209546,0.1145206782886462,2013-01-08
-33.897778,20.012778,02-10-2014,0.0,0.0,0.0,-1.0,-1.0,2014-02-10,35.329,446.0,20.0,253.0,0.0,0.0,0.0,0.0,0.0,2014-02-10,12895.0,8658.0,10383.0,8906.0,8441.0,7957.0,43969.0,7735.0,21824.0,160.0,0.1079130509493938,-0.090593981408539,2014-02-10,151.5,3.299999952316284,148.1999969482422,0.2,3.4000000000000004,2.1000001430511475,0.0,267.0993957519531,27.35999870300293,11.979999542236328,1.3360000848770142,1.1999999284744265,3.0,-2.859999895095825,2014-02-10,40.0,1.0,1.0,117.0,1.0,2014-02-10,35.329,446.0,20.0,2014-02-10,201.3,2014-02-10,12895.0,8658.0,10383.0,8906.0,0.1079130509493938,-0.090593981408539,2014-02-10
-33.897778,20.012778,03-12-2015,0.0,0.0,0.0,-1.0,-1.0,2015-03-12,210.0,819.0,56.0,253.0,0.0,0.0,0.0,0.0,0.0,2015-03-12,14940.0,9037.0,11455.0,9872.0,8612.0,8007.0,44784.0,7842.0,23826.0,224.0,0.132032581928395,-0.117997267226234,2015-03-12,195.6000061035156,11.600000381469728,184.0,0.6000000000000001,11.4,4.700000286102295,0.0,326.30206298828125,31.65999984741211,16.28999900817871,1.6380001306533811,1.6399999856948853,2.5399999618530273,-2.7200000286102295,2015-03-12,40.0,1.0,1.0,117.0,1.0,2015-03-12,210.0,819.0,56.0,2015-03-12,195.6,2015-03-12,14940.0,9037.0,11455.0,9872.0,0.132032581928395,-0.117997267226234,2015-03-12
-33.897778,20.012778,04-09-2014,0.0,0.0,0.0,-1.0,-1.0,2014-04-09,16.43,232.2,20.0,253.0,0.0,0.0,0.0,0.0,0.0,2014-04-09,13006.0,8574.0,9918.0,8642.0,8614.0,7648.0,41573.0,7352.0,21824.0,96.0,0.1347059849938922,-0.0726800778715116,2014-04-09,95.9000015258789,20.0,75.9000015258789,1.0,20.9,2.299999952316284,0.0,203.49880981445312,23.709999084472656,9.34000015258789,1.1850000619888306,0.8799999952316284,2.069999933242798,-1.899999976158142,2014-04-09,40.0,1.0,1.0,117.0,1.0,2014-04-09,16.43,232.2,20.0,2014-04-09,201.3,2014-04-09,13006.0,8574.0,9918.0,8642.0,0.1347059849938922,-0.0726800778715116,2014-04-09
-33.897778,20.012778,08-05-2013,0.0,0.0,0.0,-1.0,-1.0,2013-08-05,77.018,1065.0,29.0,253.0,0.0,0.0,0.0,0.0,0.0,2013-08-05,12629.0,8407.0,9593.0,8593.0,8172.0,7671.0,41494.0,7430.0,21824.0,160.0,0.1366213662136615,-0.0658888888888885,2013-08-05,63.900001525878906,26.5,37.400001525878906,1.4,27.700000000000003,2.9000000953674316,0.0,139.29891967773438,23.329999923706055,9.40999984741211,1.1740000247955322,0.85999995470047,1.6999999284744265,-1.5,2013-08-05,40.0,1.0,1.0,117.0,1.0,2013-08-05,77.018,1065.0,29.0,2013-08-05,197.3,2013-08-05,12629.0,8407.0,9593.0,8593.0,0.1366213662136615,-0.0658888888888885,2013-08-05
-33.870833,20.003333,02-10-2014,0.0,0.0,0.0,-1.0,-1.0,2014-02-10,178.015,1085.0,100.0,253.0,0.0,0.0,0.0,0.0,0.0,2014-02-10,16770.5,9550.0,14998.5,12154.0,9714.0,8652.5,45516.0,8340.5,21824.0,96.0,0.0557776448739335,-0.2219483878852059,2014-02-10,146.6999969482422,3.200000047683716,143.5,0.2,3.2,2.1000001430511475,0.0,265.6977844238281,27.61999893188477,12.149999618530272,1.352000117301941,1.2200000286102295,2.549999952316284,-2.929999828338623,2014-02-10,12.0,0.0,1.0,126.0,1.0,2014-02-10,178.015,1085.0,100.0,2014-02-10,201.1,2014-02-10,16770.5,9550.0,14998.5,12154.0,0.0557776448739335,-0.2219483878852059,2014-02-10
-33.870833,20.003333,03-06-2013,0.0,0.0,0.0,-1.0,-1.0,2013-03-06,205.276,125.9,137.0,253.0,0.0,0.0,0.0,0.0,0.0,2013-03-06,14993.0,9417.0,14788.5,11924.5,9745.0,8509.5,41090.5,8170.0,21824.0,160.0,0.0068666789785604,-0.2219123752866075,2013-03-06,47.60000228881836,47.60000228881836,0.0,2.8000000000000003,55.5,8.100000381469727,0.0,112.49803161621094,18.959999084472656,4.690000057220459,0.977000057697296,0.550000011920929,2.0399999618530273,-1.090000033378601,2013-03-06,12.0,0.0,1.0,126.0,1.0,2013-03-06,205.276,125.9,137.0,2013-03-06,195.0,2013-03-06,14993.0,9417.0,14788.5,11924.5,0.0068666789785604,-0.2219123752866075,2013-03-06
-33.870833,20.003333,03-07-2013,0.0,0.0,0.0,-1.0,-1.0,2013-03-07,42.438,125.9,14.0,253.0,0.0,0.0,0.0,0.0,0.0,2013-03-07,14993.0,9417.0,14788.5,11924.5,9745.0,8509.5,41090.5,8170.0,21824.0,160.0,0.0068666789785604,-0.2219123752866075,2013-03-07,46.10000228881836,26.600000381469727,19.5,1.3,26.200000000000003,6.400000095367432,0.0,120.60397338867188,20.219999313354492,6.409999847412109,0.993000030517578,0.6800000071525574,1.5099999904632568,-1.5499999523162842,2013-03-07,12.0,0.0,1.0,126.0,1.0,2013-03-07,42.438,125.9,14.0,2013-03-07,195.0,2013-03-07,14993.0,9417.0,14788.5,11924.5,0.0068666789785604,-0.2219123752866075,2013-03-07
-33.870833,20.003333,03-12-2015,0.0,0.0,0.0,-1.0,-1.0,2015-03-12,285.7,1085.0,167.0,253.0,0.0,0.0,0.0,0.0,0.0,2015-03-12,18594.5,10167.0,14341.0,11545.5,10091.5,8519.5,46177.5,7941.0,23888.0,224.0,0.1291463618284218,-0.1703117349436911,2015-03-12,192.6000061035156,12.199999809265137,180.40000915527344,0.6000000000000001,12.0,4.800000190734863,0.0,324.80242919921875,31.989999771118164,16.510000228881836,1.6500000953674316,1.6799999475479126,2.259999990463257,-2.490000009536743,2015-03-12,12.0,0.0,1.0,126.0,1.0,2015-03-12,285.7,1085.0,167.0,2015-03-12,192.6,2015-03-12,18594.5,10167.0,14341.0,11545.5,0.1291463618284218,-0.1703117349436911,2015-03-12
-33.870833,20.003333,04-09-2014,0.0,0.0,0.0,-1.0,-1.0,2014-04-09,270.801,1085.0,145.0,253.0,0.0,0.0,0.0,0.0,0.0,2014-04-09,14839.5,9539.0,15361.5,12830.5,10090.5,8615.0,42861.5,8281.0,21824.0,96.0,-0.0172841958875533,-0.2338306459709635,2014-04-09,90.5999984741211,20.0,70.5999984741211,1.0,20.9,2.200000047683716,0.0,202.79800415039065,24.010000228881836,9.429999351501465,1.201000094413757,0.8899999856948853,1.559999942779541,-1.9799998998641968,2014-04-09,12.0,0.0,1.0,126.0,1.0,2014-04-09,270.801,1085.0,145.0,2014-04-09,201.1,2014-04-09,14839.5,9539.0,15361.5,12830.5,-0.0172841958875533,-0.2338306459709635,2014-04-09
-33.870833,20.003333,10-03-2014,0.0,0.0,0.0,-1.0,-1.0,2014-10-03,264.032,420.52,103.0,253.0,0.0,0.0,0.0,0.0,0.0,2014-10-03,18602.0,9201.5,13304.5,10284.0,9046.0,8195.5,44816.0,7968.5,21824.0,96.0,0.1660319997492668,-0.1823069403714557,2014-10-03,131.6999969482422,36.20000076293945,95.5,1.9,37.7,3.700000047683716,0.0,232.10011291503903,28.44999885559082,15.199999809265137,1.6110000610351562,1.209999918937683,1.919999957084656,0.6100000143051147,2014-10-03,12.0,0.0,1.0,126.0,1.0,2014-10-03,264.032,420.52,103.0,2014-10-03,191.2,2014-10-03,18602.0,9201.5,13304.5,10284.0,0.1660319997492668,-0.1823069403714557,2014-10-03
-33.818056,19.694722,02-02-2015,0.0,0.0,0.0,-1.0,-1.0,2015-02-02,14.116,158.3,20.0,253.0,0.0,0.0,0.0,0.0,0.0,2015-02-02,15330.5,9275.5,14229.0,11338.0,9844.0,8415.5,46610.5,8105.0,21824.0,96.0,0.0372638238129872,-0.210746878257354,2015-02-02,169.1999969482422,3.700000047683716,165.5,0.2,3.3000000000000003,4.5,0.0,304.500244140625,30.0,15.289999961853027,1.5420000553131104,1.459999918937683,3.18999981880188,-2.3499999046325684,2015-02-02,120.0,0.0,1.0,140.0,1.0,2015-02-02,14.116,158.3,20.0,2015-02-02,202.7,2015-02-02,15330.5,9275.5,14229.0,11338.0,0.0372638238129872,-0.210746878257354,2015-02-02
-33.818056,19.694722,03-06-2013,0.0,0.0,0.0,-1.0,-1.0,2013-03-06,5.0,109.8,44.0,253.0,0.0,0.0,0.0,0.0,0.0,2013-03-06,11666.5,8310.0,9583.0,8481.5,8276.5,7748.5,40142.0,7507.5,21824.0,96.0,0.0980493658674317,-0.0711451405577596,2013-03-06,52.5,52.5,0.0,4.0,80.80000000000001,27.700000762939453,0.0,114.00387573242188,17.940000534057617,4.799999713897705,0.9650000333786012,0.5,2.990000009536743,-0.7699999809265137,2013-03-06,120.0,0.0,1.0,140.0,1.0,2013-03-06,5.0,109.8,44.0,2013-03-06,203.90001,2013-03-06,11666.5,8310.0,9583.0,8481.5,0.0980493658674317,-0.0711451405577596,2013-03-06
-33.818056,19.694722,08-06-2015,0.0,0.0,0.0,-1.0,-1.0,2015-08-06,26.611,461.0,20.0,253.0,0.0,0.0,0.0,0.0,0.0,2015-08-06,12201.0,8545.0,10929.0,9386.0,8676.0,7964.0,39868.0,7757.0,21824.0,96.0,0.0549935149156936,-0.1224196364383274,2015-08-06,51.0,51.0,0.0,4.5,90.2,38.10000228881836,0.0,112.00025939941406,18.600000381469727,6.049999713897705,0.9450000524520874,0.5999999642372131,2.2300000190734863,-3.309999942779541,2015-08-06,120.0,0.0,1.0,140.0,1.0,2015-08-06,26.611,461.0,20.0,2015-08-06,202.7,2015-08-06,12201.0,8545.0,10929.0,9386.0,0.0549935149156936,-0.1224196364383274,2015-08-06
-33.818056,19.694722,09-06-2014,0.0,0.0,0.0,-1.0,-1.0,2014-09-06,10.0,135.7,20.0,253.0,0.0,0.0,0.0,0.0,0.0,2014-09-06,11268.0,8385.0,9064.5,8192.5,8422.5,7853.0,39074.5,7652.0,21824.0,96.0,0.1083732939874579,-0.0389409438665862,2014-09-06,58.0,58.0,0.0,3.6,72.7,14.5,0.0,115.30389404296876,19.219999313354492,5.859999656677246,0.9540000557899476,0.6299999952316284,2.8899998664855957,-0.8100000023841858,2014-09-06,120.0,0.0,1.0,140.0,1.0,2014-09-06,10.0,135.7,20.0,2014-09-06,200.1,2014-09-06,11268.0,8385.0,9064.5,8192.5,0.1083732939874579,-0.0389409438665862,2014-09-06
-33.818056,19.694722,11-05-2015,0.0,0.0,0.0,-1.0,-1.0,2015-11-05,22.327,271.3,20.0,253.0,0.0,0.0,0.0,0.0,0.0,2015-11-05,14529.0,9051.5,12971.5,10465.5,9145.5,8246.5,41873.5,7922.0,21824.0,96.0,0.0566353339030197,-0.1779957317350035,2015-11-05,68.0,21.0,47.0,1.1,21.8,3.299999952316284,0.0,130.59906005859375,22.989999771118164,10.059999465942385,1.222000002861023,0.8100000023841858,2.2200000286102295,-4.269999980926514,2015-11-05,120.0,0.0,1.0,140.0,1.0,2015-11-05,22.327,271.3,20.0,2015-11-05,202.7,2015-11-05,14529.0,9051.5,12971.5,10465.5,0.0566353339030197,-0.1779957317350035,2015-11-05
-33.818056,19.694722,12-05-2014,0.0,0.0,0.0,-1.0,-1.0,2014-12-05,10.0,126.8,20.0,253.0,0.0,0.0,0.0,0.0,0.0,2014-12-05,13352.5,8542.5,10455.0,8967.0,8601.0,7880.5,41319.5,7749.0,21824.0,96.0,0.1217053449543206,-0.1006711409395968,2014-12-05,73.30000305175781,37.0,36.29999923706055,1.9,38.6,3.4000000953674316,0.0,131.70285034179688,22.28999900817871,10.119999885559082,1.222000002861023,0.75,2.7899999618530273,-0.5099999904632568,2014-12-05,120.0,0.0,1.0,140.0,1.0,2014-12-05,10.0,126.8,20.0,2014-12-05,200.1,2014-12-05,13352.5,8542.5,10455.0,8967.0,0.1217053449543206,-0.1006711409395968,2014-12-05
-33.72266667,18.61691667,11-06-2014,0.0,0.0,0.0,-1.0,-1.0,2014-11-06,115.313,1110.0,26.0,253.0,0.0,0.0,0.0,0.0,0.0,2014-11-06,15697.0,9052.0,11308.0,9246.5,8854.5,8139.0,40017.0,7897.5,21824.0,96.0,0.1625254582484719,-0.1108055009823177,2014-11-06,50.0,50.0,0.0,5.4,107.2,57.70000076293945,0.0,107.70216369628906,18.44999885559082,8.130000114440918,1.1790000200271606,0.429999977350235,3.43999981880188,-0.9399999976158142,2014-11-06,11.0,0.0,1.0,107.0,1.0,2014-11-06,115.313,1110.0,26.0,2014-11-06,192.6,2014-11-06,15697.0,9052.0,11308.0,9246.5,0.1625254582484719,-0.1108055009823177,2014-11-06
-33.7075,18.97444444,02-04-2014,0.6555635696019935,0.5725526195003607,0.0343584027276899,10.887745065897317,1308.745131466789,2014-02-04,10.518,89.9,28.0,253.0,0.0,0.0,0.0,0.0,0.0,2014-02-04,13329.0,9217.0,12695.5,10490.5,9171.5,8423.0,45332.5,8198.0,21824.0,96.0,0.0243424465407595,-0.1587450085567591,2014-02-04,99.70000457763672,27.30000114440918,72.4000015258789,1.4,27.700000000000003,7.700000286102295,0.0,178.40155029296875,27.40999984741211,13.15999984741211,1.4790000915527344,1.1200000047683716,2.309999942779541,0.9199999570846558,2014-02-04,180.0,0.0,1.0,117.0,1.0,2014-02-04,10.518,89.9,28.0,2014-02-04,203.90001,2014-02-04,13329.0,9217.0,12695.5,10490.5,0.0243424465407595,-0.1587450085567591,2014-02-04
-33.7075,18.97444444,02-12-2014,0.6555635696019935,0.5725526195003607,0.0343584027276899,10.887745065897317,1308.745131466789,2014-02-12,10.092,74.7,20.0,253.0,0.0,0.0,0.0,0.0,0.0,2014-02-12,13437.5,9469.0,12576.5,10990.0,9694.0,8702.5,48216.5,8471.0,21824.0,96.0,0.0330975628507725,-0.140958472250572,2014-02-12,203.90000915527344,6.099999904632568,197.8000030517578,0.2,3.0,12.90000057220459,0.0,326.0004577636719,29.779998779296875,16.03999900817871,1.5940001010894775,1.4299999475479126,3.9499998092651367,-1.709999918937683,2014-02-12,180.0,0.0,1.0,117.0,1.0,2014-02-12,10.092,74.7,20.0,2014-02-12,212.0,2014-02-12,13437.5,9469.0,12576.5,10990.0,0.0330975628507725,-0.140958472250572,2014-02-12
-33.7075,18.97444444,11-06-2014,0.6555635696019935,0.5725526195003607,0.0343584027276899,10.887745065897317,1308.745131466789,2014-11-06,10.47,84.7,43.0,253.0,0.0,0.0,0.0,0.0,0.0,2014-11-06,12739.5,9021.0,9606.5,8735.5,8685.0,8212.5,40067.5,7977.5,21824.0,96.0,0.1402040633670449,-0.0314320225473089,2014-11-06,53.5,53.5,0.0,6.2,123.1,70.4000015258789,0.0,107.29815673828124,18.8799991607666,7.170000076293945,1.071000099182129,0.5299999713897705,2.9800000190734863,-0.9300000071525574,2014-11-06,180.0,0.0,1.0,117.0,1.0,2014-11-06,10.47,84.7,43.0,2014-11-06,203.90001,2014-11-06,12739.5,9021.0,9606.5,8735.5,0.1402040633670449,-0.0314320225473089,2014-11-06
-33.501667,21.624167,08-12-2015,0.0,0.0,0.0,-1.0,-1.0,2015-08-12,165.155,683.0,35.0,253.0,0.0,0.0,0.0,0.0,0.0,2015-08-12,14732.0,9504.5,11970.0,9666.0,9216.0,8340.5,47442.0,8041.0,21824.0,96.0,0.1034379447232413,-0.1148105893035921,2015-08-12,189.6000061035156,8.600000381469727,181.0,0.5,9.0,0.1000000014901161,0.0,324.297119140625,29.729999542236328,13.429999351501465,1.468000054359436,1.399999976158142,2.93999981880188,-1.350000023841858,2015-08-12,120.0,0.0,1.0,186.0,1.0,2015-08-12,165.155,683.0,35.0,2015-08-12,189.6,2015-08-12,14732.0,9504.5,11970.0,9666.0,0.1034379447232413,-0.1148105893035921,2015-08-12
-33.464444,18.740556,01-10-2014,0.0,0.0,0.0,-1.0,-1.0,2014-01-10,217.664,1161.0,126.0,253.0,0.0,0.0,0.0,0.0,0.0,2014-01-10,18974.0,9606.5,13952.5,10925.5,9694.5,8422.5,44739.5,8101.5,21824.0,96.0,0.1525063398782131,-0.1844730251708468,2014-01-10,159.1999969482422,10.100000381469728,149.10000610351562,0.2,3.8,14.600000381469728,0.0,269.00396728515625,26.739999771118164,12.1899995803833,1.3140000104904177,1.159999966621399,3.93999981880188,-1.350000023841858,2014-01-10,30.0,0.0,1.0,120.0,1.0,2014-01-10,217.664,1161.0,126.0,2014-01-10,210.7,2014-01-10,18974.0,9606.5,13952.5,10925.5,0.1525063398782131,-0.1844730251708468,2014-01-10
-33.464444,18.740556,03-12-2014,0.0,0.0,0.0,-1.0,-1.0,2014-03-12,153.918,1161.0,48.0,253.0,0.0,0.0,0.0,0.0,0.0,2014-03-12,16677.5,10367.0,17339.5,14038.5,11414.0,9296.0,47853.0,8823.5,21824.0,96.0,-0.0194608578063908,-0.2516557486510377,2014-03-12,205.1000061035156,4.400000095367432,200.6999969482422,0.1,2.5,9.300000190734863,0.0,329.199462890625,29.229999542236328,15.839999198913574,1.5560001134872437,1.3899999856948853,4.25,-1.4199999570846558,2014-03-12,30.0,0.0,1.0,120.0,1.0,2014-03-12,153.918,1161.0,48.0,2014-03-12,210.7,2014-03-12,16677.5,10367.0,17339.5,14038.5,-0.0194608578063908,-0.2516557486510377,2014-03-12
-33.38056,19.30167,01-09-2014,0.0,0.0,0.0,-1.0,-1.0,2014-01-09,31.161,249.2,21.0,253.0,0.0,0.0,0.0,0.0,0.0,2014-01-09,13778.0,9756.5,13171.0,11316.5,9963.0,8699.0,41792.0,8385.0,21824.0,96.0,0.0225240268655607,-0.1489259622723797,2014-01-09,95.70000457763672,58.29999923706055,37.400001525878906,1.3,26.200000000000003,19.399999618530273,0.0,209.89678955078125,20.649999618530273,6.670000076293945,0.940000057220459,0.7699999809265137,2.4600000381469727,0.1400000005960464,2014-01-09,12.0,0.0,1.0,128.0,1.0,2014-01-09,31.161,249.2,21.0,2014-01-09,206.90001,2014-01-09,13778.0,9756.5,13171.0,11316.5,0.0225240268655607,-0.1489259622723797,2014-01-09
-33.31388889,19.07472222,02-12-2014,0.0,0.0,0.0,-1.0,-1.0,2014-02-12,28.937,244.4,26.0,253.0,0.0,0.0,0.0,0.0,0.0,2014-02-12,13876.0,9661.5,14511.0,12009.0,9960.5,8729.0,46258.5,8442.0,21824.0,96.0,-0.0223693944411173,-0.2006205398696858,2014-02-12,209.40000915527344,4.599999904632568,204.8000030517578,0.1,2.2,11.199999809265137,0.0,333.39605712890625,30.599998474121097,15.519999504089355,1.5040000677108765,1.5899999141693115,3.559999942779541,-0.5399999618530273,2014-02-12,120.0,0.0,1.0,110.0,1.0,2014-02-12,28.937,244.4,26.0,2014-02-12,216.6,2014-02-12,13876.0,9661.5,14511.0,12009.0,-0.0223693944411173,-0.2006205398696858,2014-02-12
-33.31388889,19.07472222,03-02-2015,0.0,0.0,0.0,-1.0,-1.0,2015-03-02,48.584,303.9,23.0,253.0,0.0,0.0,0.0,0.0,0.0,2015-03-02,13947.0,9458.5,13743.0,11413.0,9729.5,8521.0,47255.0,8201.0,21824.0,96.0,0.0073672806067172,-0.1846647846044428,2015-03-02,179.8000030517578,3.299999952316284,176.5,0.1,2.1,8.199999809265137,0.0,305.7961120605469,31.079999923706055,15.869999885559082,1.4760000705718994,1.6999999284744265,3.3299999237060547,-1.069999933242798,2015-03-02,120.0,0.0,1.0,110.0,1.0,2015-03-02,48.584,303.9,23.0,2015-03-02,207.5,2015-03-02,13947.0,9458.5,13743.0,11413.0,0.0073672806067172,-0.1846647846044428,2015-03-02
-33.31388889,19.07472222,08-04-2014,0.0,0.0,0.0,-1.0,-1.0,2014-08-04,37.515,225.7,24.0,253.0,0.0,0.0,0.0,0.0,0.0,2014-08-04,13013.0,8813.0,11795.5,9866.0,8864.0,8148.0,45160.0,7923.0,21824.0,96.0,0.0490759215591428,-0.1447218380765211,2014-08-04,99.0999984741211,20.80000114440918,78.30000305175781,1.0,21.0,7.099999904632568,0.0,180.8997344970703,27.799999237060547,13.389999389648438,1.377000093460083,1.2699999809265137,1.919999957084656,1.0,2014-08-04,120.0,0.0,1.0,110.0,1.0,2014-08-04,37.515,225.7,24.0,2014-08-04,209.40001,2014-08-04,13013.0,8813.0,11795.5,9866.0,0.0490759215591428,-0.1447218380765211,2014-08-04
-33.31388889,19.07472222,08-09-2014,0.0,0.0,0.0,-1.0,-1.0,2014-08-09,21.663,183.0,20.0,253.0,0.0,0.0,0.0,0.0,0.0,2014-08-09,12036.5,8774.5,10749.5,9465.0,8713.0,8089.0,42628.5,7826.5,21824.0,96.0,0.0564820503818131,-0.1011575496824416,2014-08-09,92.5999984741211,68.30000305175781,24.30000114440918,1.4,28.0,26.100000381469727,0.0,207.101806640625,22.90999984741211,9.06999969482422,1.1540000438690186,0.8299999833106995,1.829999923706055,0.1400000005960464,2014-08-09,120.0,0.0,1.0,110.0,1.0,2014-08-09,21.663,183.0,20.0,2014-08-09,216.6,2014-08-09,12036.5,8774.5,10749.5,9465.0,0.0564820503818131,-0.1011575496824416,2014-08-09
-33.13083,18.86278,01-10-2014,0.0,0.0,0.0,-1.0,-1.0,2014-01-10,32.961,321.9,57.0,34.0,1.0,4.0,31.0,0.0,10.0,2014-01-10,14364.5,9956.0,11367.5,10115.0,10186.0,8674.5,44460.0,8364.0,21824.0,96.0,0.1164697652728116,-0.0661945740614811,2014-01-10,159.6999969482422,9.100000381469728,150.60000610351562,0.1,2.5,15.600000381469728,0.0,270.3973388671875,28.059999465942383,12.799999237060549,1.3300000429153442,1.319999933242798,3.2100000381469727,-1.100000023841858,2014-01-10,11.0,0.0,1.0,123.0,1.0,2014-01-10,32.961,321.9,57.0,2014-01-10,209.40001,2014-01-10,14364.5,9956.0,11367.5,10115.0,0.1164697652728116,-0.0661945740614811,2014-01-10
-33.13083,18.86278,01-10-2015,0.0,0.0,0.0,-1.0,-1.0,2015-01-10,27.643,263.6,81.0,34.0,1.0,4.0,31.0,0.0,10.0,2015-01-10,15389.0,9642.5,12306.5,10945.0,9498.0,8420.5,43716.5,8050.0,21824.0,96.0,0.1112996696214182,-0.121372272085288,2015-01-10,149.1999969482422,9.600000381469728,139.60000610351562,0.2,3.1,15.600000381469728,0.0,258.6960144042969,27.510000228881836,13.56999969482422,1.3860000371932983,1.2400000095367432,2.8899998664855957,-2.740000009536743,2015-01-10,11.0,0.0,1.0,123.0,1.0,2015-01-10,27.643,263.6,81.0,2015-01-10,209.90001,2015-01-10,15389.0,9642.5,12306.5,10945.0,0.1112996696214182,-0.121372272085288,2015-01-10
-33.13083,18.86278,03-04-2014,0.0,0.0,0.0,-1.0,-1.0,2014-03-04,20.059,192.1,20.0,34.0,1.0,4.0,31.0,0.0,10.0,2014-03-04,17099.0,10975.5,15583.0,13148.5,11573.5,9458.0,45567.0,8912.5,21824.0,96.0,0.0463863900618075,-0.1734849483216289,2014-03-04,101.20000457763672,18.200000762939453,83.0,0.9,18.3,6.5,0.0,181.50161743164065,28.51999855041504,14.34000015258789,1.418000102043152,1.3600000143051147,1.8899999856948853,1.1100000143051147,2014-03-04,11.0,0.0,1.0,123.0,1.0,2014-03-04,20.059,192.1,20.0,2014-03-04,212.90001,2014-03-04,17099.0,10975.5,15583.0,13148.5,0.0463863900618075,-0.1734849483216289,2014-03-04
-33.13083,18.86278,03-12-2014,0.0,0.0,0.0,-1.0,-1.0,2014-03-12,20.476,213.6,26.0,34.0,1.0,4.0,31.0,0.0,10.0,2014-03-12,16348.0,10538.0,15856.5,13327.0,11213.0,9306.5,47727.0,8795.0,21824.0,96.0,0.015261842289121,-0.201500312565117,2014-03-12,212.90000915527344,3.900000095367432,209.0,0.1,1.8,10.0,0.0,333.00030517578125,31.13999938964844,16.229999542236328,1.5360000133514404,1.6699999570846558,3.5299999713897705,-1.1399999856948853,2014-03-12,11.0,0.0,1.0,123.0,1.0,2014-03-12,20.476,213.6,26.0,2014-03-12,209.40001,2014-03-12,16348.0,10538.0,15856.5,13327.0,0.015261842289121,-0.201500312565117,2014-03-12
-33.13083,18.86278,05-02-2015,0.0,0.0,0.0,-1.0,-1.0,2015-05-02,58.788,143.4,20.0,34.0,1.0,4.0,31.0,0.0,10.0,2015-05-02,16360.5,11026.5,15267.5,13194.0,11615.0,9462.5,47620.5,8767.0,21824.0,96.0,0.0345579865941569,-0.161291549402905,2015-05-02,178.0,2.5,175.5,0.1,1.4,7.400000095367432,0.0,302.50341796875,31.549999237060547,16.420000076293945,1.5250000953674316,1.7400000095367432,3.0999999046325684,-1.5099999904632568,2015-05-02,11.0,0.0,1.0,123.0,1.0,2015-05-02,58.788,143.4,20.0,2015-05-02,209.90001,2015-05-02,16360.5,11026.5,15267.5,13194.0,0.0345579865941569,-0.161291549402905,2015-05-02
-33.13083,18.86278,11-06-2014,0.0,0.0,0.0,-1.0,-1.0,2014-11-06,20.812,186.2,79.0,34.0,1.0,4.0,31.0,0.0,10.0,2014-11-06,11463.5,9666.0,9103.5,8229.5,9720.0,8334.0,39755.5,7804.5,21824.0,96.0,0.1147469246851747,0.0299688324142889,2014-11-06,55.900001525878906,55.900001525878906,0.0,4.0,80.5,26.399999618530273,0.0,111.40408325195312,19.469999313354492,8.069999694824219,1.0440000295639038,0.6299999952316284,2.5199999809265137,0.0499999970197677,2014-11-06,11.0,0.0,1.0,123.0,1.0,2014-11-06,20.812,186.2,79.0,2014-11-06,212.90001,2014-11-06,11463.5,9666.0,9103.5,8229.5,0.1147469246851747,0.0299688324142889,2014-11-06
-33.13083,18.86278,12-05-2014,0.0,0.0,0.0,-1.0,-1.0,2014-12-05,28.981,382.0,36.0,34.0,1.0,4.0,31.0,0.0,10.0,2014-12-05,14389.0,10431.5,12909.0,11037.0,10928.5,9165.5,41626.0,8682.0,21824.0,96.0,0.0542164261118028,-0.1061459694522392,2014-12-05,71.4000015258789,36.400001525878906,35.0,1.9,37.6,5.800000190734863,0.0,126.79718017578124,23.299999237060547,12.309999465942385,1.2970000505447388,0.85999995470047,2.15999984741211,-0.4699999988079071,2014-12-05,11.0,0.0,1.0,123.0,1.0,2014-12-05,28.981,382.0,36.0,2014-12-05,212.90001,2014-12-05,14389.0,10431.5,12909.0,11037.0,0.0542164261118028,-0.1061459694522392,2014-12-05
-33.08883333,19.21878333,03-02-2014,0.0,0.0,0.0,-1.0,-1.0,2014-03-02,6.751,52.6,10.0,253.0,0.0,0.0,0.0,0.0,0.0,2014-03-02,14438.0,9874.0,15724.0,13121.5,10280.0,8769.0,46842.0,8414.0,21824.0,96.0,-0.0426364299449637,-0.2285334791780599,2014-03-02,168.40000915527344,4.099999904632568,164.3000030517578,0.2,3.3000000000000003,6.099999904632568,0.0,304.7040710449219,29.670000076293945,15.219999313354492,1.4320000410079956,1.5299999713897705,3.0899999141693115,0.7099999785423279,2014-03-02,120.0,0.0,1.0,139.0,1.0,2014-03-02,6.751,52.6,10.0,2014-03-02,198.90001,2014-03-02,14438.0,9874.0,15724.0,13121.5,-0.0426364299449637,-0.2285334791780599,2014-03-02
-33.08883333,19.21878333,10-09-2014,0.0,0.0,0.0,-1.0,-1.0,2014-10-09,10.0,61.0,20.0,253.0,0.0,0.0,0.0,0.0,0.0,2014-10-09,12768.5,9459.0,13521.0,11630.0,9702.5,8663.0,41780.5,8357.5,21824.0,96.0,-0.0286235949713762,-0.176762402088772,2014-10-09,103.4000015258789,20.399999618530273,83.0,1.0,19.4,8.600000381469727,0.0,216.8966522216797,20.170000076293945,5.569999694824219,0.8660000562667847,0.7799999713897705,3.2100000381469727,-0.550000011920929,2014-10-09,120.0,0.0,1.0,139.0,1.0,2014-10-09,10.0,61.0,20.0,2014-10-09,205.3,2014-10-09,12768.5,9459.0,13521.0,11630.0,-0.0286235949713762,-0.176762402088772,2014-10-09
-33.08883333,19.21878333,12-08-2014,0.0,0.0,0.0,-1.0,-1.0,2014-12-08,11.518,59.0,20.0,253.0,0.0,0.0,0.0,0.0,0.0,2014-12-08,12788.0,9411.5,12929.5,10983.5,9752.0,8471.0,41541.0,7995.0,21824.0,96.0,-0.0055020900165256,-0.1574683317667062,2014-12-08,66.30000305175781,62.5,3.799999952316284,3.2,64.8,10.699999809265137,0.0,156.29718017578125,16.969999313354492,5.21999979019165,0.8420000672340393,0.5699999928474426,2.40999984741211,0.1400000005960464,2014-12-08,120.0,0.0,1.0,139.0,1.0,2014-12-08,11.518,59.0,20.0,2014-12-08,205.3,2014-12-08,12788.0,9411.5,12929.5,10983.5,-0.0055020900165256,-0.1574683317667062,2014-12-08
-32.94583,18.33667,06-03-2014,0.0,0.0,0.0,-1.0,-1.0,2014-06-03,55.687,967.0,10.0,253.0,0.0,0.0,0.0,0.0,0.0,2014-06-03,16326.5,8997.5,11827.5,9641.5,9061.5,8051.0,44317.0,7729.5,21824.0,96.0,0.1597996732258288,-0.1358943577430966,2014-06-03,143.3000030517578,21.200000762939453,122.0999984741211,1.1,21.700000000000003,4.700000286102295,0.0,237.4015350341797,26.559999465942383,14.539999961853027,1.5420000553131104,1.0299999713897705,3.669999837875366,0.9699999690055848,2014-06-03,210.0,0.0,1.0,100.0,1.0,2014-06-03,55.687,967.0,10.0,2014-06-03,197.8,2014-06-03,16326.5,8997.5,11827.5,9641.5,0.1597996732258288,-0.1358943577430966,2014-06-03
-32.601389,18.750556,12-06-2014,0.0,0.0,0.0,-1.0,-1.0,2014-12-06,51.401,960.0,38.0,253.0,0.0,0.0,0.0,0.0,0.0,2014-12-06,14255.0,9425.5,13562.0,11370.0,9468.5,8525.0,40384.5,8183.5,21824.0,96.0,0.0249128230937914,-0.1799456226209889,2014-12-06,62.70000076293945,60.70000076293945,2.0,3.2,63.7,3.700000047683716,0.0,115.9964599609375,19.920000076293945,7.149999618530273,0.987000048160553,0.6899999976158142,2.859999895095825,-1.0299999713897705,2014-12-06,30.0,1.0,1.0,133.0,1.0,2014-12-06,51.401,960.0,38.0,2014-12-06,223.40001,2014-12-06,14255.0,9425.5,13562.0,11370.0,0.0249128230937914,-0.1799456226209889,2014-12-06
-32.595833,19.009444,09-04-2014,0.7978348940692036,0.7808992495184963,0.0169356445507073,17.25536295410772,1589.196719133958,2014-09-04,10.0,79.0,20.0,253.0,0.0,0.0,0.0,0.0,0.0,2014-09-04,14793.5,9286.0,13363.5,10608.5,9413.5,8250.0,44943.5,7766.5,21824.0,160.0,0.0507866605107076,-0.1800260491401568,2014-09-04,107.4000015258789,12.0,95.4000015258789,0.6000000000000001,12.2,4.700000286102295,0.0,187.70172119140625,29.189998626708984,12.649999618530272,1.311000108718872,1.459999918937683,1.9799998998641968,-0.7299999594688416,2014-09-04,12.0,0.0,1.0,130.0,1.0,2014-09-04,10.0,79.0,20.0,2014-09-04,223.1,2014-09-04,14793.5,9286.0,13363.5,10608.5,0.0507866605107076,-0.1800260491401568,2014-09-04
-32.502778,19.535833,03-03-2014,0.0,0.0,0.0,-1.0,-1.0,2014-03-03,15.654,145.2,10.0,253.0,0.0,0.0,0.0,0.0,0.0,2014-03-03,17419.5,12166.0,18537.0,16217.5,13204.5,10121.0,46589.5,9800.5,21824.0,96.0,-0.0310792207250426,-0.2075041526886616,2014-03-03,170.0,16.80000114440918,153.1999969482422,0.9,17.7,0.5,0.0,248.30120849609375,30.689998626708984,14.139999389648438,1.2640000581741333,1.7599999904632568,2.93999981880188,0.2199999988079071,2014-03-03,120.0,0.0,1.0,158.0,1.0,2014-03-03,15.654,145.2,10.0,2014-03-03,233.8,2014-03-03,17419.5,12166.0,18537.0,16217.5,-0.0310792207250426,-0.2075041526886616,2014-03-03
-32.502778,19.535833,05-05-2014,0.0,0.0,0.0,-1.0,-1.0,2014-05-05,10.0,90.9,20.0,253.0,0.0,0.0,0.0,0.0,0.0,2014-05-05,16067.0,10943.0,16280.0,13908.5,12375.0,9470.5,41611.0,8897.5,21824.0,96.0,-0.0065848455807338,-0.1960474598684928,2014-05-05,88.80000305175781,16.80000114440918,72.0,0.9,17.6,0.5,0.0,137.8040313720703,23.689998626708984,9.260000228881836,1.034000039100647,1.0199999809265137,2.859999895095825,-1.329999923706055,2014-05-05,120.0,0.0,1.0,158.0,1.0,2014-05-05,10.0,90.9,20.0,2014-05-05,233.8,2014-05-05,16067.0,10943.0,16280.0,13908.5,-0.0065848455807338,-0.1960474598684928,2014-05-05
-32.502778,19.535833,09-06-2014,0.0,0.0,0.0,-1.0,-1.0,2014-09-06,10.0,80.8,20.0,253.0,0.0,0.0,0.0,0.0,0.0,2014-09-06,14895.0,10514.0,14724.0,12711.0,11404.0,9116.0,39973.5,8639.0,21824.0,160.0,0.0057733211789729,-0.1668119502337738,2014-09-06,64.5999984741211,41.79999923706055,22.80000114440918,2.2,44.0,0.5,0.0,121.10000610351562,19.40999984741211,4.679999828338623,0.7890000343322754,0.7699999809265137,2.5899999141693115,-1.2899999618530271,2014-09-06,120.0,0.0,1.0,158.0,1.0,2014-09-06,10.0,80.8,20.0,2014-09-06,233.8,2014-09-06,14895.0,10514.0,14724.0,12711.0,0.0057733211789729,-0.1668119502337738,2014-09-06
-31.860278,18.6875,02-09-2014,0.0,0.0,0.0,-1.0,-1.0,2014-02-09,13.252,111.0,20.0,253.0,0.0,0.0,0.0,0.0,0.0,2014-02-09,11871.0,9624.5,11544.5,10294.5,9973.5,8442.5,42459.5,7956.5,21824.0,160.0,0.0139437552048855,-0.090698663139496,2014-02-09,117.4000015258789,11.699999809265137,105.70000457763672,0.6000000000000001,12.3,0.5,0.0,221.8023223876953,24.51999855041504,8.59999942779541,1.0390000343322754,1.069999933242798,2.819999933242798,-0.3700000047683716,2014-02-09,120.0,0.0,1.0,121.0,1.0,2014-02-09,13.252,111.0,20.0,2014-02-09,229.40001,2014-02-09,11871.0,9624.5,11544.5,10294.5,0.0139437552048855,-0.090698663139496,2014-02-09
-31.5653,18.3306,12-02-2014,0.0,0.0,0.0,-1.0,-1.0,2014-12-02,235.889,188.1,49.0,130.0,1.0,1.0,38.0,0.0,10.0,2014-12-02,20070.5,9603.0,15560.5,12262.0,9680.0,8277.0,45353.0,7774.0,21824.0,224.0,0.1265751733041449,-0.2367516442466261,2014-12-02,186.8000030517578,0.9000000357627869,185.90000915527344,0.0,1.0,0.2000000029802322,0.0,298.9986572265625,31.670000076293945,17.28999900817871,1.746000051498413,1.5899999141693115,4.440000057220459,0.959999978542328,2014-12-02,12.0,0.0,1.0,106.0,1.0,2014-12-02,235.889,188.1,49.0,2014-12-02,213.1,2014-12-02,20070.5,9603.0,15560.5,12262.0,0.1265751733041449,-0.2367516442466261,2014-12-02
-31.554722,29.245556,01-09-2015,0.0,0.0,0.0,-1.0,-1.0,2015-01-09,95.221,286.4,20.0,253.0,0.0,0.0,0.0,0.0,0.0,2015-01-09,13624.5,9573.5,14212.0,11971.5,9599.0,8479.0,43802.0,8077.5,21824.0,224.0,-0.0211053832198731,-0.195013768892812,2015-01-09,104.5999984741211,51.29999923706055,53.29999923706055,2.6,52.900000000000006,6.5,0.0,182.8011932373047,23.63999938964844,13.119999885559082,1.3870000839233398,0.8399999737739563,3.5799999237060547,-2.5299999713897705,2015-01-09,40.0,0.0,1.0,261.0,1.0,2015-01-09,95.221,286.4,20.0,2015-01-09,145.2,2015-01-09,13624.5,9573.5,14212.0,11971.5,-0.0211053832198731,-0.195013768892812,2015-01-09
-31.554722,29.245556,02-04-2013,0.0,0.0,0.0,-1.0,-1.0,2013-02-04,42.657,163.7,27.0,253.0,0.0,0.0,0.0,0.0,0.0,2013-02-04,18987.5,9230.5,13441.0,10050.5,8790.0,8082.5,44509.0,7878.0,21824.0,96.0,0.1710378216692102,-0.1857177513618411,2013-02-04,98.8000030517578,95.20000457763672,3.6000001430511475,4.7,93.7,44.400001525878906,0.0,166.39614868164062,25.059999465942383,13.829999923706056,1.5780000686645508,0.8100000023841858,3.4600000381469727,-1.1299999952316284,2013-02-04,40.0,0.0,1.0,261.0,1.0,2013-02-04,42.657,163.7,27.0,2013-02-04,117.5,2013-02-04,18987.5,9230.5,13441.0,10050.5,0.1710378216692102,-0.1857177513618411,2013-02-04
-31.554722,29.245556,02-09-2013,0.0,0.0,0.0,-1.0,-1.0,2013-02-09,111.602,310.85,10.0,253.0,0.0,0.0,0.0,0.0,0.0,2013-02-09,14881.0,9555.5,14787.0,12203.5,9762.0,8497.0,45241.0,8171.5,21824.0,145.0,0.0031683969259808,-0.2149121906131243,2013-02-09,113.70000457763672,3.299999952316284,110.4000015258789,0.1,2.2,6.900000095367432,0.0,220.9991455078125,23.1299991607666,11.479999542236328,1.2890000343322754,0.8100000023841858,3.7200000286102295,-3.559999942779541,2013-02-09,40.0,0.0,1.0,261.0,1.0,2013-02-09,111.602,310.85,10.0,2013-02-09,147.0,2013-02-09,14881.0,9555.5,14787.0,12203.5,0.0031683969259808,-0.2149121906131243,2013-02-09
-31.554722,29.245556,03-08-2015,0.0,0.0,0.0,-1.0,-1.0,2015-03-08,107.4,293.0,125.0,253.0,0.0,0.0,0.0,0.0,0.0,2015-03-08,14958.0,9611.0,15205.5,12552.5,9537.5,8715.0,41976.5,8468.0,21824.0,96.0,-0.0082052812173653,-0.2254346906292175,2015-03-08,96.8000030517578,14.90000057220459,81.9000015258789,0.7000000000000001,14.2,7.5,0.0,162.0018310546875,21.75,9.859999656677246,0.9980000257492064,0.9199999570846558,3.240000009536743,-2.419999837875366,2015-03-08,40.0,0.0,1.0,261.0,1.0,2015-03-08,107.4,293.0,125.0,2015-03-08,145.2,2015-03-08,14958.0,9611.0,15205.5,12552.5,-0.0082052812173653,-0.2254346906292175,2015-03-08
-31.554722,29.245556,05-06-2015,0.0,0.0,0.0,-1.0,-1.0,2015-05-06,77.221,232.2,20.0,253.0,0.0,0.0,0.0,0.0,0.0,2015-05-06,16925.5,9456.5,14779.5,11437.5,9252.0,8481.0,43079.0,8214.5,21824.0,96.0,0.0676864847815799,-0.2196319524674029,2015-05-06,84.5,65.0,19.5,3.3000000000000003,66.4,8.40000057220459,0.0,118.90348815917967,22.61999893188477,10.710000038146973,1.0120000839233398,1.0099999904632568,3.3299999237060547,-3.1399998664855957,2015-05-06,40.0,0.0,1.0,261.0,1.0,2015-05-06,77.221,232.2,20.0,2015-05-06,145.2,2015-05-06,16925.5,9456.5,14779.5,11437.5,0.0676864847815799,-0.2196319524674029,2015-05-06
-31.554722,29.245556,05-10-2015,0.0,0.0,0.0,-1.0,-1.0,2015-05-10,104.418,302.5,20.0,253.0,0.0,0.0,0.0,0.0,0.0,2015-05-10,13639.5,9311.5,13636.5,11563.0,9309.5,8482.5,46160.0,8234.5,21824.0,160.0,0.0001099868015838,-0.1884695834059604,2015-05-10,138.60000610351562,32.900001525878906,105.70000457763672,1.7000000000000002,33.800000000000004,5.700000286102295,0.0,234.0008544921875,26.11999893188477,15.649999618530272,1.6220000982284546,0.9699999690055848,3.5799999237060547,-3.5,2015-05-10,40.0,0.0,1.0,261.0,1.0,2015-05-10,104.418,302.5,20.0,2015-05-10,145.2,2015-05-10,13639.5,9311.5,13636.5,11563.0,0.0001099868015838,-0.1884695834059604,2015-05-10
-31.554722,29.245556,07-04-2015,0.0,0.0,0.0,-1.0,-1.0,2015-07-04,71.759,244.5,20.0,253.0,0.0,0.0,0.0,0.0,0.0,2015-07-04,19259.5,9290.5,14039.0,10406.5,8624.5,8159.5,44389.5,8014.5,21824.0,96.0,0.1567788338814056,-0.2035405816669873,2015-07-04,83.5999984741211,59.70000076293945,23.899999618530273,2.8000000000000003,56.0,13.5,0.0,163.59927368164062,23.299999237060547,13.859999656677246,1.6530001163482666,0.5799999833106995,2.8499999046325684,-3.4800000190734863,2015-07-04,40.0,0.0,1.0,261.0,1.0,2015-07-04,71.759,244.5,20.0,2015-07-04,145.2,2015-07-04,19259.5,9290.5,14039.0,10406.5,0.1567788338814056,-0.2035405816669873,2015-07-04
-31.554722,29.245556,09-06-2014,0.0,0.0,0.0,-1.0,-1.0,2014-09-06,98.129,267.5,74.0,253.0,0.0,0.0,0.0,0.0,0.0,2014-09-06,17108.0,9351.5,14482.5,11073.0,9201.5,8200.5,42689.0,7986.5,21824.0,96.0,0.083110428768142,-0.2152806914491893,2014-09-06,93.4000015258789,7.0,86.4000015258789,0.1,1.3,12.90000057220459,0.0,129.30360412597656,23.719999313354492,9.269999504089355,0.9380000233650208,1.1200000047683716,3.5799999237060547,-1.090000033378601,2014-09-06,40.0,0.0,1.0,261.0,1.0,2014-09-06,98.129,267.5,74.0,2014-09-06,123.6,2014-09-06,17108.0,9351.5,14482.5,11073.0,0.083110428768142,-0.2152806914491893,2014-09-06
-31.554722,29.245556,09-07-2013,0.0,0.0,0.0,-1.0,-1.0,2013-09-07,104.045,309.1,10.0,253.0,0.0,0.0,0.0,0.0,0.0,2013-09-07,19503.5,10004.0,15446.0,11822.5,9869.5,8504.5,41384.0,7964.0,21824.0,224.0,0.1160960814890052,-0.2138310412573665,2013-09-07,85.80000305175781,15.90000057220459,69.9000015258789,0.7000000000000001,13.7,9.90000057220459,0.0,124.400634765625,23.100000381469727,10.920000076293944,1.043000102043152,1.0299999713897705,3.179999828338623,-1.96999990940094,2013-09-07,40.0,0.0,1.0,261.0,1.0,2013-09-07,104.045,309.1,10.0,2013-09-07,147.0,2013-09-07,19503.5,10004.0,15446.0,11822.5,0.1160960814890052,-0.2138310412573665,2013-09-07
-31.554722,29.245556,09-09-2014,0.0,0.0,0.0,-1.0,-1.0,2014-09-09,108.593,315.1,20.0,253.0,0.0,0.0,0.0,0.0,0.0,2014-09-09,15070.0,9530.5,14217.0,11686.5,9590.0,8438.5,44422.5,8049.0,21824.0,224.0,0.0291255505855839,-0.1973470891672799,2014-09-09,115.4000015258789,40.5,74.9000015258789,2.1,41.400000000000006,7.0,0.0,201.8993225097656,24.3799991607666,12.949999809265137,1.3930000066757202,0.8899999856948853,3.839999914169311,-2.129999876022339,2014-09-09,40.0,0.0,1.0,261.0,1.0,2014-09-09,108.593,315.1,20.0,2014-09-09,146.7,2014-09-09,15070.0,9530.5,14217.0,11686.5,0.0291255505855839,-0.1973470891672799,2014-09-09
-31.554722,29.245556,09-10-2014,0.0,0.0,0.0,-1.0,-1.0,2014-09-10,108.112,326.7,20.0,253.0,0.0,0.0,0.0,0.0,0.0,2014-09-10,15048.0,9442.0,14210.5,11579.0,9594.0,8362.0,45767.5,7965.5,21824.0,224.0,0.0286241605003673,-0.2016065954973039,2014-09-10,124.20000457763672,22.80000114440918,101.4000015258789,1.2000000000000002,23.0,6.099999904632568,0.0,201.8003845214844,24.90999984741211,14.539999961853027,1.568000078201294,0.8399999737739563,3.7699999809265137,-3.109999895095825,2014-09-10,40.0,0.0,1.0,261.0,1.0,2014-09-10,108.112,326.7,20.0,2014-09-10,146.7,2014-09-10,15048.0,9442.0,14210.5,11579.0,0.0286241605003673,-0.2016065954973039,2014-09-10
-31.554722,29.245556,09-12-2014,0.0,0.0,0.0,-1.0,-1.0,2014-09-12,99.591,289.1,20.0,253.0,0.0,0.0,0.0,0.0,0.0,2014-09-12,18506.5,9304.5,13435.0,10261.5,8784.5,8113.0,47786.0,7962.0,21824.0,96.0,0.1587746348793884,-0.1816442753798448,2014-09-12,123.5999984741211,123.5999984741211,0.0,7.5,150.1,24.399999618530273,0.0,223.20394897460935,25.489999771118164,17.25,1.9880000352859497,0.6399999856948853,3.3399999141693115,-1.7999999523162842,2014-09-12,40.0,0.0,1.0,261.0,1.0,2014-09-12,99.591,289.1,20.0,2014-09-12,146.7,2014-09-12,18506.5,9304.5,13435.0,10261.5,0.1587746348793884,-0.1816442753798448,2014-09-12
-31.554722,29.245556,10-03-2015,0.0,0.0,0.0,-1.0,-1.0,2015-10-03,78.715,246.1,130.0,253.0,0.0,0.0,0.0,0.0,0.0,2015-10-03,17048.5,9172.5,14042.0,10675.0,8720.0,8198.5,47301.5,8041.5,21824.0,96.0,0.0967015647866708,-0.2097611406663929,2015-10-03,117.70000457763672,117.70000457763672,0.0,6.7,133.20000000000002,20.0,0.0,206.90138244628903,27.299999237060547,17.78999900817871,2.0220000743865967,0.8199999928474426,2.7799999713897705,-3.6999998092651367,2015-10-03,40.0,0.0,1.0,261.0,1.0,2015-10-03,78.715,246.1,130.0,2015-10-03,145.2,2015-10-03,17048.5,9172.5,14042.0,10675.0,0.0967015647866708,-0.2097611406663929,2015-10-03
-31.554722,29.245556,10-06-2013,0.0,0.0,0.0,-1.0,-1.0,2013-10-06,85.95,289.3,10.0,253.0,0.0,0.0,0.0,0.0,0.0,2013-10-06,19195.5,9451.0,14490.0,10849.0,9471.0,8250.0,42716.5,7918.5,21824.0,96.0,0.1396891837734332,-0.2104757528925266,2013-10-06,81.4000015258789,13.5,67.9000015258789,0.4,8.3,12.800000190734863,0.0,131.2009735107422,22.35999870300293,10.149999618530272,1.0250000953674316,0.949999988079071,3.3299999237060547,-1.659999966621399,2013-10-06,40.0,0.0,1.0,261.0,1.0,2013-10-06,85.95,289.3,10.0,2013-10-06,117.5,2013-10-06,19195.5,9451.0,14490.0,10849.0,0.1396891837734332,-0.2104757528925266,2013-10-06
-31.554722,29.245556,11-05-2015,0.0,0.0,0.0,-1.0,-1.0,2015-11-05,74.21,216.1,20.0,253.0,0.0,0.0,0.0,0.0,0.0,2015-11-05,18325.0,9381.5,14343.0,10826.0,8947.0,8211.0,43468.5,7921.0,21824.0,96.0,0.121892983959838,-0.2091298025248152,2015-11-05,93.8000030517578,30.100000381469727,63.70000076293945,1.4,28.4,10.300000190734863,0.0,138.89598083496094,26.13999938964844,13.50999927520752,1.340000033378601,1.1399999856948853,3.109999895095825,-3.849999904632568,2015-11-05,40.0,0.0,1.0,261.0,1.0,2015-11-05,74.21,216.1,20.0,2015-11-05,145.2,2015-11-05,18325.0,9381.5,14343.0,10826.0,0.121892983959838,-0.2091298025248152,2015-11-05
-31.554722,29.245556,12-05-2014,0.0,0.0,0.0,-1.0,-1.0,2014-12-05,87.762,259.3,124.0,253.0,0.0,0.0,0.0,0.0,0.0,2014-12-05,19247.5,9282.5,13694.5,10124.5,8755.0,8184.0,43992.5,8068.0,21824.0,96.0,0.1685690000607122,-0.1920181050615825,2014-12-05,101.5,51.5,50.0,1.0,20.6,18.600000381469727,0.0,140.6979522705078,25.61999893188477,13.00999927520752,1.3030000925064087,1.100000023841858,3.7099997997283936,1.4499999284744265,2014-12-05,40.0,0.0,1.0,261.0,1.0,2014-12-05,87.762,259.3,124.0,2014-12-05,123.6,2014-12-05,19247.5,9282.5,13694.5,10124.5,0.1685690000607122,-0.1920181050615825,2014-12-05
-31.436944,20.474722,02-12-2015,0.0,0.0,0.0,-1.0,-1.0,2015-02-12,85.9415,211.5,20.0,253.0,0.0,0.0,0.0,0.0,0.0,2015-02-12,16728.0,12927.0,19100.5,17651.5,14567.0,10718.5,52005.5,9766.0,21824.0,145.0,-0.0662182340873883,-0.1927562251190377,2015-02-12,235.8000030517578,4.800000190734863,231.0,0.3,5.1000000000000005,0.0,0.0,345.0964660644531,33.14999771118164,14.0,1.069000005722046,2.2799999713897705,3.43999981880188,-1.8899999856948853,2015-02-12,130.0,0.0,1.0,223.0,1.0,2015-02-12,85.9415,211.5,20.0,2015-02-12,235.8,2015-02-12,16728.0,12927.0,19100.5,17651.5,-0.0662182340873883,-0.1927562251190377,2015-02-12
-31.436944,20.474722,03-09-2014,0.0,0.0,0.0,-1.0,-1.0,2014-03-09,104.414,308.2666667,20.0,253.0,0.0,0.0,0.0,0.0,0.0,2014-03-09,14049.5,11315.0,15162.0,14198.0,12190.0,9577.5,45859.0,8882.5,21824.0,160.0,-0.0380843161083818,-0.1452959172111638,2014-03-09,126.4000015258789,6.5,119.9000015258789,0.3,6.9,0.0,0.0,235.20016479492188,23.84000015258789,5.059999942779541,0.6480000019073486,1.2699999809265137,2.7899999618530273,-1.159999966621399,2014-03-09,130.0,0.0,1.0,223.0,1.0,2014-03-09,104.414,308.2666667,20.0,2014-03-09,233.7,2014-03-09,14049.5,11315.0,15162.0,14198.0,-0.0380843161083818,-0.1452959172111638,2014-03-09
-31.436944,20.474722,08-07-2014,0.0,0.0,0.0,-1.0,-1.0,2014-08-07,112.443,260.4,20.0,253.0,0.0,0.0,0.0,0.0,0.0,2014-08-07,13627.5,10320.0,13867.5,12991.5,11301.0,9055.5,39419.0,8504.0,21824.0,96.0,-0.0087288597926895,-0.146666666666666,2014-08-07,73.0999984741211,12.600000381469728,60.5,0.7000000000000001,13.3,0.0,0.0,142.19851684570312,16.56999969482422,1.329999923706055,0.578000009059906,0.699999988079071,3.240000009536743,-1.3600000143051147,2014-08-07,130.0,0.0,1.0,223.0,1.0,2014-08-07,112.443,260.4,20.0,2014-08-07,236.8,2014-08-07,13627.5,10320.0,13867.5,12991.5,-0.0087288597926895,-0.146666666666666,2014-08-07
-31.436944,20.474722,12-04-2013,0.0,0.0,0.0,-1.0,-1.0,2013-12-04,114.017,302.0,10.0,253.0,0.0,0.0,0.0,0.0,0.0,2013-12-04,15697.0,11482.0,15284.0,14174.5,12410.0,9653.5,43894.0,8908.5,21824.0,160.0,0.0133307511055162,-0.1420458791003506,2013-12-04,124.8000030517578,13.40000057220459,111.4000015258789,0.7000000000000001,14.1,0.0,0.0,203.6979217529297,24.93000030517578,7.199999809265137,0.8320000171661377,1.2599999904632568,3.0299999713897705,-1.709999918937683,2013-12-04,130.0,0.0,1.0,223.0,1.0,2013-12-04,114.017,302.0,10.0,2013-12-04,231.6,2013-12-04,15697.0,11482.0,15284.0,14174.5,0.0133307511055162,-0.1420458791003506,2013-12-04
-31.396,29.2651,01-06-2015,0.0,0.0,0.0,-1.0,-1.0,2015-01-06,84.464,182.2,20.0,114.0,1.0,72.0,97.0,7.0,8.0,2015-01-06,9667.0,10388.5,8995.0,8744.0,9986.5,9246.5,42192.5,8733.0,21952.0,96.0,0.0360090022505624,0.0718910413496011,2015-01-06,75.70000457763672,62.79999923706055,12.90000057220459,3.3000000000000003,65.10000000000001,6.200000286102295,0.0,120.40313720703124,22.239999771118164,10.219999313354492,1.037000060081482,0.9300000071525574,2.8499999046325684,-3.3999998569488525,2015-01-06,130.0,0.0,1.0,286.0,1.0,2015-01-06,84.464,182.2,20.0,2015-01-06,155.7,2015-01-06,9667.0,10388.5,8995.0,8744.0,0.0360090022505624,0.0718910413496011,2015-01-06
-31.396,29.2651,01-09-2015,0.0,0.0,0.0,-1.0,-1.0,2015-01-09,94.642,224.2,20.0,114.0,1.0,72.0,97.0,7.0,8.0,2015-01-09,10493.5,10787.5,9761.0,9123.5,10902.5,9300.5,43270.0,8751.0,21952.0,224.0,0.0361648028833097,0.0499549845487502,2015-01-09,103.9000015258789,49.70000076293945,54.20000076293945,2.5,50.6,7.900000095367432,0.0,183.2005615234375,24.31999969482422,13.729999542236328,1.433000087738037,0.8799999952316284,3.1999998092651367,-2.690000057220459,2015-01-09,130.0,0.0,1.0,286.0,1.0,2015-01-09,94.642,224.2,20.0,2015-01-09,155.7,2015-01-09,10493.5,10787.5,9761.0,9123.5,0.0361648028833097,0.0499549845487502,2015-01-09
-31.396,29.2651,02-04-2013,0.0,0.0,0.0,-1.0,-1.0,2013-02-04,35.03,88.3,10.0,114.0,1.0,72.0,97.0,7.0,8.0,2013-02-04,13726.0,10711.0,8392.5,7987.0,12100.5,9174.0,43603.5,8753.5,21824.0,96.0,0.2411329882225275,0.12136519485958,2013-02-04,100.5999984741211,91.3000030517578,9.300000190734863,4.3,85.10000000000001,26.899999618530273,0.0,168.1022491455078,25.689998626708984,14.219999313354492,1.6110000610351562,0.85999995470047,3.240000009536743,-0.8299999833106995,2013-02-04,130.0,0.0,1.0,286.0,1.0,2013-02-04,35.03,88.3,10.0,2013-02-04,126.3,2013-02-04,13726.0,10711.0,8392.5,7987.0,0.2411329882225275,0.12136519485958,2013-02-04
-31.396,29.2651,02-09-2013,0.0,0.0,0.0,-1.0,-1.0,2013-02-09,134.115,286.61,10.0,114.0,1.0,72.0,97.0,7.0,8.0,2013-02-09,9233.5,9408.5,9597.0,8866.0,9351.0,8865.5,43049.0,8438.5,21952.0,96.0,-0.0193037890656115,-0.0099181815790165,2013-02-09,113.5,2.6000001430511475,110.9000015258789,0.1,1.6,6.5,0.0,221.50376892089844,23.81999969482422,12.059999465942385,1.3290001153945925,0.85999995470047,3.319999933242798,-3.68999981880188,2013-02-09,130.0,0.0,1.0,286.0,1.0,2013-02-09,134.115,286.61,10.0,2013-02-09,155.6,2013-02-09,9233.5,9408.5,9597.0,8866.0,-0.0193037890656115,-0.0099181815790165,2013-02-09
-31.396,29.2651,03-08-2015,0.0,0.0,0.0,-1.0,-1.0,2015-03-08,93.0,207.0,82.0,114.0,1.0,72.0,97.0,7.0,8.0,2015-03-08,11205.5,12569.0,8401.5,8456.0,14046.0,10461.0,40598.5,9673.0,21824.0,96.0,0.143010149436425,0.1987315514651525,2015-03-08,94.0999984741211,16.200000762939453,77.9000015258789,0.7000000000000001,14.2,9.600000381469728,0.0,164.6017608642578,22.10999870300293,10.019999504089355,1.0170000791549685,0.9399999976158142,2.90999984741211,-2.5799999237060547,2015-03-08,130.0,0.0,1.0,286.0,1.0,2015-03-08,93.0,207.0,82.0,2015-03-08,155.7,2015-03-08,11205.5,12569.0,8401.5,8456.0,0.143010149436425,0.1987315514651525,2015-03-08
-31.396,29.2651,05-10-2015,0.0,0.0,0.0,-1.0,-1.0,2015-05-10,108.983,239.9,20.0,114.0,1.0,72.0,97.0,7.0,8.0,2015-05-10,9577.5,10450.0,9150.0,8999.0,10434.0,9267.5,45704.0,8844.0,21952.0,96.0,0.0228273928714456,0.0663265306122445,2015-05-10,144.40000915527344,30.30000114440918,114.0999984741211,1.5,30.6,6.700000286102295,0.0,236.90232849121097,26.969999313354492,16.329999923706055,1.6780000925064087,1.0399999618530271,3.679999828338623,-3.679999828338623,2015-05-10,130.0,0.0,1.0,286.0,1.0,2015-05-10,108.983,239.9,20.0,2015-05-10,155.7,2015-05-10,9577.5,10450.0,9150.0,8999.0,0.0228273928714456,0.0663265306122445,2015-05-10
-31.396,29.2651,07-04-2015,0.0,0.0,0.0,-1.0,-1.0,2015-07-04,37.537,123.6,51.0,114.0,1.0,72.0,97.0,7.0,8.0,2015-07-04,12837.5,11497.5,8015.5,7907.5,13351.0,9703.5,43610.5,9155.5,21824.0,96.0,0.2312377116002482,0.1784451391380096,2015-07-04,85.5,30.0,55.5,1.5,29.4,8.5,0.0,165.498291015625,23.920000076293945,14.279999732971191,1.686000108718872,0.6200000047683716,2.609999895095825,-3.93999981880188,2015-07-04,130.0,0.0,1.0,286.0,1.0,2015-07-04,37.537,123.6,51.0,2015-07-04,155.7,2015-07-04,12837.5,11497.5,8015.5,7907.5,0.2312377116002482,0.1784451391380096,2015-07-04
-31.396,29.2651,07-10-2014,0.0,0.0,0.0,-1.0,-1.0,2014-07-10,125.467,287.1,20.0,114.0,1.0,72.0,97.0,7.0,8.0,2014-07-10,9963.0,10002.5,9942.0,9451.0,9938.5,8934.0,44615.0,8416.5,21952.0,160.0,0.0010550113036925,0.0030334177342124,2014-07-10,128.8000030517578,22.5,106.3000030517578,1.1,22.8,6.0,0.0,203.6966857910156,25.65999984741211,15.119999885559082,1.618000030517578,0.8999999761581421,3.859999895095825,-3.1399998664855957,2014-07-10,130.0,0.0,1.0,286.0,1.0,2014-07-10,125.467,287.1,20.0,2014-07-10,155.2,2014-07-10,9963.0,10002.5,9942.0,9451.0,0.0010550113036925,0.0030334177342124,2014-07-10
-31.396,29.2651,08-10-2015,0.0,0.0,0.0,-1.0,-1.0,2015-08-10,109.104,243.8,20.0,114.0,1.0,72.0,97.0,7.0,8.0,2015-08-10,9577.5,10450.0,9150.0,8999.0,10434.0,9267.5,45704.0,8844.0,21952.0,96.0,0.0228273928714456,0.0663265306122445,2015-08-10,144.40000915527344,30.30000114440918,114.0999984741211,1.5,30.6,6.700000286102295,0.0,236.90232849121097,26.969999313354492,16.329999923706055,1.6780000925064087,1.0399999618530271,3.679999828338623,-3.679999828338623,2015-08-10,130.0,0.0,1.0,286.0,1.0,2015-08-10,109.104,243.8,20.0,2015-08-10,155.7,2015-08-10,9577.5,10450.0,9150.0,8999.0,0.0228273928714456,0.0663265306122445,2015-08-10
-31.396,29.2651,09-06-2014,0.0,0.0,0.0,-1.0,-1.0,2014-09-06,105.295,224.1,20.0,114.0,1.0,72.0,97.0,7.0,8.0,2014-09-06,9706.5,9963.0,9057.5,8994.0,9720.0,8940.0,41620.5,8772.5,21952.0,96.0,0.0345875079940309,0.0476065297967979,2014-09-06,83.9000015258789,6.5,77.4000015258789,0.0,0.9,12.600000381469728,0.0,129.9961700439453,23.329999923706055,8.75,0.9570000171661376,1.0499999523162842,3.0799999237060547,0.5699999928474426,2014-09-06,130.0,0.0,1.0,286.0,1.0,2014-09-06,105.295,224.1,20.0,2014-09-06,133.3,2014-09-06,9706.5,9963.0,9057.5,8994.0,0.0345875079940309,0.0476065297967979,2014-09-06
-31.396,29.2651,09-07-2013,0.0,0.0,0.0,-1.0,-1.0,2013-09-07,136.02,406.0,10.0,114.0,1.0,72.0,97.0,7.0,8.0,2013-09-07,9883.0,9643.5,8875.0,8476.0,9077.0,8472.5,40320.0,7873.5,21954.0,224.0,0.0537370721825351,0.0414990414990412,2013-09-07,77.4000015258789,11.800000190734863,65.5999984741211,0.5,10.0,9.100000381469728,0.0,124.6008758544922,22.989999771118164,10.579999923706056,1.069000005722046,0.9799999594688416,2.7200000286102295,-2.0399999618530273,2013-09-07,130.0,0.0,1.0,286.0,1.0,2013-09-07,136.02,406.0,10.0,2013-09-07,155.6,2013-09-07,9883.0,9643.5,8875.0,8476.0,0.0537370721825351,0.0414990414990412,2013-09-07
-31.396,29.2651,10-03-2015,0.0,0.0,0.0,-1.0,-1.0,2015-10-03,42.41,110.7,106.0,114.0,1.0,72.0,97.0,7.0,8.0,2015-10-03,11733.5,11395.0,8261.5,7966.5,12726.5,9606.0,46309.5,9099.0,21824.0,96.0,0.1736434108527123,0.1594129168468437,2015-10-03,123.20000457763672,123.20000457763672,0.0,6.800000000000001,136.20000000000002,10.5,0.0,208.197265625,28.149999618530273,18.53999900817871,2.062000036239624,0.9300000071525574,2.75,-3.740000009536743,2015-10-03,130.0,0.0,1.0,286.0,1.0,2015-10-03,42.41,110.7,106.0,2015-10-03,155.7,2015-10-03,11733.5,11395.0,8261.5,7966.5,0.1736434108527123,0.1594129168468437,2015-10-03
-31.396,29.2651,10-06-2013,0.0,0.0,0.0,-1.0,-1.0,2013-10-06,89.156,273.5,10.0,114.0,1.0,72.0,97.0,7.0,8.0,2013-10-06,9318.5,9617.0,8658.5,8536.0,9958.0,8714.0,40680.0,8311.5,21952.0,96.0,0.0367135784613671,0.0524472654646928,2013-10-06,72.5,7.5,65.0,0.2,3.5,11.40000057220459,0.0,132.001953125,21.959999084472656,9.639999389648438,1.0540000200271606,0.8700000047683716,2.8299999237060547,-1.6799999475479126,2013-10-06,130.0,0.0,1.0,286.0,1.0,2013-10-06,89.156,273.5,10.0,2013-10-06,126.3,2013-10-06,9318.5,9617.0,8658.5,8536.0,0.0367135784613671,0.0524472654646928,2013-10-06
-31.396,29.2651,11-05-2015,0.0,0.0,0.0,-1.0,-1.0,2015-11-05,72.603,163.1,20.0,114.0,1.0,72.0,97.0,7.0,8.0,2015-11-05,9097.5,10435.0,8623.5,8098.5,10172.0,9084.5,42738.5,8648.0,21952.0,96.0,0.0267479261892668,0.0950494529999732,2015-11-05,86.30000305175781,27.399999618530273,58.900001525878906,1.4,27.4,7.200000286102295,0.0,140.80313110351562,26.35999870300293,13.5,1.3700001239776611,1.1299999952316284,2.5399999618530273,-4.199999809265137,2015-11-05,130.0,0.0,1.0,286.0,1.0,2015-11-05,72.603,163.1,20.0,2015-11-05,155.7,2015-11-05,9097.5,10435.0,8623.5,8098.5,0.0267479261892668,0.0950494529999732,2015-11-05
-31.396,29.2651,11-07-2014,0.0,0.0,0.0,-1.0,-1.0,2014-11-07,121.3,245.0,20.0,114.0,1.0,72.0,97.0,7.0,8.0,2014-11-07,9350.5,9613.5,9651.0,8819.0,9631.0,8365.5,41581.0,7789.0,21890.0,224.0,-0.0158145409572927,-0.001946585688702,2014-11-07,83.20000457763672,3.299999952316284,79.9000015258789,0.0,0.4,9.800000190734863,0.0,144.20201110839844,22.809999465942383,9.210000038146973,1.0070000886917114,0.9699999690055848,2.990000009536743,-1.659999966621399,2014-11-07,130.0,0.0,1.0,286.0,1.0,2014-11-07,121.3,245.0,20.0,2014-11-07,155.2,2014-11-07,9350.5,9613.5,9651.0,8819.0,-0.0158145409572927,-0.001946585688702,2014-11-07
-31.396,29.2651,12-05-2014,0.0,0.0,0.0,-1.0,-1.0,2014-12-05,81.145,179.6,20.0,114.0,1.0,72.0,97.0,7.0,8.0,2014-12-05,11544.5,12228.0,9155.0,8534.5,13792.5,9964.0,43000.0,9351.5,21824.0,96.0,0.1154375709558196,0.1437122948136363,2014-12-05,93.3000030517578,49.70000076293945,43.60000228881836,1.0,19.3,18.30000114440918,0.0,142.00064086914062,25.75,13.0,1.3300000429153442,1.090000033378601,3.049999952316284,1.5899999141693115,2014-12-05,130.0,0.0,1.0,286.0,1.0,2014-12-05,81.145,179.6,20.0,2014-12-05,133.3,2014-12-05,11544.5,12228.0,9155.0,8534.5,0.1154375709558196,0.1437122948136363,2014-12-05
-31.394444,20.947222,04-07-2013,0.0,0.0,0.0,-1.0,-1.0,2013-04-07,146.9645,751.0,12.0,253.0,0.0,0.0,0.0,0.0,0.0,2013-04-07,15087.0,10363.5,15231.5,12771.5,11364.0,9164.5,40740.0,8568.5,21824.0,160.0,-0.0047660669228358,-0.1901933971478797,2013-04-07,66.5999984741211,11.600000381469728,55.0,0.6000000000000001,12.2,0.0,0.0,142.30259704589844,17.40999984741211,1.6899999380111694,0.6130000352859497,0.7299999594688416,2.629999876022339,-1.409999966621399,2013-04-07,130.0,0.0,1.0,229.0,1.0,2013-04-07,146.9645,751.0,12.0,2013-04-07,234.8,2013-04-07,15087.0,10363.5,15231.5,12771.5,-0.0047660669228358,-0.1901933971478797,2013-04-07
-31.394444,20.947222,06-06-2013,0.0,0.0,0.0,-1.0,-1.0,2013-06-06,112.4465,342.7,11.5,253.0,0.0,0.0,0.0,0.0,0.0,2013-06-06,15087.0,10363.5,15231.5,12771.5,11364.0,9164.5,40740.0,8568.5,21824.0,160.0,-0.0047660669228358,-0.1901933971478797,2013-06-06,68.5999984741211,13.300000190734863,55.29999923706055,0.7000000000000001,14.0,0.0,0.0,132.40245056152344,16.459999084472656,0.4799999892711639,0.6460000276565552,0.6100000143051147,3.609999895095825,-1.7400000095367432,2013-06-06,130.0,0.0,1.0,229.0,1.0,2013-06-06,112.4465,342.7,11.5,2013-06-06,234.8,2013-06-06,15087.0,10363.5,15231.5,12771.5,-0.0047660669228358,-0.1901933971478797,2013-06-06
-31.394444,20.947222,07-08-2014,0.0,0.0,0.0,-1.0,-1.0,2014-07-08,108.5453333,377.0333333,20.0,253.0,0.0,0.0,0.0,0.0,0.0,2014-07-08,13901.0,10068.0,15376.0,13326.0,11101.0,9140.5,40635.0,8663.5,21824.0,96.0,-0.0503808450319361,-0.2086149976418794,2014-07-08,99.8000030517578,9.40000057220459,90.4000015258789,0.5,9.9,0.0,0.0,179.69598388671875,19.770000457763672,3.5299999713897705,0.6300000548362732,0.9199999570846558,3.5,-1.1100000143051147,2014-07-08,130.0,0.0,1.0,229.0,1.0,2014-07-08,108.5453333,377.0333333,20.0,2014-07-08,240.0,2014-07-08,13901.0,10068.0,15376.0,13326.0,-0.0503808450319361,-0.2086149976418794,2014-07-08
-31.394444,20.947222,08-07-2014,0.0,0.0,0.0,-1.0,-1.0,2014-08-07,129.068,455.0,20.0,253.0,0.0,0.0,0.0,0.0,0.0,2014-08-07,13962.0,10041.5,15071.5,12912.5,11024.0,9059.5,39351.0,8678.5,21824.0,96.0,-0.0382144763807324,-0.2002946681001863,2014-08-07,73.20000457763672,8.300000190734863,64.9000015258789,0.4,8.700000000000001,0.0,0.0,143.30331420898438,16.549999237060547,0.9799999594688416,0.578000009059906,0.699999988079071,3.2899999618530273,-1.2899999618530271,2014-08-07,130.0,0.0,1.0,229.0,1.0,2014-08-07,129.068,455.0,20.0,2014-08-07,240.3,2014-08-07,13962.0,10041.5,15071.5,12912.5,-0.0382144763807324,-0.2002946681001863,2014-08-07
-31.394444,20.947222,10-11-2015,0.0,0.0,0.0,-1.0,-1.0,2015-10-11,131.657,579.75,20.0,253.0,0.0,0.0,0.0,0.0,0.0,2015-10-11,17411.0,10364.0,15570.0,13350.5,10877.0,9068.5,47900.5,8633.5,21824.0,96.0,0.0558200175858826,-0.2007403408652726,2015-10-11,212.3000030517578,4.099999904632568,208.1999969482422,0.2,4.3,0.0,0.0,327.00299072265625,28.849998474121097,10.9399995803833,0.8130000233650208,1.8399999141693115,3.879999876022339,-1.7899999618530271,2015-10-11,130.0,0.0,1.0,229.0,1.0,2015-10-11,131.657,579.75,20.0,2015-10-11,238.6,2015-10-11,17411.0,10364.0,15570.0,13350.5,0.0558200175858826,-0.2007403408652726,2015-10-11
-31.394444,20.947222,12-04-2013,0.0,0.0,0.0,-1.0,-1.0,2013-12-04,169.782,1055.0,10.0,253.0,0.0,0.0,0.0,0.0,0.0,2013-12-04,17701.5,9755.0,14017.5,11257.5,9888.0,8625.0,44136.0,8310.0,21824.0,96.0,0.1161448973801188,-0.1793038174361124,2013-12-04,124.0,13.600000381469728,110.4000015258789,0.7000000000000001,14.3,0.0,0.0,204.2986602783203,24.78999900817871,7.480000019073486,0.8560000658035278,1.2300000190734863,3.0299999713897705,-1.7799999713897705,2013-12-04,130.0,0.0,1.0,229.0,1.0,2013-12-04,169.782,1055.0,10.0,2013-12-04,234.8,2013-12-04,17701.5,9755.0,14017.5,11257.5,0.1161448973801188,-0.1793038174361124,2013-12-04
-31.104278,29.399722,01-10-2013,0.0,0.0,0.0,-1.0,-1.0,2013-01-10,123.685,258.92,10.0,97.0,1.0,22.0,81.0,2.0,5.0,2013-01-10,12506.0,9205.5,12504.0,10835.5,9419.5,8406.0,46472.0,8250.0,21824.0,128.0,7.996801279488174e-05,-0.1519380916188758,2013-01-10,128.40000915527344,70.5,57.900001525878906,3.7,73.4,5.900000095367432,0.0,220.59866333007812,24.829999923706055,12.670000076293944,1.433000087738037,0.8799999952316284,3.4499998092651367,-3.929999828338623,2013-01-10,100.0,0.0,1.0,296.0,1.0,2013-01-10,123.685,258.92,10.0,2013-01-10,154.0,2013-01-10,12506.0,9205.5,12504.0,10835.5,7.996801279488174e-05,-0.1519380916188758,2013-01-10
-31.104278,29.399722,02-06-2015,0.0,0.0,0.0,-1.0,-1.0,2015-02-06,88.122,204.0,20.0,97.0,1.0,22.0,81.0,2.0,5.0,2015-02-06,12847.5,8871.0,11657.5,9971.5,9090.0,8221.5,41712.5,7943.5,21824.0,96.0,0.048561518057539,-0.135738120174391,2015-02-06,68.5,64.30000305175781,4.200000286102295,3.3000000000000003,66.8,9.40000057220459,0.0,122.09837341308594,20.28999900817871,7.21999979019165,0.9110000729560852,0.7899999618530273,2.690000057220459,-3.6999998092651367,2015-02-06,100.0,0.0,1.0,296.0,1.0,2015-02-06,88.122,204.0,20.0,2015-02-06,154.2,2015-02-06,12847.5,8871.0,11657.5,9971.5,0.048561518057539,-0.135738120174391,2015-02-06
-31.104278,29.399722,02-09-2015,0.0,0.0,0.0,-1.0,-1.0,2015-02-09,104.103,243.5,20.0,97.0,1.0,22.0,81.0,2.0,5.0,2015-02-09,12469.5,9391.0,12120.5,10584.5,9494.5,8354.0,43157.0,8150.5,21824.0,96.0,0.0141927612850751,-0.126885619319898,2015-02-09,104.70000457763672,42.400001525878906,62.29999923706055,2.2,43.6,6.900000095367432,0.0,184.60238647460935,24.149999618530273,12.06999969482422,1.293000102043152,0.9300000071525574,3.0799999237060547,-2.9600000381469727,2015-02-09,100.0,0.0,1.0,296.0,1.0,2015-02-09,104.103,243.5,20.0,2015-02-09,154.2,2015-02-09,12469.5,9391.0,12120.5,10584.5,0.0141927612850751,-0.126885619319898,2015-02-09
-31.104278,29.399722,03-04-2013,0.0,0.0,0.0,-1.0,-1.0,2013-03-04,59.087,162.8,10.0,97.0,1.0,22.0,81.0,2.0,5.0,2013-03-04,14349.0,9407.0,10744.5,8950.5,9326.5,8310.5,44181.5,8031.0,21824.0,96.0,0.1436427760176932,-0.0663722303550601,2013-03-04,98.5,78.4000015258789,20.100000381469727,3.4000000000000004,67.4,18.5,0.0,167.70175170898438,25.03999900817871,12.609999656677246,1.4720001220703125,0.8499999642372131,3.0299999713897705,-1.159999966621399,2013-03-04,100.0,0.0,1.0,296.0,1.0,2013-03-04,59.087,162.8,10.0,2013-03-04,124.5,2013-03-04,14349.0,9407.0,10744.5,8950.5,0.1436427760176932,-0.0663722303550601,2013-03-04
-31.104278,29.399722,03-09-2013,0.0,0.0,0.0,-1.0,-1.0,2013-03-09,120.092,269.6,10.0,97.0,1.0,22.0,81.0,2.0,5.0,2013-03-09,12193.0,8884.0,11300.5,9917.0,9042.0,8207.0,42863.5,7998.0,21824.0,113.0,0.0379892310639111,-0.1197205776709845,2013-03-09,114.0999984741211,1.899999976158142,112.20000457763672,0.0,1.0,6.599999904632568,0.0,222.00038146972656,23.65999984741211,10.380000114440918,1.194000005722046,0.9099999666213988,3.18999981880188,-4.049999713897705,2013-03-09,100.0,0.0,1.0,296.0,1.0,2013-03-09,120.092,269.6,10.0,2013-03-09,154.0,2013-03-09,12193.0,8884.0,11300.5,9917.0,0.0379892310639111,-0.1197205776709845,2013-03-09
-31.104278,29.399722,04-08-2015,0.0,0.0,0.0,-1.0,-1.0,2015-04-08,105.7,233.0,109.0,97.0,1.0,22.0,81.0,2.0,5.0,2015-04-08,11804.5,9679.5,11115.5,9940.0,9864.0,8603.5,40028.0,8209.0,21824.0,96.0,0.0300610820244326,-0.0690550613128152,2015-04-08,88.5999984741211,13.199999809265137,75.4000015258789,0.6000000000000001,12.4,7.900000095367432,0.0,166.4029541015625,21.34000015258789,7.690000057220459,0.8890000581741333,0.9099999666213988,2.5799999237060547,-2.8999998569488525,2015-04-08,100.0,0.0,1.0,296.0,1.0,2015-04-08,105.7,233.0,109.0,2015-04-08,154.2,2015-04-08,11804.5,9679.5,11115.5,9940.0,0.0300610820244326,-0.0690550613128152,2015-04-08
-31.104278,29.399722,06-10-2015,0.0,0.0,0.0,-1.0,-1.0,2015-06-10,102.575,227.4,20.0,97.0,1.0,22.0,81.0,2.0,5.0,2015-06-10,12809.5,9445.0,12636.5,11112.5,9630.5,8651.5,46152.0,8410.0,21824.0,96.0,0.0067987109958342,-0.1445327536625675,2015-06-10,143.60000610351562,25.5,118.0999984741211,1.3,26.0,6.099999904632568,0.0,239.50225830078125,26.8799991607666,14.84999942779541,1.555000066757202,1.069999933242798,3.359999895095825,-3.919999837875366,2015-06-10,100.0,0.0,1.0,296.0,1.0,2015-06-10,102.575,227.4,20.0,2015-06-10,154.2,2015-06-10,12809.5,9445.0,12636.5,11112.5,0.0067987109958342,-0.1445327536625675,2015-06-10
-31.104278,29.399722,09-07-2014,0.0,0.0,0.0,-1.0,-1.0,2014-09-07,112.0,247.0,20.0,97.0,1.0,22.0,81.0,2.0,5.0,2014-09-07,11873.5,8986.0,11396.0,9870.5,9300.0,8184.0,40841.0,7855.5,21824.0,160.0,0.0205204237306344,-0.1182415857128833,2014-09-07,74.4000015258789,3.200000047683716,71.20000457763672,0.0,0.0,11.199999809265137,0.0,145.19964599609375,20.989999771118164,6.150000095367432,0.8760000467300415,0.8499999642372131,2.7100000381469727,-2.299999952316284,2014-09-07,100.0,0.0,1.0,296.0,1.0,2014-09-07,112.0,247.0,20.0,2014-09-07,154.5,2014-09-07,11873.5,8986.0,11396.0,9870.5,0.0205204237306344,-0.1182415857128833,2014-09-07
-31.104278,29.399722,10-07-2013,0.0,0.0,0.0,-1.0,-1.0,2013-10-07,96.435,243.6,11.0,97.0,1.0,22.0,81.0,2.0,5.0,2013-10-07,12527.0,8950.5,10449.5,9163.0,9009.0,8072.0,39994.0,7732.0,21824.0,96.0,0.0904184710465036,-0.077268041237113,2013-10-07,69.0,7.599999904632568,61.400001525878906,0.3,6.2,8.800000190734863,0.0,124.400634765625,21.229999542236328,7.539999961853027,0.937000036239624,0.8499999642372131,2.4800000190734863,-2.5799999237060547,2013-10-07,100.0,0.0,1.0,296.0,1.0,2013-10-07,96.435,243.6,11.0,2013-10-07,154.0,2013-10-07,12527.0,8950.5,10449.5,9163.0,0.0904184710465036,-0.077268041237113,2013-10-07
-31.104278,29.399722,11-03-2015,0.0,0.0,0.0,-1.0,-1.0,2015-11-03,77.839,185.7,87.0,97.0,1.0,22.0,81.0,2.0,5.0,2015-11-03,14088.0,9196.0,11875.5,9730.5,9200.0,8222.0,46408.0,7877.0,21824.0,96.0,0.0852157836963426,-0.1271622808058271,2015-11-03,119.9000015258789,119.9000015258789,0.0,6.9,137.4,17.200000762939453,0.0,206.29827880859375,27.809999465942383,17.010000228881836,1.9280000925064087,0.9199999570846558,2.4600000381469727,-3.9800000190734863,2015-11-03,100.0,0.0,1.0,296.0,1.0,2015-11-03,77.839,185.7,87.0,2015-11-03,154.2,2015-11-03,14088.0,9196.0,11875.5,9730.5,0.0852157836963426,-0.1271622808058271,2015-11-03
-31.104278,29.399722,11-06-2013,0.0,0.0,0.0,-1.0,-1.0,2013-11-06,79.616,225.0,10.0,97.0,1.0,22.0,81.0,2.0,5.0,2013-11-06,12100.0,8705.5,10291.5,8991.0,8659.0,7892.5,40707.5,7711.0,21824.0,160.0,0.0807672554317483,-0.0834868663473175,2013-11-06,65.5,2.799999952316284,62.70000076293945,0.0,0.0,10.600000381469728,0.0,132.29832458496094,20.010000228881836,6.670000076293945,0.9270000457763672,0.7400000095367432,2.65999984741211,-2.2300000190734863,2013-11-06,100.0,0.0,1.0,296.0,1.0,2013-11-06,79.616,225.0,10.0,2013-11-06,124.5,2013-11-06,12100.0,8705.5,10291.5,8991.0,0.0807672554317483,-0.0834868663473175,2013-11-06
-31.104278,29.399722,12-05-2015,0.0,0.0,0.0,-1.0,-1.0,2015-12-05,83.745,194.9,20.0,97.0,1.0,22.0,81.0,2.0,5.0,2015-12-05,13353.5,8942.5,11671.0,9776.0,8953.0,8251.0,42318.0,7977.5,21824.0,96.0,0.0672341105716395,-0.1323647124457266,2015-12-05,80.5,26.100000381469727,54.400001525878906,1.2000000000000002,24.9,10.199999809265137,0.0,142.40057373046875,24.989999771118164,10.920000076293944,1.246000051498413,1.0,2.369999885559082,-4.610000133514404,2015-12-05,100.0,0.0,1.0,296.0,1.0,2015-12-05,83.745,194.9,20.0,2015-12-05,154.2,2015-12-05,13353.5,8942.5,11671.0,9776.0,0.0672341105716395,-0.1323647124457266,2015-12-05
-31.031389,28.883333,02-10-2013,0.0,0.0,0.0,-1.0,-1.0,2013-02-10,90.297,181.58,10.0,120.0,1.0,77.0,100.0,7.0,8.0,2013-02-10,10593.0,9765.0,11440.5,10072.5,9687.0,8826.0,46708.5,8472.5,21824.0,96.0,-0.038464156852066,-0.0790125203367047,2013-02-10,131.6999969482422,54.900001525878906,76.80000305175781,2.9000000000000004,57.5,3.6000001430511475,0.0,229.8019561767578,24.979999542236328,10.630000114440918,1.2300000190734863,1.0,2.8499999046325684,-3.740000009536743,2013-02-10,40.0,0.0,1.0,312.0,1.0,2013-02-10,90.297,181.58,10.0,2013-02-10,151.5,2013-02-10,10593.0,9765.0,11440.5,10072.5,-0.038464156852066,-0.0790125203367047,2013-02-10
-31.031389,28.883333,03-09-2015,0.0,0.0,0.0,-1.0,-1.0,2015-03-09,67.486,162.3,20.0,120.0,1.0,77.0,100.0,7.0,8.0,2015-03-09,10336.5,9951.5,11316.5,10117.5,9953.5,8992.0,42913.0,8590.0,21952.0,96.0,-0.0452593174156004,-0.0641809290953542,2015-03-09,106.3000030517578,29.200000762939453,77.0999984741211,1.5,30.6,2.700000047683716,0.0,193.10305786132812,23.90999984741211,9.579999923706056,1.071000099182129,1.0199999809265137,2.679999828338623,-2.700000047683716,2015-03-09,40.0,0.0,1.0,312.0,1.0,2015-03-09,67.486,162.3,20.0,2015-03-09,161.1,2015-03-09,10336.5,9951.5,11316.5,10117.5,-0.0452593174156004,-0.0641809290953542,2015-03-09
-31.031389,28.883333,04-09-2013,0.0,0.0,0.0,-1.0,-1.0,2013-04-09,99.126,257.0,10.0,120.0,1.0,77.0,100.0,7.0,8.0,2013-04-09,10017.5,9920.5,10423.5,9824.0,9817.0,8933.0,43740.5,8529.0,21888.0,96.0,-0.0198620419744629,-0.0247247345654737,2013-04-09,118.0999984741211,1.2000000476837158,116.9000015258789,0.0,0.9,3.799999952316284,0.0,230.40269470214844,23.36999893188477,7.809999942779541,0.9670000672340392,1.0099999904632568,2.9700000286102295,-3.889999866485596,2013-04-09,40.0,0.0,1.0,312.0,1.0,2013-04-09,99.126,257.0,10.0,2013-04-09,151.5,2013-04-09,10017.5,9920.5,10423.5,9824.0,-0.0198620419744629,-0.0247247345654737,2013-04-09
-31.031389,28.883333,05-08-2015,0.0,0.0,0.0,-1.0,-1.0,2015-05-08,55.2,122.0,83.0,120.0,1.0,77.0,100.0,7.0,8.0,2015-05-08,10239.5,10276.0,10874.0,9815.5,10045.0,9004.0,42213.5,8372.0,21888.0,160.0,-0.0300518625523952,-0.0282742316784868,2015-05-08,93.8000030517578,11.100000381469728,82.70000457763672,0.6000000000000001,11.5,2.799999952316284,0.0,169.29627990722656,20.959999084472656,5.170000076293945,0.6940000057220459,0.9899999499320984,2.65999984741211,-2.7100000381469727,2015-05-08,40.0,0.0,1.0,312.0,1.0,2015-05-08,55.2,122.0,83.0,2015-05-08,161.1,2015-05-08,10239.5,10276.0,10874.0,9815.5,-0.0300518625523952,-0.0282742316784868,2015-05-08
-31.031389,28.883333,07-08-2013,0.0,0.0,0.0,-1.0,-1.0,2013-07-08,77.034,178.6,10.0,120.0,1.0,77.0,100.0,7.0,8.0,2013-07-08,10800.0,10367.0,11140.0,9667.0,10345.0,9172.0,41630.0,8528.5,21888.0,224.0,-0.015496809480401,-0.035941786395127,2013-07-08,105.3000030517578,4.300000190734863,101.0,0.2,4.2,4.099999904632568,0.0,184.89886474609375,21.529998779296875,5.109999656677246,0.7450000643730164,0.9899999499320984,3.369999885559082,-3.1399998664855957,2013-07-08,40.0,0.0,1.0,312.0,1.0,2013-07-08,77.034,178.6,10.0,2013-07-08,151.5,2013-07-08,10800.0,10367.0,11140.0,9667.0,-0.015496809480401,-0.035941786395127,2013-07-08
-31.031389,28.883333,09-07-2015,0.0,0.0,0.0,-1.0,-1.0,2015-09-07,74.267,163.9,20.0,120.0,1.0,77.0,100.0,7.0,8.0,2015-09-07,13014.5,10930.5,12305.5,10984.5,11199.0,9123.0,38609.0,8381.5,54852.0,224.0,0.0280015797788308,-0.0591754174556719,2015-09-07,66.4000015258789,41.29999923706055,25.100000381469727,2.2,43.3,3.0,0.0,120.5009307861328,19.03999900817871,5.829999923706055,0.7740000486373901,0.7999999523162842,2.3999998569488525,-2.549999952316284,2015-09-07,40.0,0.0,1.0,312.0,1.0,2015-09-07,74.267,163.9,20.0,2015-09-07,161.1,2015-09-07,13014.5,10930.5,12305.5,10984.5,0.0280015797788308,-0.0591754174556719,2015-09-07
-31.031389,28.883333,10-07-2014,0.0,0.0,0.0,-1.0,-1.0,2014-10-07,77.2,178.0,20.0,120.0,1.0,77.0,100.0,7.0,8.0,2014-10-07,10623.5,9958.5,11033.0,9805.0,10005.0,8992.0,41971.5,8632.0,21824.0,96.0,-0.0189088726248469,-0.0511873853702686,2014-10-07,73.5,2.200000047683716,71.30000305175781,0.0,0.3,8.800000190734863,0.0,147.69781494140625,20.56999969482422,4.009999752044678,0.7040000557899475,0.9199999570846558,2.3999998569488525,-2.180000066757202,2014-10-07,40.0,0.0,1.0,312.0,1.0,2014-10-07,77.2,178.0,20.0,2014-10-07,154.40001,2014-10-07,10623.5,9958.5,11033.0,9805.0,-0.0189088726248469,-0.0511873853702686,2014-10-07
-31.031389,28.883333,11-07-2013,0.0,0.0,0.0,-1.0,-1.0,2013-11-07,70.023,170.2,10.0,120.0,1.0,77.0,100.0,7.0,8.0,2013-11-07,10673.0,10181.5,11203.5,9713.5,10180.5,9126.0,41636.5,8752.5,21888.0,224.0,-0.0242497657303498,-0.0477905073649752,2013-11-07,67.0999984741211,5.800000190734863,61.29999923706055,0.3,5.7,4.400000095367432,0.0,130.39999389648438,20.86999893188477,5.5,0.7730000615119934,0.9199999570846558,2.109999895095825,-2.7100000381469727,2013-11-07,40.0,0.0,1.0,312.0,1.0,2013-11-07,70.023,170.2,10.0,2013-11-07,151.5,2013-11-07,10673.0,10181.5,11203.5,9713.5,-0.0242497657303498,-0.0477905073649752,2013-11-07
-31.031389,28.883333,12-06-2013,0.0,0.0,0.0,-1.0,-1.0,2013-12-06,69.977,199.0,14.0,120.0,1.0,77.0,100.0,7.0,8.0,2013-12-06,10432.5,9648.5,10468.5,9489.0,9349.0,8516.5,40828.5,8095.5,21824.0,100.0,-0.001722405626525,-0.0407615449619722,2013-12-06,67.9000015258789,2.6000001430511475,65.30000305175781,0.1,2.3000000000000003,4.800000190734863,0.0,134.30078125,19.69999885559082,4.529999732971191,0.7670000195503235,0.8100000023841858,2.5999999046325684,-2.5,2013-12-06,40.0,0.0,1.0,312.0,1.0,2013-12-06,69.977,199.0,14.0,2013-12-06,129.5,2013-12-06,10432.5,9648.5,10468.5,9489.0,-0.001722405626525,-0.0407615449619722,2013-12-06
-31.000833,26.353056,03-06-2015,0.0,0.0,0.0,-1.0,-1.0,2015-03-06,271.668,614.0,176.0,253.0,0.0,0.0,0.0,0.0,0.0,2015-03-06,10335.0,8996.0,10572.0,9535.0,9416.0,8298.0,40726.0,7972.0,21824.0,96.0,-0.0113359162003156,-0.0805396565821745,2015-03-06,57.79999923706055,46.0,11.800000190734863,2.4000000000000004,48.400000000000006,0.4000000059604645,0.0,124.39674377441406,15.4399995803833,-0.9300000071525574,0.6460000276565552,0.5199999809265137,2.859999895095825,-1.4199999570846558,2015-03-06,110.0,0.0,1.0,342.0,1.0,2015-03-06,271.668,614.0,176.0,2015-03-06,208.7,2015-03-06,10335.0,8996.0,10572.0,9535.0,-0.0113359162003156,-0.0805396565821745,2015-03-06
-31.000833,26.353056,04-12-2013,0.0,0.0,0.0,-1.0,-1.0,2013-04-12,207.713,619.75,115.0,253.0,0.0,0.0,0.0,0.0,0.0,2013-04-12,13839.0,9777.0,14157.0,12107.0,9913.0,8620.0,46122.0,8281.0,21824.0,96.0,-0.0113587655379339,-0.1830032589621451,2013-04-12,174.60000610351562,79.20000457763672,95.4000015258789,4.2,83.30000000000001,0.5,0.0,284.1005859375,28.149999618530273,12.170000076293944,1.2280000448226929,1.399999976158142,2.669999837875366,-1.569999933242798,2013-04-12,110.0,0.0,1.0,342.0,1.0,2013-04-12,207.713,619.75,115.0,2013-04-12,194.7,2013-04-12,13839.0,9777.0,14157.0,12107.0,-0.0113587655379339,-0.1830032589621451,2013-04-12
-31.000833,26.353056,06-08-2015,0.0,0.0,0.0,-1.0,-1.0,2015-06-08,234.289,538.0,20.0,253.0,0.0,0.0,0.0,0.0,0.0,2015-06-08,9982.0,9184.0,10515.0,9652.0,9830.0,8436.0,39736.0,8149.0,21824.0,96.0,-0.0260038054349415,-0.0675668815675919,2015-06-08,87.20000457763672,30.200000762939453,57.0,1.6,31.8,0.3000000119209289,0.0,176.50106811523438,17.75,-0.7400000095367432,0.4980000257492065,0.8100000023841858,2.7899999618530273,1.209999918937683,2015-06-08,110.0,0.0,1.0,342.0,1.0,2015-06-08,234.289,538.0,20.0,2015-06-08,208.7,2015-06-08,9982.0,9184.0,10515.0,9652.0,-0.0260038054349415,-0.0675668815675919,2015-06-08
-31.000833,26.353056,06-11-2014,0.0,0.0,0.0,-1.0,-1.0,2014-06-11,275.635,616.0,133.0,253.0,0.0,0.0,0.0,0.0,0.0,2014-06-11,11992.0,9493.0,13746.0,12651.0,10053.0,8748.0,47522.0,8419.0,21824.0,96.0,-0.0681482632683189,-0.183011317182322,2014-06-11,164.90000915527344,69.80000305175781,95.0999984741211,3.7,73.5,0.4000000059604645,0.0,274.8990173339844,25.529998779296875,9.239999771118164,1.0140000581741333,1.209999918937683,3.609999895095825,-1.5,2014-06-11,110.0,0.0,1.0,342.0,1.0,2014-06-11,275.635,616.0,133.0,2014-06-11,194.1,2014-06-11,11992.0,9493.0,13746.0,12651.0,-0.0681482632683189,-0.183011317182322,2014-06-11
-31.000833,26.353056,10-05-2013,0.0,0.0,0.0,-1.0,-1.0,2013-10-05,325.601,804.0,10.0,253.0,0.0,0.0,0.0,0.0,0.0,2013-10-05,11023.0,8735.0,10562.0,9453.0,8911.0,7857.0,40446.0,7627.0,21824.0,96.0,0.0213574241371321,-0.0946779292117941,2013-10-05,76.5,7.400000095367432,69.0999984741211,0.4,7.7,0.699999988079071,0.0,151.40176391601562,20.10999870300293,2.450000047683716,0.7570000290870667,0.7899999618530273,2.440000057220459,-1.96999990940094,2013-10-05,110.0,0.0,1.0,342.0,1.0,2013-10-05,325.601,804.0,10.0,2013-10-05,174.6,2013-10-05,11023.0,8735.0,10562.0,9453.0,0.0213574241371321,-0.0946779292117941,2013-10-05
-31.000833,26.353056,10-09-2015,0.0,0.0,0.0,-1.0,-1.0,2015-10-09,302.661,703.0,20.0,253.0,0.0,0.0,0.0,0.0,0.0,2015-10-09,11334.0,9100.0,12342.0,11041.0,9490.0,8411.0,44524.0,8182.0,21824.0,96.0,-0.0425747592498731,-0.151198582221807,2015-10-09,118.5,13.90000057220459,104.5999984741211,0.7000000000000001,14.6,0.3000000119209289,0.0,222.5009002685547,23.149999618530273,5.139999866485596,0.7570000290870667,1.1100000143051147,3.0399999618530273,0.7999999523162842,2015-10-09,110.0,0.0,1.0,342.0,1.0,2015-10-09,302.661,703.0,20.0,2015-10-09,208.7,2015-10-09,11334.0,9100.0,12342.0,11041.0,-0.0425747592498731,-0.151198582221807,2015-10-09
-31.000833,26.353056,11-06-2015,0.0,0.0,0.0,-1.0,-1.0,2015-11-06,252.013,590.0,176.0,253.0,0.0,0.0,0.0,0.0,0.0,2015-11-06,10033.0,8959.0,9936.0,8881.0,9233.0,8192.0,38983.0,7866.0,21824.0,160.0,0.0048575291702138,-0.0517068007409364,2015-11-06,57.79999923706055,46.0,11.800000190734863,2.4000000000000004,48.400000000000006,0.4000000059604645,0.0,124.39674377441406,15.4399995803833,-0.9300000071525574,0.6460000276565552,0.5199999809265137,2.859999895095825,-1.4199999570846558,2015-11-06,110.0,0.0,1.0,342.0,1.0,2015-11-06,252.013,590.0,176.0,2015-11-06,208.7,2015-11-06,10033.0,8959.0,9936.0,8881.0,0.0048575291702138,-0.0517068007409364,2015-11-06
-31.000833,26.353056,11-09-2014,0.0,0.0,0.0,-1.0,-1.0,2014-11-09,292.808,742.0,133.0,253.0,0.0,0.0,0.0,0.0,0.0,2014-11-09,12545.0,10237.0,12564.0,11654.0,10881.0,8890.0,40170.0,8033.0,56660.0,224.0,-0.0007567007845792,-0.1020569273277483,2014-11-09,123.20000457763672,13.40000057220459,109.8000030517578,0.7000000000000001,14.1,0.4000000059604645,0.0,235.4969787597656,24.149999618530273,4.509999752044678,0.7430000305175781,1.1899999380111694,2.7699999809265137,-2.2899999618530273,2014-11-09,110.0,0.0,1.0,342.0,1.0,2014-11-09,292.808,742.0,133.0,2014-11-09,194.1,2014-11-09,12545.0,10237.0,12564.0,11654.0,-0.0007567007845792,-0.1020569273277483,2014-11-09
-31.000833,26.353056,12-07-2013,0.0,0.0,0.0,-1.0,-1.0,2013-12-07,348.792,940.0,10.0,253.0,0.0,0.0,0.0,0.0,0.0,2013-12-07,9982.0,8816.0,10593.0,9390.0,9039.0,8188.0,39898.0,7907.0,21824.0,96.0,-0.0296962332928309,-0.091555463960018,2013-12-07,61.5,6.5,55.0,0.3,6.800000000000001,0.6000000238418579,0.0,143.10357666015625,16.670000076293945,-0.9399999976158142,0.6110000014305115,0.6299999952316284,2.5299999713897705,-2.4800000190734863,2013-12-07,110.0,0.0,1.0,342.0,1.0,2013-12-07,348.792,940.0,10.0,2013-12-07,194.7,2013-12-07,9982.0,8816.0,10593.0,9390.0,-0.0296962332928309,-0.091555463960018,2013-12-07
-31.000833,26.353056,12-11-2015,0.0,0.0,0.0,-1.0,-1.0,2015-12-11,315.4,852.0,20.0,253.0,0.0,0.0,0.0,0.0,0.0,2015-12-11,12990.0,9467.0,14016.0,12134.0,10017.0,8588.0,47977.0,8306.0,21824.0,96.0,-0.0379915574316817,-0.1937146020525478,2015-12-11,190.90000915527344,22.399999618530273,168.5,1.2000000000000002,23.6,0.3000000119209289,0.0,315.20147705078125,27.36999893188477,8.389999389648438,0.9830000400543212,1.399999976158142,3.9599997997283936,-1.2799999713897705,2015-12-11,110.0,0.0,1.0,342.0,1.0,2015-12-11,315.4,852.0,20.0,2015-12-11,208.7,2015-12-11,12990.0,9467.0,14016.0,12134.0,-0.0379915574316817,-0.1937146020525478,2015-12-11
-30.86013889,29.07125,02-10-2013,0.0,0.0,0.0,-1.0,-1.0,2013-02-10,146.074,271.46,10.0,200.0,1.0,18.0,100.0,6.0,5.0,2013-02-10,12721.0,10024.5,13507.5,11855.5,10795.0,9124.5,47389.0,8872.0,21824.0,96.0,-0.0299864651047523,-0.1480112187659351,2013-02-10,132.90000915527344,52.10000228881836,80.80000305175781,2.7,54.7,2.5,0.0,229.49758911132812,25.34000015258789,11.059999465942385,1.272000074386597,1.0099999904632568,2.8999998569488525,-3.9499998092651367,2013-02-10,130.0,0.0,1.0,343.0,1.0,2013-02-10,146.074,271.46,10.0,2013-02-10,155.0,2013-02-10,12721.0,10024.5,13507.5,11855.5,-0.0299864651047523,-0.1480112187659351,2013-02-10
-30.86013889,29.07125,03-09-2015,0.0,0.0,0.0,-1.0,-1.0,2015-03-09,130.898,270.7,20.0,200.0,1.0,18.0,100.0,6.0,5.0,2015-03-09,13204.5,10940.5,14214.5,12461.0,11652.0,9398.0,38861.5,8734.5,23888.0,224.0,-0.0368357708158574,-0.1301530510832831,2015-03-09,105.5,29.80000114440918,75.70000457763672,1.6,31.200000000000003,2.4000000953674316,0.0,192.19839477539065,24.26999855041504,9.9399995803833,1.1080000400543213,1.0299999713897705,2.5899999141693115,-2.809999942779541,2015-03-09,130.0,0.0,1.0,343.0,1.0,2015-03-09,130.898,270.7,20.0,2015-03-09,161.8,2015-03-09,13204.5,10940.5,14214.5,12461.0,-0.0368357708158574,-0.1301530510832831,2015-03-09
-30.86013889,29.07125,04-09-2013,0.0,0.0,0.0,-1.0,-1.0,2013-04-09,125.675,259.17,10.0,200.0,1.0,18.0,100.0,6.0,5.0,2013-04-09,12284.5,10177.5,13376.0,11969.5,10891.0,9162.5,43733.0,8850.0,21824.0,96.0,-0.0425361937608384,-0.1357972275882559,2013-04-09,117.0999984741211,0.800000011920929,116.3000030517578,0.0,0.7000000000000001,2.6000001430511475,0.0,228.10386657714844,23.760000228881836,8.199999809265137,1.003000020980835,1.0199999809265137,2.869999885559082,-4.079999923706055,2013-04-09,130.0,0.0,1.0,343.0,1.0,2013-04-09,125.675,259.17,10.0,2013-04-09,155.0,2013-04-09,12284.5,10177.5,13376.0,11969.5,-0.0425361937608384,-0.1357972275882559,2013-04-09
-30.86013889,29.07125,05-08-2015,0.0,0.0,0.0,-1.0,-1.0,2015-05-08,120.6,233.0,91.0,200.0,1.0,18.0,100.0,6.0,5.0,2015-05-08,11471.0,10474.5,12447.0,11348.5,11166.0,9494.5,42284.5,9017.5,21824.0,96.0,-0.0408060874655069,-0.0860545775800009,2015-05-08,95.5,10.699999809265137,84.80000305175781,0.6000000000000001,11.1,2.5,0.0,171.70059204101562,21.13999938964844,5.279999732971191,0.7090000510215759,1.0,2.7300000190734863,-2.819999933242798,2015-05-08,130.0,0.0,1.0,343.0,1.0,2015-05-08,120.6,233.0,91.0,2015-05-08,161.8,2015-05-08,11471.0,10474.5,12447.0,11348.5,-0.0408060874655069,-0.0860545775800009,2015-05-08
-30.86013889,29.07125,07-08-2013,0.0,0.0,0.0,-1.0,-1.0,2013-07-08,125.544,261.5,10.0,200.0,1.0,18.0,100.0,6.0,5.0,2013-07-08,12437.5,10101.5,13263.0,11726.0,10521.5,8960.0,41965.0,8494.5,21824.0,224.0,-0.0321199976654149,-0.1353121188127281,2013-07-08,105.3000030517578,3.4000000953674316,101.9000015258789,0.2,3.4000000000000004,2.700000047683716,0.0,185.8039703369141,21.56999969482422,5.170000076293945,0.7660000324249268,0.9699999690055848,3.419999837875366,-3.319999933242798,2013-07-08,130.0,0.0,1.0,343.0,1.0,2013-07-08,125.544,261.5,10.0,2013-07-08,155.0,2013-07-08,12437.5,10101.5,13263.0,11726.0,-0.0321199976654149,-0.1353121188127281,2013-07-08
-30.86013889,29.07125,08-12-2014,0.0,0.0,0.0,-1.0,-1.0,2014-08-12,55.51,211.7,20.0,200.0,1.0,18.0,100.0,6.0,5.0,2014-08-12,16230.5,10653.0,11681.0,10147.5,11373.0,9216.5,44837.5,8854.0,21824.0,96.0,0.1629973308492909,-0.0460284767618875,2014-08-12,139.3000030517578,126.70000457763672,12.600000381469728,6.6000000000000005,132.9,4.300000190734863,0.0,237.7972869873047,26.81999969482422,15.489999771118164,1.7050000429153442,0.949999988079071,2.5799999237060547,-1.579999923706055,2014-08-12,130.0,0.0,1.0,343.0,1.0,2014-08-12,55.51,211.7,20.0,2014-08-12,158.0,2014-08-12,16230.5,10653.0,11681.0,10147.5,0.1629973308492909,-0.0460284767618875,2014-08-12
-30.86013889,29.07125,09-07-2015,0.0,0.0,0.0,-1.0,-1.0,2015-09-07,132.197,267.1,20.0,200.0,1.0,18.0,100.0,6.0,5.0,2015-09-07,13917.5,11319.5,13356.0,11678.5,11821.5,9232.5,38589.5,8407.5,54852.0,224.0,0.0205877500137495,-0.0825312556989723,2015-09-07,65.0,40.900001525878906,24.100000381469727,2.1,42.900000000000006,2.700000047683716,0.0,121.60121154785156,19.11999893188477,6.0,0.7950000166893005,0.7799999713897705,2.299999952316284,-2.669999837875366,2015-09-07,130.0,0.0,1.0,343.0,1.0,2015-09-07,132.197,267.1,20.0,2015-09-07,161.8,2015-09-07,13917.5,11319.5,13356.0,11678.5,0.0205877500137495,-0.0825312556989723,2015-09-07
-30.86013889,29.07125,10-07-2014,0.0,0.0,0.0,-1.0,-1.0,2014-10-07,135.5,263.0,20.0,200.0,1.0,18.0,100.0,6.0,5.0,2014-10-07,12253.5,10025.0,12890.5,11434.5,10548.5,9000.5,42007.0,8518.5,21824.0,160.0,-0.0253340757238306,-0.1250463659968138,2014-10-07,71.4000015258789,1.5,69.9000015258789,0.0,0.1,7.700000286102295,0.0,149.0994415283203,20.60999870300293,4.159999847412109,0.7150000333786011,0.9199999570846558,2.25,-2.440000057220459,2014-10-07,130.0,0.0,1.0,343.0,1.0,2014-10-07,135.5,263.0,20.0,2014-10-07,158.0,2014-10-07,12253.5,10025.0,12890.5,11434.5,-0.0253340757238306,-0.1250463659968138,2014-10-07
-30.86013889,29.07125,11-06-2014,0.0,0.0,0.0,-1.0,-1.0,2014-11-06,130.923,254.7,20.0,200.0,1.0,18.0,100.0,6.0,5.0,2014-11-06,12239.0,9878.0,12991.0,11189.0,10247.0,8986.0,41533.5,8683.5,21824.0,160.0,-0.0298057867617914,-0.1361231361231355,2014-11-06,72.5,2.6000001430511475,69.9000015258789,0.0,0.4,9.199999809265137,0.0,133.7970428466797,20.81999969482422,3.5199999809265137,0.6850000619888306,0.9399999976158142,2.450000047683716,-2.0199999809265137,2014-11-06,130.0,0.0,1.0,343.0,1.0,2014-11-06,130.923,254.7,20.0,2014-11-06,139.3,2014-11-06,12239.0,9878.0,12991.0,11189.0,-0.0298057867617914,-0.1361231361231355,2014-11-06
-30.86013889,29.07125,11-07-2013,0.0,0.0,0.0,-1.0,-1.0,2013-11-07,111.798,240.9,10.0,200.0,1.0,18.0,100.0,6.0,5.0,2013-11-07,12437.5,10101.5,13263.0,11726.0,10521.5,8960.0,41965.0,8494.5,21824.0,224.0,-0.0321199976654149,-0.1353121188127281,2013-11-07,65.70000457763672,4.599999904632568,61.10000228881836,0.2,4.6000000000000005,2.9000000953674316,0.0,131.000732421875,20.86999893188477,5.579999923706055,0.7870000600814819,0.9099999666213988,2.009999990463257,-2.90999984741211,2013-11-07,130.0,0.0,1.0,343.0,1.0,2013-11-07,111.798,240.9,10.0,2013-11-07,155.0,2013-11-07,12437.5,10101.5,13263.0,11726.0,-0.0321199976654149,-0.1353121188127281,2013-11-07
-30.86013889,29.07125,12-06-2013,0.0,0.0,0.0,-1.0,-1.0,2013-12-06,113.425,245.2,10.0,200.0,1.0,18.0,100.0,6.0,5.0,2013-12-06,12535.0,9844.0,12651.0,11146.0,10193.0,8992.5,40688.5,8649.0,21824.0,96.0,-0.0046057333439212,-0.1247832851744826,2013-12-06,64.70000457763672,0.699999988079071,64.0,0.0,0.5,3.1000001430511475,0.0,134.90151977539062,19.670000076293945,4.699999809265137,0.7800000309944153,0.7999999523162842,2.3399999141693115,-2.700000047683716,2013-12-06,130.0,0.0,1.0,343.0,1.0,2013-12-06,113.425,245.2,10.0,2013-12-06,130.2,2013-12-06,12535.0,9844.0,12651.0,11146.0,-0.0046057333439212,-0.1247832851744826,2013-12-06
-30.830556,26.921389,03-06-2015,0.0,0.0,0.0,-1.0,-1.0,2015-03-06,141.969,292.7,20.0,112.0,1.0,68.0,97.0,12.0,1.0,2015-03-06,11247.5,9097.5,11114.0,9637.5,9301.5,8235.5,41453.0,7823.0,21824.0,96.0,0.0059700825078818,-0.0997699329589585,2015-03-06,56.79999923706055,48.79999923706055,8.0,2.6,51.3,0.5,0.0,124.99984741210938,15.449999809265137,0.0399999991059303,0.6610000133514404,0.5299999713897705,2.609999895095825,-1.6799999475479126,2015-03-06,100.0,0.0,1.0,334.0,1.0,2015-03-06,141.969,292.7,20.0,2015-03-06,205.40001,2015-03-06,11247.5,9097.5,11114.0,9637.5,0.0059700825078818,-0.0997699329589585,2015-03-06
-30.830556,26.921389,04-10-2013,0.0,0.0,0.0,-1.0,-1.0,2013-04-10,160.176,333.48,10.0,112.0,1.0,68.0,97.0,12.0,1.0,2013-04-10,10839.0,9296.0,11552.0,10507.0,9598.5,8501.5,45405.0,8103.5,21824.0,96.0,-0.0318431512661335,-0.1082118188795083,2013-04-10,160.5,41.20000076293945,119.3000030517578,2.2,43.3,0.800000011920929,0.0,268.6015625,26.170000076293945,8.050000190734863,0.9330000281333924,1.309999942779541,3.3299999237060547,-3.309999942779541,2013-04-10,100.0,0.0,1.0,334.0,1.0,2013-04-10,160.176,333.48,10.0,2013-04-10,186.7,2013-04-10,10839.0,9296.0,11552.0,10507.0,-0.0318431512661335,-0.1082118188795083,2013-04-10
-30.830556,26.921389,04-12-2014,0.0,0.0,0.0,-1.0,-1.0,2014-04-12,53.794,130.4,38.0,112.0,1.0,68.0,97.0,12.0,1.0,2014-04-12,11429.0,9334.0,10697.0,9436.0,9384.5,8468.5,46665.0,8265.5,21824.0,96.0,0.0330832504745546,-0.0680445309769853,2014-04-12,177.60000610351562,63.10000228881836,114.5,3.3000000000000003,66.4,0.6000000238418579,0.0,283.2015686035156,29.329999923706055,13.029999732971191,1.3310000896453855,1.46999990940094,2.8399999141693115,-1.2400000095367432,2014-04-12,100.0,0.0,1.0,334.0,1.0,2014-04-12,53.794,130.4,38.0,2014-04-12,189.40001,2014-04-12,11429.0,9334.0,10697.0,9436.0,0.0330832504745546,-0.0680445309769853,2014-04-12
-30.830556,26.921389,05-09-2013,0.0,0.0,0.0,-1.0,-1.0,2013-05-09,150.439,330.6,12.0,112.0,1.0,68.0,97.0,12.0,1.0,2013-05-09,10673.0,9167.0,11412.0,10209.5,9270.0,8445.5,42583.5,8064.5,21824.0,96.0,-0.0334616255376951,-0.1090917926041104,2013-05-09,127.0999984741211,0.800000011920929,126.3000030517578,0.0,0.8,0.9000000357627869,0.0,249.2017517089844,22.5,4.199999809265137,0.6620000600814819,1.1200000047683716,3.1399998664855957,-3.490000009536743,2013-05-09,100.0,0.0,1.0,334.0,1.0,2013-05-09,150.439,330.6,12.0,2013-05-09,186.7,2013-05-09,10673.0,9167.0,11412.0,10209.5,-0.0334616255376951,-0.1090917926041104,2013-05-09
-30.830556,26.921389,07-02-2014,0.0,0.0,0.0,-1.0,-1.0,2014-07-02,71.715,123.15,15.0,112.0,1.0,68.0,97.0,12.0,1.0,2014-07-02,22825.5,15825.5,23918.5,20096.5,17106.5,12787.0,42639.0,11670.0,22280.0,224.0,-0.0233826801300701,-0.2036282206119157,2014-07-02,138.10000610351562,105.0,33.10000228881836,5.5,110.5,0.699999988079071,0.0,240.40264892578125,29.17999839782715,15.06999969482422,1.616000056266785,1.2799999713897705,2.4700000286102295,-1.46999990940094,2014-07-02,100.0,0.0,1.0,334.0,1.0,2014-07-02,71.715,123.15,15.0,2014-07-02,177.6,2014-07-02,22825.5,15825.5,23918.5,20096.5,-0.0233826801300701,-0.2036282206119157,2014-07-02
-30.830556,26.921389,11-06-2015,0.0,0.0,0.0,-1.0,-1.0,2015-11-06,137.436,292.4,20.0,112.0,1.0,68.0,97.0,12.0,1.0,2015-11-06,11107.0,8946.5,10917.0,9726.5,9177.0,8156.5,39627.5,7777.5,21824.0,160.0,0.0086269524155466,-0.0992020540186769,2015-11-06,56.79999923706055,48.79999923706055,8.0,2.6,51.3,0.5,0.0,124.99984741210938,15.449999809265137,0.0399999991059303,0.6610000133514404,0.5299999713897705,2.609999895095825,-1.6799999475479126,2015-11-06,100.0,0.0,1.0,334.0,1.0,2015-11-06,137.436,292.4,20.0,2015-11-06,205.40001,2015-11-06,11107.0,8946.5,10917.0,9726.5,0.0086269524155466,-0.0992020540186769,2015-11-06
-30.830556,26.921389,11-09-2014,0.0,0.0,0.0,-1.0,-1.0,2014-11-09,159.68,327.9,20.0,112.0,1.0,68.0,97.0,12.0,1.0,2014-11-09,11860.5,9642.0,12374.5,10911.5,9857.5,8487.0,42899.0,7872.5,21824.0,224.0,-0.0212089952547966,-0.1241114618581512,2014-11-09,123.20000457763672,13.100000381469728,110.0999984741211,0.7000000000000001,13.8,0.6000000238418579,0.0,235.3980407714844,24.56999969482422,5.809999942779541,0.7670000195503235,1.25,2.619999885559082,-2.509999990463257,2014-11-09,100.0,0.0,1.0,334.0,1.0,2014-11-09,159.68,327.9,20.0,2014-11-09,189.40001,2014-11-09,11860.5,9642.0,12374.5,10911.5,-0.0212089952547966,-0.1241114618581512,2014-11-09
-30.830556,26.921389,12-03-2015,0.0,0.0,0.0,-1.0,-1.0,2015-12-03,101.725,215.0,20.0,112.0,1.0,68.0,97.0,12.0,1.0,2015-12-03,11630.0,9203.0,10306.0,8847.0,9166.0,8295.0,44702.0,8066.0,21824.0,96.0,0.0603574033552149,-0.0565380080988259,2015-12-03,138.0,85.4000015258789,52.60000228881836,4.5,89.9,0.5,0.0,227.09762573242188,28.049999237060547,12.550000190734863,1.408000111579895,1.2300000190734863,2.5899999141693115,-2.0799999237060547,2015-12-03,100.0,0.0,1.0,334.0,1.0,2015-12-03,101.725,215.0,20.0,2015-12-03,205.40001,2015-12-03,11630.0,9203.0,10306.0,8847.0,0.0603574033552149,-0.0565380080988259,2015-12-03
-30.830556,26.921389,12-07-2013,0.0,0.0,0.0,-1.0,-1.0,2013-12-07,142.141,294.6,10.0,112.0,1.0,68.0,97.0,12.0,1.0,2013-12-07,10677.5,8912.0,11108.0,9721.0,9119.0,8146.5,40172.5,7651.0,21824.0,160.0,-0.0197608501067222,-0.1096903096903091,2013-12-07,61.400001525878906,5.599999904632568,55.79999923706055,0.3,5.9,0.9000000357627869,0.0,143.49606323242188,16.78999900817871,0.0199999995529651,0.6310000419616699,0.6399999856948853,2.450000047683716,-2.7699999809265137,2013-12-07,100.0,0.0,1.0,334.0,1.0,2013-12-07,142.141,294.6,10.0,2013-12-07,186.7,2013-12-07,10677.5,8912.0,11108.0,9721.0,-0.0197608501067222,-0.1096903096903091,2013-12-07
-30.77586667,29.03221667,02-09-2015,0.0,0.0,0.0,-1.0,-1.0,2015-02-09,150.776,299.6,20.0,253.0,0.0,0.0,0.0,0.0,0.0,2015-02-09,14191.0,10143.5,17188.0,14421.5,10948.5,8996.5,43932.5,8559.0,21824.0,96.0,-0.0955097358105736,-0.2577428973894581,2015-02-09,106.9000015258789,28.30000114440918,78.5999984741211,1.5,29.700000000000003,2.200000047683716,0.0,194.0973968505859,24.10999870300293,9.59999942779541,1.0700000524520874,1.0399999618530271,2.629999876022339,-2.799999952316284,2015-02-09,130.0,0.0,1.0,342.0,1.0,2015-02-09,150.776,299.6,20.0,2015-02-09,162.90001,2015-02-09,14191.0,10143.5,17188.0,14421.5,-0.0955097358105736,-0.2577428973894581,2015-02-09
-30.77586667,29.03221667,02-10-2013,0.0,0.0,0.0,-1.0,-1.0,2013-02-10,178.685,309.99,10.0,253.0,0.0,0.0,0.0,0.0,0.0,2013-02-10,15204.0,10272.0,17269.0,14215.5,11041.5,8980.0,47989.0,8504.0,21824.0,160.0,-0.0635912912265572,-0.2540575868704831,2013-02-10,134.5,49.400001525878906,85.0999984741211,2.6,51.8,3.200000047683716,0.0,231.59616088867188,25.309999465942383,10.719999313354492,1.241000056266785,1.0299999713897705,2.950000047683716,-3.990000009536743,2013-02-10,130.0,0.0,1.0,342.0,1.0,2013-02-10,178.685,309.99,10.0,2013-02-10,155.1,2013-02-10,15204.0,10272.0,17269.0,14215.5,-0.0635912912265572,-0.2540575868704831,2013-02-10
-30.77586667,29.03221667,04-09-2013,0.0,0.0,0.0,-1.0,-1.0,2013-04-09,80.73,163.1,10.0,253.0,0.0,0.0,0.0,0.0,0.0,2013-04-09,14752.5,10359.0,17498.0,14433.0,11407.0,9313.0,44394.0,8895.0,21824.0,96.0,-0.0851304630935951,-0.2562731090928662,2013-04-09,118.70000457763672,0.800000011920929,117.9000015258789,0.0,0.6000000000000001,3.5,0.0,229.4014587402344,23.60999870300293,7.849999904632568,0.9660000205039978,1.0299999713897705,2.93999981880188,-4.110000133514404,2013-04-09,130.0,0.0,1.0,342.0,1.0,2013-04-09,80.73,163.1,10.0,2013-04-09,155.1,2013-04-09,14752.5,10359.0,17498.0,14433.0,-0.0851304630935951,-0.2562731090928662,2013-04-09
-30.77586667,29.03221667,05-08-2015,0.0,0.0,0.0,-1.0,-1.0,2015-05-08,121.1,235.0,90.0,253.0,0.0,0.0,0.0,0.0,0.0,2015-05-08,14025.0,10215.0,16952.5,14102.0,11202.5,9221.5,42606.5,8798.0,21824.0,96.0,-0.0945040755386971,-0.247998527652525,2015-05-08,97.5999984741211,11.199999809265137,86.4000015258789,0.6000000000000001,11.6,2.4000000953674316,0.0,173.10243225097656,21.09000015258789,5.079999923706055,0.6760000586509705,1.0199999809265137,2.799999952316284,-2.819999933242798,2015-05-08,130.0,0.0,1.0,342.0,1.0,2015-05-08,121.1,235.0,90.0,2015-05-08,162.90001,2015-05-08,14025.0,10215.0,16952.5,14102.0,-0.0945040755386971,-0.247998527652525,2015-05-08
-30.77586667,29.03221667,07-08-2013,0.0,0.0,0.0,-1.0,-1.0,2013-07-08,151.474,289.1,10.0,253.0,0.0,0.0,0.0,0.0,0.0,2013-07-08,14446.5,10435.5,16909.0,13974.0,11273.0,9225.5,42043.5,8655.5,21824.0,224.0,-0.0785348662913999,-0.2367386494541855,2013-07-08,106.70000457763672,3.200000047683716,103.5,0.2,3.1,3.700000047683716,0.0,186.79718017578125,21.44999885559082,4.96999979019165,0.734000027179718,0.9899999499320984,3.4499998092651367,-3.3999998569488525,2013-07-08,130.0,0.0,1.0,342.0,1.0,2013-07-08,151.474,289.1,10.0,2013-07-08,155.1,2013-07-08,14446.5,10435.5,16909.0,13974.0,-0.0785348662913999,-0.2367386494541855,2013-07-08
-30.77586667,29.03221667,08-07-2015,0.0,0.0,0.0,-1.0,-1.0,2015-08-07,149.789,299.8,20.0,253.0,0.0,0.0,0.0,0.0,0.0,2015-08-07,15045.0,10712.5,15342.0,12714.5,11597.5,8941.0,39603.5,8172.5,21824.0,224.0,-0.0097739164774409,-0.177685236715346,2015-08-07,65.0999984741211,40.20000076293945,24.899999618530273,2.1,42.1,2.5,0.0,122.19618225097656,18.939998626708984,5.829999923706055,0.7690000534057617,0.7899999618530273,2.2699999809265137,-2.7100000381469727,2015-08-07,130.0,0.0,1.0,342.0,1.0,2015-08-07,149.789,299.8,20.0,2015-08-07,162.90001,2015-08-07,15045.0,10712.5,15342.0,12714.5,-0.0097739164774409,-0.177685236715346,2015-08-07
-30.77586667,29.03221667,08-12-2014,0.0,0.0,0.0,-1.0,-1.0,2014-08-12,63.15,148.5,20.0,253.0,0.0,0.0,0.0,0.0,0.0,2014-08-12,16370.5,10162.5,16218.5,12633.0,10378.5,9031.5,46078.0,8763.5,21824.0,96.0,0.0046641504802233,-0.2295591524203016,2014-08-12,140.3000030517578,126.9000015258789,13.40000057220459,6.7,133.20000000000002,3.900000095367432,0.0,239.00103759765625,26.75,15.210000038146973,1.6660001277923584,0.959999978542328,2.5899999141693115,-1.579999923706055,2014-08-12,130.0,0.0,1.0,342.0,1.0,2014-08-12,63.15,148.5,20.0,2014-08-12,158.7,2014-08-12,16370.5,10162.5,16218.5,12633.0,0.0046641504802233,-0.2295591524203016,2014-08-12
-30.77586667,29.03221667,10-07-2014,0.0,0.0,0.0,-1.0,-1.0,2014-10-07,83.2,178.0,20.0,253.0,0.0,0.0,0.0,0.0,0.0,2014-10-07,14904.5,9956.0,16492.5,13161.0,11122.0,8726.0,42094.5,8170.5,21824.0,160.0,-0.0505780807083477,-0.2471406696031902,2014-10-07,71.0,1.2000000476837158,69.80000305175781,0.0,0.0,6.800000190734863,0.0,149.39625549316406,20.399999618530273,3.9499998092651367,0.6860000491142273,0.9199999570846558,2.190000057220459,-2.559999942779541,2014-10-07,130.0,0.0,1.0,342.0,1.0,2014-10-07,83.2,178.0,20.0,2014-10-07,158.7,2014-10-07,14904.5,9956.0,16492.5,13161.0,-0.0505780807083477,-0.2471406696031902,2014-10-07
-30.77586667,29.03221667,11-06-2014,0.0,0.0,0.0,-1.0,-1.0,2014-11-06,156.416,293.0,20.0,253.0,0.0,0.0,0.0,0.0,0.0,2014-11-06,14747.5,9890.0,15903.0,12893.0,10790.0,8917.0,41501.0,8521.5,21824.0,160.0,-0.0376992218724,-0.2331252665451857,2014-11-06,71.9000015258789,2.0,69.9000015258789,0.0,0.3,8.0,0.0,134.8029022216797,20.579999923706055,3.2699999809265137,0.6570000052452087,0.949999988079071,2.3999998569488525,-2.15999984741211,2014-11-06,130.0,0.0,1.0,342.0,1.0,2014-11-06,156.416,293.0,20.0,2014-11-06,140.3,2014-11-06,14747.5,9890.0,15903.0,12893.0,-0.0376992218724,-0.2331252665451857,2014-11-06
-30.77586667,29.03221667,11-07-2013,0.0,0.0,0.0,-1.0,-1.0,2013-11-07,123.892,260.0,10.0,253.0,0.0,0.0,0.0,0.0,0.0,2013-11-07,14446.5,10435.5,16909.0,13974.0,11273.0,9225.5,42043.5,8655.5,21824.0,224.0,-0.0785348662913999,-0.2367386494541855,2013-11-07,65.5,4.700000286102295,60.79999923706055,0.2,4.5,4.099999904632568,0.0,131.8017120361328,20.689998626708984,5.389999866485596,0.7590000629425049,0.9099999666213988,1.9799998998641968,-3.009999990463257,2013-11-07,130.0,0.0,1.0,342.0,1.0,2013-11-07,123.892,260.0,10.0,2013-11-07,155.1,2013-11-07,14446.5,10435.5,16909.0,13974.0,-0.0785348662913999,-0.2367386494541855,2013-11-07
-30.77586667,29.03221667,11-09-2014,0.0,0.0,0.0,-1.0,-1.0,2014-11-09,170.798,329.0,20.0,253.0,0.0,0.0,0.0,0.0,0.0,2014-11-09,14682.0,10295.5,17760.5,14526.0,11486.5,9023.5,45754.0,8462.0,21824.0,160.0,-0.0948909609308774,-0.2660749928713991,2014-11-09,117.5,15.300000190734863,102.20000457763672,0.8,15.4,5.200000286102295,0.0,216.8966522216797,25.059999465942383,9.15999984741211,1.0600000619888306,1.1200000047683716,2.700000047683716,-2.93999981880188,2014-11-09,130.0,0.0,1.0,342.0,1.0,2014-11-09,170.798,329.0,20.0,2014-11-09,158.7,2014-11-09,14682.0,10295.5,17760.5,14526.0,-0.0948909609308774,-0.2660749928713991,2014-11-09
-30.77586667,29.03221667,12-06-2013,0.0,0.0,0.0,-1.0,-1.0,2013-12-06,50.941,164.3,10.0,253.0,0.0,0.0,0.0,0.0,0.0,2013-12-06,15057.5,9877.0,16123.5,13060.5,10856.0,8707.0,40955.5,8265.5,21824.0,96.0,-0.0341874859690194,-0.2402453798965395,2013-12-06,64.80000305175781,0.6000000238418579,64.20000457763672,0.0,0.1,4.400000095367432,0.0,135.70249938964844,19.469999313354492,4.489999771118164,0.7510000467300415,0.8100000023841858,2.309999942779541,-2.819999933242798,2013-12-06,130.0,0.0,1.0,342.0,1.0,2013-12-06,50.941,164.3,10.0,2013-12-06,130.8,2013-12-06,15057.5,9877.0,16123.5,13060.5,-0.0341874859690194,-0.2402453798965395,2013-12-06
-30.733889,29.828333,01-12-2015,0.0,0.0,0.0,-1.0,-1.0,2015-01-12,30.1,120.0,20.0,253.0,0.0,0.0,0.0,0.0,0.0,2015-01-12,13812.5,9605.0,15765.5,13810.5,9937.0,8865.0,49011.5,8608.0,21824.0,96.0,-0.0660288051930486,-0.2428213870440068,2015-01-12,151.6999969482422,28.700000762939453,123.0,1.5,29.6,5.900000095367432,0.0,254.00149536132812,28.76999855041504,17.440000534057617,1.998000144958496,0.9899999499320984,3.179999828338623,-4.779999732971191,2015-01-12,40.0,0.0,1.0,268.0,1.0,2015-01-12,30.1,120.0,20.0,2015-01-12,151.7,2015-01-12,13812.5,9605.0,15765.5,13810.5,-0.0660288051930486,-0.2428213870440068,2015-01-12
-30.733889,29.828333,02-10-2013,0.0,0.0,0.0,-1.0,-1.0,2013-02-10,50.662,138.0,10.0,253.0,0.0,0.0,0.0,0.0,0.0,2013-02-10,14183.0,9613.0,14598.0,12068.5,9647.5,8829.5,46341.5,8512.5,21824.0,160.0,-0.014419234911921,-0.205898145471066,2013-02-10,125.20000457763672,71.0,54.20000076293945,3.7,73.9,6.900000095367432,0.0,215.49639892578125,24.799999237060547,11.809999465942385,1.4010000228881836,0.8700000047683716,3.240000009536743,-3.929999828338623,2013-02-10,40.0,0.0,1.0,268.0,1.0,2013-02-10,50.662,138.0,10.0,2013-02-10,150.2,2013-02-10,14183.0,9613.0,14598.0,12068.5,-0.014419234911921,-0.205898145471066,2013-02-10
-30.733889,29.828333,06-01-2015,0.0,0.0,0.0,-1.0,-1.0,2015-06-01,20.896,70.1,20.0,253.0,0.0,0.0,0.0,0.0,0.0,2015-06-01,16947.5,9358.5,13460.5,10315.0,8996.0,8386.0,47969.0,8280.5,21824.0,96.0,0.11467377006051,-0.1797624786362234,2015-06-01,151.0,49.900001525878906,101.0999984741211,1.6,31.5,23.200000762939453,0.0,258.4026184082031,28.149999618530273,17.10999870300293,1.9480000734329224,0.949999988079071,2.5399999618530273,-2.859999895095825,2015-06-01,40.0,0.0,1.0,268.0,1.0,2015-06-01,20.896,70.1,20.0,2015-06-01,65.200005,2015-06-01,16947.5,9358.5,13460.5,10315.0,0.11467377006051,-0.1797624786362234,2015-06-01
-30.733889,29.828333,06-10-2015,0.0,0.0,0.0,-1.0,-1.0,2015-06-10,46.907,132.9,20.0,253.0,0.0,0.0,0.0,0.0,0.0,2015-06-10,12619.0,9393.5,15270.5,13561.0,9747.0,8757.5,47323.5,8520.0,21824.0,96.0,-0.0950716219365707,-0.238282517028867,2015-06-10,140.6999969482422,26.30000114440918,114.4000015258789,1.3,26.8,7.200000286102295,0.0,238.5975799560547,26.809999465942383,13.90999984741211,1.5230001211166382,1.0399999618530271,3.15999984741211,-3.7799999713897705,2015-06-10,40.0,0.0,1.0,268.0,1.0,2015-06-10,46.907,132.9,20.0,2015-06-10,151.7,2015-06-10,12619.0,9393.5,15270.5,13561.0,-0.0950716219365707,-0.238282517028867,2015-06-10
-30.733889,29.828333,08-09-2015,0.0,0.0,0.0,-1.0,-1.0,2015-08-09,47.995,132.8,23.0,253.0,0.0,0.0,0.0,0.0,0.0,2015-08-09,11814.5,9360.0,14542.5,13084.0,9651.0,8814.5,44219.5,8619.5,21824.0,96.0,-0.1035019159995443,-0.216818324443049,2015-08-09,104.4000015258789,39.0,65.4000015258789,2.0,39.900000000000006,8.100000381469727,0.0,183.10275268554688,24.229999542236328,11.469999313354492,1.255000114440918,0.9399999976158142,2.950000047683716,-2.7699999809265137,2015-08-09,40.0,0.0,1.0,268.0,1.0,2015-08-09,47.995,132.8,23.0,2015-08-09,151.7,2015-08-09,11814.5,9360.0,14542.5,13084.0,-0.1035019159995443,-0.216818324443049,2015-08-09
-30.733889,29.828333,09-07-2013,0.0,0.0,0.0,-1.0,-1.0,2013-09-07,34.951,126.9,11.0,253.0,0.0,0.0,0.0,0.0,0.0,2013-09-07,13859.5,9272.0,13351.0,11069.0,9471.5,8516.5,41114.0,8117.0,21824.0,160.0,0.0186876389629002,-0.1803032312248588,2013-09-07,66.5,6.400000095367432,60.10000228881836,0.2,4.800000000000001,10.100000381469728,0.0,125.60211181640624,21.350000381469727,7.109999656677246,0.8910000324249268,0.8899999856948853,2.1399998664855957,-2.669999837875366,2013-09-07,40.0,0.0,1.0,268.0,1.0,2013-09-07,34.951,126.9,11.0,2013-09-07,150.2,2013-09-07,13859.5,9272.0,13351.0,11069.0,0.0186876389629002,-0.1803032312248588,2013-09-07
-30.733889,29.828333,11-08-2015,0.0,0.0,0.0,-1.0,-1.0,2015-11-08,44.125,120.6,20.0,253.0,0.0,0.0,0.0,0.0,0.0,2015-11-08,11580.5,9293.0,13925.0,12621.0,9651.0,8842.5,43697.0,8631.0,21824.0,96.0,-0.0919213502969944,-0.199500387630286,2015-11-08,91.8000030517578,13.90000057220459,77.9000015258789,0.6000000000000001,13.0,9.199999809265137,0.0,169.198486328125,21.69999885559082,7.409999847412109,0.862000048160553,0.959999978542328,2.629999876022339,-2.740000009536743,2015-11-08,40.0,0.0,1.0,268.0,1.0,2015-11-08,44.125,120.6,20.0,2015-11-08,151.7,2015-11-08,11580.5,9293.0,13925.0,12621.0,-0.0919213502969944,-0.199500387630286,2015-11-08
-30.733889,29.828333,12-08-2014,0.0,0.0,0.0,-1.0,-1.0,2014-12-08,16.742,112.1,20.0,253.0,0.0,0.0,0.0,0.0,0.0,2014-12-08,13819.5,9801.0,15284.0,12611.0,10518.0,8743.0,42659.5,8236.5,21824.0,160.0,-0.0503204081983264,-0.218576838748255,2014-12-08,96.8000030517578,28.600000381469727,68.20000457763672,1.4,28.3,9.800000190734863,0.0,166.29815673828125,22.459999084472656,9.479999542236328,1.0329999923706057,0.9300000071525574,3.309999942779541,-2.5299999713897705,2014-12-08,40.0,0.0,1.0,268.0,1.0,2014-12-08,16.742,112.1,20.0,2014-12-08,151.0,2014-12-08,13819.5,9801.0,15284.0,12611.0,-0.0503204081983264,-0.218576838748255,2014-12-08
-30.679722,26.7125,03-06-2015,0.0,0.0,0.0,-1.0,-1.0,2015-03-06,112.601,243.1,24.0,83.0,1.0,36.0,91.0,1.0,4.0,2015-03-06,11115.5,9742.5,10923.0,9752.0,10077.0,8581.0,41266.0,8086.0,21824.0,160.0,0.0087347142500623,-0.0571241924947373,2015-03-06,59.900001525878906,46.5,13.40000057220459,2.4000000000000004,48.900000000000006,0.4000000059604645,0.0,125.70077514648438,16.639999389648438,0.4099999964237213,0.6760000586509705,0.5899999737739563,2.619999885559082,-1.5499999523162842,2015-03-06,20.0,0.0,1.0,121.0,1.0,2015-03-06,112.601,243.1,24.0,2015-03-06,211.40001,2015-03-06,11115.5,9742.5,10923.0,9752.0,0.0087347142500623,-0.0571241924947373,2015-03-06
-30.679722,26.7125,03-09-2015,0.0,0.0,0.0,-1.0,-1.0,2015-03-09,105.956,228.7,20.0,83.0,1.0,36.0,91.0,1.0,4.0,2015-03-09,12147.0,9524.5,10886.0,9914.5,10102.0,8447.0,44613.0,7959.5,21824.0,177.0,0.0547475361437934,-0.0667058621787802,2015-03-09,120.9000015258789,16.80000114440918,104.0999984741211,0.9,17.7,0.4000000059604645,0.0,224.19615173339844,24.15999984741211,6.589999675750732,0.8020000457763672,1.1999999284744265,2.879999876022339,-1.0,2015-03-09,20.0,0.0,1.0,121.0,1.0,2015-03-09,105.956,228.7,20.0,2015-03-09,211.40001,2015-03-09,12147.0,9524.5,10886.0,9914.5,0.0547475361437934,-0.0667058621787802,2015-03-09
-30.679722,26.7125,04-12-2013,0.0,0.0,0.0,-1.0,-1.0,2013-04-12,63.357,170.7,14.0,83.0,1.0,36.0,91.0,1.0,4.0,2013-04-12,13565.5,10269.0,8799.0,8575.0,11428.0,9232.0,44227.5,8881.5,21824.0,96.0,0.2131279483109383,0.0770925110132154,2013-04-12,173.6999969482422,99.9000015258789,73.80000305175781,5.300000000000001,105.1,0.699999988079071,0.0,272.3982238769531,29.189998626708984,13.389999389648438,1.3130000829696655,1.4900000095367432,2.609999895095825,-1.829999923706055,2013-04-12,20.0,0.0,1.0,121.0,1.0,2013-04-12,63.357,170.7,14.0,2013-04-12,192.1,2013-04-12,13565.5,10269.0,8799.0,8575.0,0.2131279483109383,0.0770925110132154,2013-04-12
-30.679722,26.7125,04-12-2014,0.0,0.0,0.0,-1.0,-1.0,2014-04-12,65.777,162.2,20.0,83.0,1.0,36.0,91.0,1.0,4.0,2014-04-12,11053.0,9008.0,7819.0,7669.5,9732.5,8147.5,44199.5,7850.5,21824.0,160.0,0.1713649851632038,0.0706602484102925,2014-04-12,183.40000915527344,58.20000076293945,125.20000457763672,3.1,61.2,0.5,0.0,285.6007995605469,30.19999885559082,13.579999923706056,1.3350000381469729,1.5999999046325684,2.8499999046325684,-1.1699999570846558,2014-04-12,20.0,0.0,1.0,121.0,1.0,2014-04-12,65.777,162.2,20.0,2014-04-12,194.3,2014-04-12,11053.0,9008.0,7819.0,7669.5,0.1713649851632038,0.0706602484102925,2014-04-12
-30.679722,26.7125,06-08-2015,0.0,0.0,0.0,-1.0,-1.0,2015-06-08,83.852,173.9,21.0,83.0,1.0,36.0,91.0,1.0,4.0,2015-06-08,9445.5,9956.0,9584.0,9180.0,10692.5,8679.5,40010.0,8163.5,21952.0,96.0,-0.0072781733624109,0.0190378710337767,2015-06-08,90.9000015258789,25.600000381469727,65.30000305175781,1.3,27.0,0.4000000059604645,0.0,179.89971923828125,18.989999771118164,0.1899999976158142,0.5250000357627869,0.8899999856948853,2.679999828338623,-0.8299999833106995,2015-06-08,20.0,0.0,1.0,121.0,1.0,2015-06-08,83.852,173.9,21.0,2015-06-08,211.40001,2015-06-08,9445.5,9956.0,9584.0,9180.0,-0.0072781733624109,0.0190378710337767,2015-06-08
-30.679722,26.7125,06-11-2014,0.0,0.0,0.0,-1.0,-1.0,2014-06-11,75.249,159.9,20.0,83.0,1.0,36.0,91.0,1.0,4.0,2014-06-11,12678.0,9652.0,8502.5,8153.5,10653.0,8711.5,44370.5,8441.0,21824.0,96.0,0.1971388777413177,0.0633176347462058,2014-06-11,165.40000915527344,111.0999984741211,54.29999923706055,5.800000000000001,117.0,0.5,0.0,269.696533203125,26.68000030517578,10.359999656677246,1.0910000801086426,1.2999999523162842,3.359999895095825,-1.5099999904632568,2014-06-11,20.0,0.0,1.0,121.0,1.0,2014-06-11,75.249,159.9,20.0,2014-06-11,194.3,2014-06-11,12678.0,9652.0,8502.5,8153.5,0.1971388777413177,0.0633176347462058,2014-06-11
-30.679722,26.7125,07-02-2014,0.0,0.0,0.0,-1.0,-1.0,2014-07-02,51.612,121.32,10.0,83.0,1.0,36.0,91.0,1.0,4.0,2014-07-02,11508.0,9053.0,7644.5,7529.0,9873.5,8170.0,44041.0,7851.5,21824.0,160.0,0.2017230126615314,0.0843539452013769,2014-07-02,133.60000610351562,100.4000015258789,33.20000076293945,5.300000000000001,105.7,0.6000000238418579,0.0,238.902099609375,29.86999893188477,15.710000038146973,1.6260000467300415,1.3799999952316284,1.7899999618530271,-1.4800000190734863,2014-07-02,20.0,0.0,1.0,121.0,1.0,2014-07-02,51.612,121.32,10.0,2014-07-02,183.40001,2014-07-02,11508.0,9053.0,7644.5,7529.0,0.2017230126615314,0.0843539452013769,2014-07-02
-30.679722,26.7125,10-05-2013,0.0,0.0,0.0,-1.0,-1.0,2013-10-05,75.572,189.7,10.0,83.0,1.0,36.0,91.0,1.0,4.0,2013-10-05,8871.5,9756.5,7859.5,7647.5,10475.5,8599.0,40141.0,8186.5,21952.0,96.0,0.0604865220249832,0.107686194368755,2013-10-05,78.80000305175781,5.5,73.30000305175781,0.3,5.800000000000001,0.800000011920929,0.0,151.6020050048828,21.170000076293945,3.369999885559082,0.7930000424385071,0.85999995470047,2.3499999046325684,-2.40999984741211,2013-10-05,20.0,0.0,1.0,121.0,1.0,2013-10-05,75.572,189.7,10.0,2013-10-05,173.7,2013-10-05,8871.5,9756.5,7859.5,7647.5,0.0604865220249832,0.107686194368755,2013-10-05
-30.679722,26.7125,10-09-2015,0.0,0.0,0.0,-1.0,-1.0,2015-10-09,117.397,236.6,20.0,83.0,1.0,36.0,91.0,1.0,4.0,2015-10-09,12147.0,9524.5,10886.0,9914.5,10102.0,8447.0,44613.0,7959.5,21824.0,177.0,0.0547475361437934,-0.0667058621787802,2015-10-09,120.9000015258789,16.80000114440918,104.0999984741211,0.9,17.7,0.4000000059604645,0.0,224.19615173339844,24.15999984741211,6.589999675750732,0.8020000457763672,1.1999999284744265,2.879999876022339,-1.0,2015-10-09,20.0,0.0,1.0,121.0,1.0,2015-10-09,117.397,236.6,20.0,2015-10-09,211.40001,2015-10-09,12147.0,9524.5,10886.0,9914.5,0.0547475361437934,-0.0667058621787802,2015-10-09
-30.679722,26.7125,10-12-2015,0.0,0.0,0.0,-1.0,-1.0,2015-10-12,135.683,289.7,20.0,83.0,1.0,36.0,91.0,1.0,4.0,2015-10-12,14320.0,10590.0,12545.5,10987.0,11571.0,9116.5,48698.0,8525.0,21824.0,160.0,0.0660512553274643,-0.0845237837954654,2015-10-12,211.40000915527344,9.5,201.90000915527344,0.5,9.9,0.4000000059604645,0.0,319.60260009765625,32.93000030517578,14.6899995803833,1.477000117301941,1.8799999952316284,3.25,-2.819999933242798,2015-10-12,20.0,0.0,1.0,121.0,1.0,2015-10-12,135.683,289.7,20.0,2015-10-12,211.40001,2015-10-12,14320.0,10590.0,12545.5,10987.0,0.0660512553274643,-0.0845237837954654,2015-10-12
-30.679722,26.7125,11-06-2015,0.0,0.0,0.0,-1.0,-1.0,2015-11-06,104.281,232.2,20.0,83.0,1.0,36.0,91.0,1.0,4.0,2015-11-06,10095.5,9990.0,10127.5,9240.0,10216.5,8715.5,39140.5,8222.0,21888.0,96.0,-0.0015823567225436,-0.0068348452839567,2015-11-06,59.900001525878906,46.5,13.40000057220459,2.4000000000000004,48.900000000000006,0.4000000059604645,0.0,125.70077514648438,16.639999389648438,0.4099999964237213,0.6760000586509705,0.5899999737739563,2.619999885559082,-1.5499999523162842,2015-11-06,20.0,0.0,1.0,121.0,1.0,2015-11-06,104.281,232.2,20.0,2015-11-06,211.40001,2015-11-06,10095.5,9990.0,10127.5,9240.0,-0.0015823567225436,-0.0068348452839567,2015-11-06
-30.679722,26.7125,11-09-2014,0.0,0.0,0.0,-1.0,-1.0,2014-11-09,112.738,240.1,20.0,83.0,1.0,36.0,91.0,1.0,4.0,2014-11-09,12066.0,10202.0,11538.0,10258.5,10479.0,8763.5,43617.5,8081.0,21824.0,224.0,0.0223690899847482,-0.0614535418583253,2014-11-09,124.8000030517578,11.90000057220459,112.9000015258789,0.6000000000000001,12.6,0.5,0.0,236.40391540527344,25.279998779296875,5.960000038146973,0.781000018119812,1.2999999523162842,2.559999942779541,-2.509999990463257,2014-11-09,20.0,0.0,1.0,121.0,1.0,2014-11-09,112.738,240.1,20.0,2014-11-09,194.3,2014-11-09,12066.0,10202.0,11538.0,10258.5,0.0223690899847482,-0.0614535418583253,2014-11-09
-30.679722,26.7125,12-03-2015,0.0,0.0,0.0,-1.0,-1.0,2015-12-03,85.149,193.4,69.0,83.0,1.0,36.0,91.0,1.0,4.0,2015-12-03,12201.0,9935.5,10054.5,8757.5,11034.0,8802.0,44850.5,8416.5,21824.0,96.0,0.0964480690166471,-0.005952976488244,2015-12-03,139.3000030517578,87.30000305175781,52.0,4.6000000000000005,91.9,0.5,0.0,228.00228881835935,28.649999618530273,12.84999942779541,1.4270000457763672,1.2899999618530271,2.450000047683716,-1.8600000143051147,2015-12-03,20.0,0.0,1.0,121.0,1.0,2015-12-03,85.149,193.4,69.0,2015-12-03,211.40001,2015-12-03,12201.0,9935.5,10054.5,8757.5,0.0964480690166471,-0.005952976488244,2015-12-03
-30.570833,29.150556,01-10-2013,0.0,0.0,0.0,-1.0,-1.0,2013-01-10,110.549,209.47,10.0,253.0,0.0,0.0,0.0,0.0,0.0,2013-01-10,13612.0,10327.0,15979.0,13429.0,11144.0,9148.5,47432.5,8657.0,21824.0,96.0,-0.0799905376634785,-0.2148559264046217,2013-01-10,129.60000610351562,50.400001525878906,79.20000457763672,2.6,52.7,3.900000095367432,0.0,233.1981201171875,23.85999870300293,7.799999713897705,1.1030000448226929,0.9099999666213988,2.9600000381469727,-4.069999694824219,2013-01-10,130.0,0.0,1.0,358.0,1.0,2013-01-10,110.549,209.47,10.0,2013-01-10,150.2,2013-01-10,13612.0,10327.0,15979.0,13429.0,-0.0799905376634785,-0.2148559264046217,2013-01-10
-30.570833,29.150556,02-09-2015,0.0,0.0,0.0,-1.0,-1.0,2015-02-09,102.706,220.9,20.0,253.0,0.0,0.0,0.0,0.0,0.0,2015-02-09,13769.0,10187.5,15988.0,13347.0,11191.0,8903.5,43595.0,8324.0,21824.0,160.0,-0.074570689249588,-0.2216003514737055,2015-02-09,106.5,26.700000762939453,79.80000305175781,1.4,27.8,3.0,0.0,195.80078125,22.94999885559082,6.940000057220459,0.912000060081482,0.9899999499320984,2.759999990463257,-2.919999837875366,2015-02-09,130.0,0.0,1.0,358.0,1.0,2015-02-09,102.706,220.9,20.0,2015-02-09,159.7,2015-02-09,13769.0,10187.5,15988.0,13347.0,-0.074570689249588,-0.2216003514737055,2015-02-09
-30.570833,29.150556,03-09-2013,0.0,0.0,0.0,-1.0,-1.0,2013-03-09,95.92,184.93,10.0,253.0,0.0,0.0,0.0,0.0,0.0,2013-03-09,13630.5,10282.5,16077.0,13559.5,11264.0,9175.5,43378.0,8690.0,21824.0,96.0,-0.0823529411764703,-0.2198258692312061,2013-03-09,117.70000457763672,0.9000000357627869,116.8000030517578,0.0,0.5,4.200000286102295,0.0,229.8019561767578,22.479999542236328,5.179999828338623,0.8220000267028809,0.9899999499320984,3.0799999237060547,-4.179999828338623,2013-03-09,130.0,0.0,1.0,358.0,1.0,2013-03-09,95.92,184.93,10.0,2013-03-09,150.2,2013-03-09,13630.5,10282.5,16077.0,13559.5,-0.0823529411764703,-0.2198258692312061,2013-03-09
-30.570833,29.150556,04-08-2015,0.0,0.0,0.0,-1.0,-1.0,2015-04-08,98.5,202.0,79.0,253.0,0.0,0.0,0.0,0.0,0.0,2015-04-08,13013.0,10013.5,15343.0,12832.0,11106.5,8976.0,41585.5,8502.0,21824.0,96.0,-0.08216955847087,-0.2101827933665915,2015-04-08,93.8000030517578,9.5,84.30000305175781,0.5,9.8,3.200000047683716,0.0,174.30050659179688,19.529998779296875,2.2100000381469727,0.5890000462532043,0.9099999666213988,2.919999837875366,-2.9600000381469727,2015-04-08,130.0,0.0,1.0,358.0,1.0,2015-04-08,98.5,202.0,79.0,2015-04-08,159.7,2015-04-08,13013.0,10013.5,15343.0,12832.0,-0.08216955847087,-0.2101827933665915,2015-04-08
-30.570833,29.150556,06-08-2013,0.0,0.0,0.0,-1.0,-1.0,2013-06-08,93.518,200.8,10.0,253.0,0.0,0.0,0.0,0.0,0.0,2013-06-08,13600.0,10289.5,15403.0,13067.0,11218.5,9001.5,40942.0,8463.5,21824.0,224.0,-0.0621659828293622,-0.1990269533910666,2013-06-08,101.5,2.799999952316284,98.70000457763672,0.1,2.5,4.700000286102295,0.0,186.39669799804688,19.78999900817871,2.0899999141693115,0.6300000548362732,0.8799999952316284,3.5199999809265137,-3.5199999809265137,2013-06-08,130.0,0.0,1.0,358.0,1.0,2013-06-08,93.518,200.8,10.0,2013-06-08,150.2,2013-06-08,13600.0,10289.5,15403.0,13067.0,-0.0621659828293622,-0.1990269533910666,2013-06-08
-30.570833,29.150556,06-10-2015,0.0,0.0,0.0,-1.0,-1.0,2015-06-10,120.514,243.7,20.0,253.0,0.0,0.0,0.0,0.0,0.0,2015-06-10,13581.5,9952.5,15537.5,13098.0,10510.5,8899.5,45791.5,8560.5,21824.0,96.0,-0.0671726364229538,-0.2191055315810113,2015-06-10,143.3000030517578,19.100000381469727,124.20000457763672,1.0,19.9,2.9000000953674316,0.0,250.0975341796875,25.899999618530273,9.889999389648438,1.2260000705718994,1.059999942779541,3.0899999141693115,-3.799999952316284,2015-06-10,130.0,0.0,1.0,358.0,1.0,2015-06-10,120.514,243.7,20.0,2015-06-10,159.7,2015-06-10,13581.5,9952.5,15537.5,13098.0,-0.0671726364229538,-0.2191055315810113,2015-06-10
-30.570833,29.150556,08-07-2015,0.0,0.0,0.0,-1.0,-1.0,2015-08-07,107.228,206.6,20.0,253.0,0.0,0.0,0.0,0.0,0.0,2015-08-07,14585.0,10676.5,15717.0,13047.5,11960.0,8960.5,39696.5,8114.5,21824.0,224.0,-0.0373572701471848,-0.1909750506753549,2015-08-07,61.0,34.60000228881836,26.399999618530273,1.8,36.1,3.5,0.0,122.00057983398438,16.59000015258789,2.359999895095825,0.6580000519752502,0.6499999761581421,2.450000047683716,-2.869999885559082,2015-08-07,130.0,0.0,1.0,358.0,1.0,2015-08-07,107.228,206.6,20.0,2015-08-07,159.7,2015-08-07,14585.0,10676.5,15717.0,13047.5,-0.0373572701471848,-0.1909750506753549,2015-08-07
-30.570833,29.150556,08-08-2013,0.0,0.0,0.0,-1.0,-1.0,2013-08-08,92.665,204.0,10.0,253.0,0.0,0.0,0.0,0.0,0.0,2013-08-08,13600.0,10289.5,15403.0,13067.0,11218.5,9001.5,40942.0,8463.5,21824.0,224.0,-0.0621659828293622,-0.1990269533910666,2013-08-08,101.5,2.799999952316284,98.70000457763672,0.1,2.5,4.700000286102295,0.0,186.39669799804688,19.78999900817871,2.0899999141693115,0.6300000548362732,0.8799999952316284,3.5199999809265137,-3.5199999809265137,2013-08-08,130.0,0.0,1.0,358.0,1.0,2013-08-08,92.665,204.0,10.0,2013-08-08,150.2,2013-08-08,13600.0,10289.5,15403.0,13067.0,-0.0621659828293622,-0.1990269533910666,2013-08-08
-30.570833,29.150556,09-07-2014,0.0,0.0,0.0,-1.0,-1.0,2014-09-07,100.628,212.5,20.0,253.0,0.0,0.0,0.0,0.0,0.0,2014-09-07,14084.5,10153.5,15493.5,12738.5,11314.5,9109.0,41019.0,8785.5,21824.0,96.0,-0.047636757049158,-0.2082114867235926,2014-09-07,66.80000305175781,1.5,65.30000305175781,0.0,0.0,7.5,0.0,149.2973175048828,17.969999313354492,0.4599999785423279,0.581000030040741,0.7699999809265137,2.309999942779541,-2.569999933242798,2014-09-07,130.0,0.0,1.0,358.0,1.0,2014-09-07,100.628,212.5,20.0,2014-09-07,154.1,2014-09-07,14084.5,10153.5,15493.5,12738.5,-0.047636757049158,-0.2082114867235926,2014-09-07
-30.570833,29.150556,09-12-2014,0.0,0.0,0.0,-1.0,-1.0,2014-09-12,51.686,121.0,20.0,253.0,0.0,0.0,0.0,0.0,0.0,2014-09-12,14478.5,10069.5,13329.0,10874.5,10064.5,8772.5,45435.5,8507.5,21824.0,96.0,0.0413377685876111,-0.1393038015257382,2014-09-12,138.0,129.90000915527344,8.100000381469727,6.800000000000001,135.4,7.099999904632568,0.0,246.99851989746097,25.229999542236328,12.619999885559082,1.5040000677108765,0.8399999737739563,2.7200000286102295,-1.2899999618530271,2014-09-12,130.0,0.0,1.0,358.0,1.0,2014-09-12,51.686,121.0,20.0,2014-09-12,154.1,2014-09-12,14478.5,10069.5,13329.0,10874.5,0.0413377685876111,-0.1393038015257382,2014-09-12
-30.570833,29.150556,10-06-2014,0.0,0.0,0.0,-1.0,-1.0,2014-10-06,96.646,202.1,20.0,253.0,0.0,0.0,0.0,0.0,0.0,2014-10-06,13538.5,9708.0,14518.0,11935.5,10527.0,8825.0,41526.5,8523.0,21824.0,96.0,-0.0349116960419153,-0.1985470156030702,2014-10-06,67.30000305175781,2.5,64.80000305175781,0.0,0.2,9.0,0.0,135.9984130859375,17.719999313354492,-0.449999988079071,0.5470000505447388,0.7699999809265137,2.5,-2.2300000190734863,2014-10-06,130.0,0.0,1.0,358.0,1.0,2014-10-06,96.646,202.1,20.0,2014-10-06,138.0,2014-10-06,13538.5,9708.0,14518.0,11935.5,-0.0349116960419153,-0.1985470156030702,2014-10-06
-30.570833,29.150556,10-07-2013,0.0,0.0,0.0,-1.0,-1.0,2013-10-07,74.858,189.1,12.0,253.0,0.0,0.0,0.0,0.0,0.0,2013-10-07,13600.0,10289.5,15403.0,13067.0,11218.5,9001.5,40942.0,8463.5,21824.0,224.0,-0.0621659828293622,-0.1990269533910666,2013-10-07,62.29999923706055,4.099999904632568,58.20000076293945,0.2,3.7,5.200000286102295,0.0,131.40121459960938,18.270000457763672,1.8700000047683716,0.6480000019073486,0.7599999904632568,2.1499998569488525,-3.18999981880188,2013-10-07,130.0,0.0,1.0,358.0,1.0,2013-10-07,74.858,189.1,12.0,2013-10-07,150.2,2013-10-07,13600.0,10289.5,15403.0,13067.0,-0.0621659828293622,-0.1990269533910666,2013-10-07
-30.570833,29.150556,10-09-2014,0.0,0.0,0.0,-1.0,-1.0,2014-10-09,121.326,238.1,136.0,253.0,0.0,0.0,0.0,0.0,0.0,2014-10-09,14059.5,10377.5,16242.5,13629.0,11666.5,9261.0,44461.0,8874.0,21824.0,96.0,-0.0720414494092796,-0.2203230653643868,2014-10-09,117.5,13.100000381469728,104.4000015258789,0.6000000000000001,12.9,5.700000286102295,0.0,219.89776611328125,23.899999618530273,6.440000057220459,0.8990000486373901,1.069999933242798,2.8499999046325684,-2.9600000381469727,2014-10-09,130.0,0.0,1.0,358.0,1.0,2014-10-09,121.326,238.1,136.0,2014-10-09,154.1,2014-10-09,14059.5,10377.5,16242.5,13629.0,-0.0720414494092796,-0.2203230653643868,2014-10-09
-30.570833,29.150556,11-06-2013,0.0,0.0,0.0,-1.0,-1.0,2013-11-06,63.317,180.4,10.0,253.0,0.0,0.0,0.0,0.0,0.0,2013-11-06,13776.5,9988.0,15258.5,12596.0,10964.0,8851.5,40733.5,8515.0,21824.0,96.0,-0.051041846047873,-0.2087616105202693,2013-11-06,60.60000228881836,0.800000011920929,59.79999923706055,0.0,0.0,5.800000190734863,0.0,136.599609375,16.65999984741211,0.8899999856948853,0.6350000500679016,0.6399999856948853,2.4600000381469727,-3.0399999618530273,2013-11-06,130.0,0.0,1.0,358.0,1.0,2013-11-06,63.317,180.4,10.0,2013-11-06,128.2,2013-11-06,13776.5,9988.0,15258.5,12596.0,-0.051041846047873,-0.2087616105202693,2013-11-06
-30.570833,29.150556,12-05-2015,0.0,0.0,0.0,-1.0,-1.0,2015-12-05,74.754,158.8,20.0,253.0,0.0,0.0,0.0,0.0,0.0,2015-12-05,13877.5,9529.0,13995.0,11346.5,9983.5,8506.0,42265.5,8142.5,21824.0,96.0,-0.0042156247197057,-0.1898486651929936,2015-12-05,73.4000015258789,13.199999809265137,60.20000076293945,0.7000000000000001,13.5,4.099999904632568,0.0,149.89877319335938,22.260000228881836,5.389999866485596,0.9200000166893004,0.8799999952316284,2.0399999618530273,-4.599999904632568,2015-12-05,130.0,0.0,1.0,358.0,1.0,2015-12-05,74.754,158.8,20.0,2015-12-05,159.7,2015-12-05,13877.5,9529.0,13995.0,11346.5,-0.0042156247197057,-0.1898486651929936,2015-12-05
-30.570833,29.150556,12-08-2014,0.0,0.0,0.0,-1.0,-1.0,2014-12-08,113.607,230.0,20.0,253.0,0.0,0.0,0.0,0.0,0.0,2014-12-08,13916.0,10183.0,15917.0,12969.5,11598.5,9003.0,42198.5,8489.5,21824.0,96.0,-0.0670733751215095,-0.2196934865900374,2014-12-08,93.5999984741211,15.0,78.5999984741211,0.7000000000000001,14.7,6.400000095367432,0.0,170.0000762939453,20.059999465942383,4.130000114440918,0.7430000305175781,0.8499999642372131,3.369999885559082,-2.5199999809265137,2014-12-08,130.0,0.0,1.0,358.0,1.0,2014-12-08,113.607,230.0,20.0,2014-12-08,154.1,2014-12-08,13916.0,10183.0,15917.0,12969.5,-0.0670733751215095,-0.2196934865900374,2014-12-08
-30.568333,29.422778,01-06-2015,0.0,0.0,0.0,-1.0,-1.0,2015-01-06,85.945,230.6,20.0,253.0,0.0,0.0,0.0,0.0,0.0,2015-01-06,14601.0,9173.0,14705.5,11725.5,9522.0,8505.0,42967.0,8230.5,21824.0,96.0,-0.003565761861703,-0.2316937831103284,2015-01-06,61.29999923706055,46.400001525878906,14.90000057220459,2.4000000000000004,47.900000000000006,6.700000286102295,0.0,127.80352783203124,17.75,1.2999999523162842,0.6420000195503235,0.7099999785423279,2.2100000381469727,-3.5,2015-01-06,120.0,0.0,1.0,364.0,1.0,2015-01-06,85.945,230.6,20.0,2015-01-06,157.8,2015-01-06,14601.0,9173.0,14705.5,11725.5,-0.003565761861703,-0.2316937831103284,2015-01-06
-30.568333,29.422778,01-10-2013,0.0,0.0,0.0,-1.0,-1.0,2013-01-10,95.374,222.5,52.0,253.0,0.0,0.0,0.0,0.0,0.0,2013-01-10,14111.0,9452.5,14431.0,12439.0,9772.5,8697.0,47254.5,8505.0,21824.0,96.0,-0.0112115478943311,-0.2084493478761479,2013-01-10,129.90000915527344,53.5,76.4000015258789,2.8000000000000003,55.8,4.900000095367432,0.0,228.10386657714844,24.09000015258789,8.289999961853027,1.152000069618225,0.8999999761581421,3.2300000190734863,-4.089999675750732,2013-01-10,120.0,0.0,1.0,364.0,1.0,2013-01-10,95.374,222.5,52.0,2013-01-10,150.8,2013-01-10,14111.0,9452.5,14431.0,12439.0,-0.0112115478943311,-0.2084493478761479,2013-01-10
-30.568333,29.422778,03-09-2013,0.0,0.0,0.0,-1.0,-1.0,2013-03-09,84.9,207.87,31.0,253.0,0.0,0.0,0.0,0.0,0.0,2013-03-09,12760.5,9204.5,13946.5,12583.5,9687.5,8563.0,44234.5,8371.0,21824.0,96.0,-0.0444078331523569,-0.2048291650468653,2013-03-09,117.0999984741211,1.0,116.0999984741211,0.0,0.5,5.400000095367432,0.0,226.7021484375,23.0,5.579999923706055,0.8800000548362732,0.9899999499320984,3.109999895095825,-4.210000038146973,2013-03-09,120.0,0.0,1.0,364.0,1.0,2013-03-09,84.9,207.87,31.0,2013-03-09,150.8,2013-03-09,12760.5,9204.5,13946.5,12583.5,-0.0444078331523569,-0.2048291650468653,2013-03-09
-30.568333,29.422778,03-09-2015,0.0,0.0,0.0,-1.0,-1.0,2015-03-09,116.561,330.0,20.0,253.0,0.0,0.0,0.0,0.0,0.0,2015-03-09,12560.5,9195.0,13692.0,12263.0,9473.0,8541.0,43173.5,8304.0,21824.0,96.0,-0.0431006570802779,-0.1964870887403321,2015-03-09,106.8000030517578,27.80000114440918,79.0,1.4,28.8,5.0,0.0,192.4021453857422,23.420000076293945,7.299999713897705,0.9660000205039978,0.9899999499320984,2.879999876022339,-2.8999998569488525,2015-03-09,120.0,0.0,1.0,364.0,1.0,2015-03-09,116.561,330.0,20.0,2015-03-09,157.8,2015-03-09,12560.5,9195.0,13692.0,12263.0,-0.0431006570802779,-0.1964870887403321,2015-03-09
-30.568333,29.422778,04-08-2015,0.0,0.0,0.0,-1.0,-1.0,2015-04-08,101.198,264.0,20.0,253.0,0.0,0.0,0.0,0.0,0.0,2015-04-08,11530.0,8961.0,13184.0,12199.5,9388.5,8438.5,40080.5,8162.0,23888.0,96.0,-0.0669256291980251,-0.1906976744186038,2015-04-08,90.4000015258789,9.90000057220459,80.5,0.5,9.8,5.5,0.0,172.49932861328125,19.649999618530273,2.1499998569488525,0.6370000243186951,0.8700000047683716,2.799999952316284,-2.929999828338623,2015-04-08,120.0,0.0,1.0,364.0,1.0,2015-04-08,101.198,264.0,20.0,2015-04-08,157.8,2015-04-08,11530.0,8961.0,13184.0,12199.5,-0.0669256291980251,-0.1906976744186038,2015-04-08
-30.568333,29.422778,06-10-2015,0.0,0.0,0.0,-1.0,-1.0,2015-06-10,122.737,311.0,136.0,253.0,0.0,0.0,0.0,0.0,0.0,2015-06-10,13609.5,9337.5,13815.0,12380.0,9470.0,8613.0,46813.5,8358.5,21824.0,96.0,-0.007493299786687,-0.1933916423712333,2015-06-10,144.5,20.0,124.5,1.0,20.700000000000003,4.599999904632568,0.0,247.89697265625,26.11999893188477,10.40999984741211,1.272000074386597,1.059999942779541,3.2899999618530273,-3.819999933242798,2015-06-10,120.0,0.0,1.0,364.0,1.0,2015-06-10,122.737,311.0,136.0,2015-06-10,157.8,2015-06-10,13609.5,9337.5,13815.0,12380.0,-0.007493299786687,-0.1933916423712333,2015-06-10
-30.568333,29.422778,09-07-2014,0.0,0.0,0.0,-1.0,-1.0,2014-09-07,92.5,222.0,20.0,253.0,0.0,0.0,0.0,0.0,0.0,2014-09-07,10839.0,8675.5,11401.5,10829.5,8999.0,8380.5,40648.0,8155.0,21824.0,96.0,-0.0252916975787413,-0.1357772575583995,2014-09-07,67.4000015258789,1.899999976158142,65.5,0.0,0.0,9.600000381469728,0.0,148.20074462890625,18.53999900817871,0.4199999868869781,0.6080000400543213,0.7799999713897705,2.299999952316284,-2.569999933242798,2014-09-07,120.0,0.0,1.0,364.0,1.0,2014-09-07,92.5,222.0,20.0,2014-09-07,153.40001,2014-09-07,10839.0,8675.5,11401.5,10829.5,-0.0252916975787413,-0.1357772575583995,2014-09-07
-30.568333,29.422778,09-12-2014,0.0,0.0,0.0,-1.0,-1.0,2014-09-12,65.921,178.0,102.0,253.0,0.0,0.0,0.0,0.0,0.0,2014-09-12,17073.0,8910.5,11772.5,9539.5,8397.5,8050.0,44877.5,7944.5,21824.0,96.0,0.1837548317761863,-0.138374510467533,2014-09-12,136.5,130.3000030517578,6.200000286102295,6.800000000000001,135.5,12.800000190734863,0.0,244.69821166992188,25.36999893188477,12.769999504089355,1.5630000829696655,0.7999999523162842,2.879999876022339,-1.3700000047683716,2014-09-12,120.0,0.0,1.0,364.0,1.0,2014-09-12,65.921,178.0,102.0,2014-09-12,153.40001,2014-09-12,17073.0,8910.5,11772.5,9539.5,0.1837548317761863,-0.138374510467533,2014-09-12
-30.568333,29.422778,10-07-2013,0.0,0.0,0.0,-1.0,-1.0,2013-10-07,69.121,177.5,10.0,253.0,0.0,0.0,0.0,0.0,0.0,2013-10-07,11708.0,8753.5,12291.0,11573.5,9172.5,8341.0,40958.5,8132.5,21824.0,96.0,-0.0242926788616191,-0.1680961771484228,2013-10-07,63.10000228881836,4.400000095367432,58.70000076293945,0.2,3.7,6.599999904632568,0.0,128.19729614257812,18.850000381469727,1.819999933242798,0.6690000295639038,0.7699999809265137,2.1499998569488525,-3.1399998664855957,2013-10-07,120.0,0.0,1.0,364.0,1.0,2013-10-07,69.121,177.5,10.0,2013-10-07,150.8,2013-10-07,11708.0,8753.5,12291.0,11573.5,-0.0242926788616191,-0.1680961771484228,2013-10-07
-30.568333,29.422778,11-06-2013,0.0,0.0,0.0,-1.0,-1.0,2013-11-06,56.203,159.3,10.0,253.0,0.0,0.0,0.0,0.0,0.0,2013-11-06,11024.0,8706.5,11811.0,10940.5,9025.0,8259.5,40950.5,8136.0,21824.0,96.0,-0.0344646376176919,-0.151309857438771,2013-11-06,59.79999923706055,1.100000023841858,58.70000076293945,0.0,0.0,7.400000095367432,0.0,135.79861450195312,17.6299991607666,0.9399999976158142,0.6540000438690186,0.6899999976158142,2.2300000190734863,-2.93999981880188,2013-11-06,120.0,0.0,1.0,364.0,1.0,2013-11-06,56.203,159.3,10.0,2013-11-06,126.8,2013-11-06,11024.0,8706.5,11811.0,10940.5,-0.0344646376176919,-0.151309857438771,2013-11-06
-30.568333,29.422778,11-06-2014,0.0,0.0,0.0,-1.0,-1.0,2014-11-06,88.71,202.3,20.0,253.0,0.0,0.0,0.0,0.0,0.0,2014-11-06,14693.0,9345.5,15018.5,12013.0,10050.5,8737.0,39324.5,8397.0,21824.0,96.0,-0.0109553539875132,-0.232843539648661,2014-11-06,66.9000015258789,3.299999952316284,63.60000228881836,0.0,0.3,11.5,0.0,135.09971618652344,18.81999969482422,-0.2399999946355819,0.5710000395774841,0.8199999928474426,2.319999933242798,-2.200000047683716,2014-11-06,120.0,0.0,1.0,364.0,1.0,2014-11-06,88.71,202.3,20.0,2014-11-06,136.5,2014-11-06,14693.0,9345.5,15018.5,12013.0,-0.0109553539875132,-0.232843539648661,2014-11-06
-30.568333,29.422778,12-06-2014,0.0,0.0,0.0,-1.0,-1.0,2014-12-06,100.562,234.8,20.0,253.0,0.0,0.0,0.0,0.0,0.0,2014-12-06,14693.0,9345.5,15018.5,12013.0,10050.5,8737.0,39324.5,8397.0,21824.0,96.0,-0.0109553539875132,-0.232843539648661,2014-12-06,66.9000015258789,3.299999952316284,63.60000228881836,0.0,0.3,11.5,0.0,135.09971618652344,18.81999969482422,-0.2399999946355819,0.5710000395774841,0.8199999928474426,2.319999933242798,-2.200000047683716,2014-12-06,120.0,0.0,1.0,364.0,1.0,2014-12-06,100.562,234.8,20.0,2014-12-06,136.5,2014-12-06,14693.0,9345.5,15018.5,12013.0,-0.0109553539875132,-0.232843539648661,2014-12-06
-30.534167,24.961944,06-08-2015,0.0,0.0,0.0,-1.0,-1.0,2015-06-08,298.143,698.0,20.0,253.0,0.0,0.0,0.0,0.0,0.0,2015-06-08,12366.5,10030.0,14023.5,12900.5,10699.0,9026.0,40963.5,8548.0,21824.0,160.0,-0.062788935202728,-0.1660257343006208,2015-06-08,87.5999984741211,28.700000762939453,58.900001525878906,1.5,30.3,0.0,0.0,179.59815979003906,17.420000076293945,-1.1200000047683716,0.5020000338554382,0.7799999713897705,2.93999981880188,1.569999933242798,2015-06-08,120.0,0.0,1.0,312.0,1.0,2015-06-08,298.143,698.0,20.0,2015-06-08,229.2,2015-06-08,12366.5,10030.0,14023.5,12900.5,-0.062788935202728,-0.1660257343006208,2015-06-08
-30.534167,24.961944,08-07-2015,0.0,0.0,0.0,-1.0,-1.0,2015-08-07,265.779,626.0,20.0,253.0,0.0,0.0,0.0,0.0,0.0,2015-08-07,12652.0,9708.5,13618.5,12176.5,10159.0,8763.5,39343.0,8322.5,21824.0,160.0,-0.0367903161340665,-0.1676169245938176,2015-08-07,52.70000076293945,23.0,29.700000762939453,1.2000000000000002,24.200000000000003,0.0,0.0,134.10365295410156,13.679999351501465,-0.85999995470047,0.6450000405311584,0.429999977350235,2.819999933242798,1.159999966621399,2015-08-07,120.0,0.0,1.0,312.0,1.0,2015-08-07,265.779,626.0,20.0,2015-08-07,229.2,2015-08-07,12652.0,9708.5,13618.5,12176.5,-0.0367903161340665,-0.1676169245938176,2015-08-07
-30.534167,24.961944,10-01-2014,0.0,0.0,0.0,-1.0,-1.0,2014-10-01,285.905,651.01,23.0,253.0,0.0,0.0,0.0,0.0,0.0,2014-10-01,14592.0,10259.5,15339.0,13309.5,10847.0,8952.5,48154.5,8357.0,21824.0,160.0,-0.0249574020246566,-0.1984295954841096,2014-10-01,218.3000030517578,26.100000381469727,192.1999969482422,1.4,27.5,0.0,0.0,302.09869384765625,33.90999984741211,17.079999923706055,1.4540001153945925,2.180000066757202,3.319999933242798,-1.6200000047683716,2014-10-01,120.0,0.0,1.0,312.0,1.0,2014-10-01,285.905,651.01,23.0,2014-10-01,189.7,2014-10-01,14592.0,10259.5,15339.0,13309.5,-0.0249574020246566,-0.1984295954841096,2014-10-01
-30.534167,24.961944,10-09-2015,0.0,0.0,0.0,-1.0,-1.0,2015-10-09,323.145,773.0,20.0,253.0,0.0,0.0,0.0,0.0,0.0,2015-10-09,12651.5,10258.0,14140.5,12850.5,10669.5,8923.5,44292.0,8347.5,21824.0,224.0,-0.0555762914302774,-0.1591286349570664,2015-10-09,130.5,6.0,124.5,0.3,6.300000000000001,0.0,0.0,227.6029357910156,24.579999923706055,7.109999656677246,0.7600000500679016,1.2999999523162842,3.359999895095825,1.1299999952316284,2015-10-09,120.0,0.0,1.0,312.0,1.0,2015-10-09,323.145,773.0,20.0,2015-10-09,229.2,2015-10-09,12651.5,10258.0,14140.5,12850.5,-0.0555762914302774,-0.1591286349570664,2015-10-09
-30.534167,24.961944,11-09-2014,0.0,0.0,0.0,-1.0,-1.0,2014-11-09,346.54,809.0,20.0,253.0,0.0,0.0,0.0,0.0,0.0,2014-11-09,12742.0,10311.0,14887.0,13916.5,11078.5,9020.0,45674.5,8343.0,21824.0,177.0,-0.0776358174381987,-0.1816017144217788,2014-11-09,134.6999969482422,9.40000057220459,125.3000030517578,0.5,9.9,0.0,0.0,238.2012939453125,25.719999313354492,6.289999961853027,0.7410000562667847,1.399999976158142,3.069999933242798,-1.9499999284744265,2014-11-09,120.0,0.0,1.0,312.0,1.0,2014-11-09,346.54,809.0,20.0,2014-11-09,220.90001,2014-11-09,12742.0,10311.0,14887.0,13916.5,-0.0776358174381987,-0.1816017144217788,2014-11-09
-30.336111,27.359444,02-06-2015,0.0,0.0,0.0,-1.0,-1.0,2015-02-06,106.611,232.9,20.0,100.0,1.0,57.0,97.0,4.0,4.0,2015-02-06,9257.5,9651.0,9015.5,8739.0,9826.5,8595.5,40418.5,8050.0,21952.0,160.0,0.0132435834291029,0.0340449468298822,2015-02-06,56.5,51.0,5.5,2.7,53.7,0.6000000238418579,0.0,126.19793701171876,15.149999618530272,0.3100000023841858,0.6450000405311584,0.5299999713897705,2.440000057220459,-2.169999837875366,2015-02-06,130.0,0.0,1.0,343.0,1.0,2015-02-06,106.611,232.9,20.0,2015-02-06,201.5,2015-02-06,9257.5,9651.0,9015.5,8739.0,0.0132435834291029,0.0340449468298822,2015-02-06
-30.336111,27.359444,03-10-2013,0.0,0.0,0.0,-1.0,-1.0,2013-03-10,110.57,244.4,14.0,100.0,1.0,57.0,97.0,4.0,4.0,2013-03-10,12637.5,10810.0,12170.5,11616.5,11522.0,9350.5,37662.0,8157.5,55052.0,224.0,0.0188245727184778,-0.0592023672243856,2013-03-10,162.6999969482422,51.29999923706055,111.4000015258789,2.7,53.900000000000006,1.0,0.0,269.8991394042969,26.25,8.920000076293945,0.9390000700950624,1.350000023841858,3.3499999046325684,-3.6999998092651367,2013-03-10,130.0,0.0,1.0,343.0,1.0,2013-03-10,110.57,244.4,14.0,2013-03-10,175.0,2013-03-10,12637.5,10810.0,12170.5,11616.5,0.0188245727184778,-0.0592023672243856,2013-03-10
-30.336111,27.359444,03-12-2014,0.0,0.0,0.0,-1.0,-1.0,2014-03-12,63.133,155.9,20.0,100.0,1.0,57.0,97.0,4.0,4.0,2014-03-12,10947.5,9085.5,7950.0,7838.0,9770.0,8514.0,44307.5,8340.0,21824.0,96.0,0.1586188649292226,0.0666549264770622,2014-03-12,173.60000610351562,75.80000305175781,97.8000030517578,4.0,79.7,0.699999988079071,0.0,278.0980224609375,28.63999938964844,13.40999984741211,1.3360000848770142,1.409999966621399,2.859999895095825,-1.3700000047683716,2014-03-12,130.0,0.0,1.0,343.0,1.0,2014-03-12,63.133,155.9,20.0,2014-03-12,183.3,2014-03-12,10947.5,9085.5,7950.0,7838.0,0.1586188649292226,0.0666549264770622,2014-03-12
-30.336111,27.359444,04-09-2013,0.0,0.0,0.0,-1.0,-1.0,2013-04-09,111.079,228.59,10.0,100.0,1.0,57.0,97.0,4.0,4.0,2013-04-09,8557.0,9322.5,8724.5,8365.0,9279.5,8660.0,40921.0,8343.0,21952.0,96.0,-0.0096924456789051,0.03313570122458,2013-04-09,128.3000030517578,0.6000000238418579,127.70000457763672,0.0,0.6000000000000001,1.100000023841858,0.0,248.6971435546875,22.60999870300293,4.829999923706055,0.6470000147819519,1.159999966621399,3.049999952316284,-3.819999933242798,2013-04-09,130.0,0.0,1.0,343.0,1.0,2013-04-09,111.079,228.59,10.0,2013-04-09,175.0,2013-04-09,8557.0,9322.5,8724.5,8365.0,-0.0096924456789051,0.03313570122458,2013-04-09
-30.336111,27.359444,06-02-2014,0.0,0.0,0.0,-1.0,-1.0,2014-06-02,50.712,115.27,10.0,100.0,1.0,57.0,97.0,4.0,4.0,2014-06-02,14150.0,10289.5,7707.0,7531.0,11769.0,8996.0,43982.0,8627.0,21824.0,96.0,0.2947797044425114,0.1435001250243095,2014-06-02,125.4000015258789,114.20000457763672,11.199999809265137,6.0,120.2,0.9000000357627869,0.0,232.70199584960935,28.63999938964844,15.1899995803833,1.6110000610351562,1.2300000190734863,1.6100000143051147,-1.75,2014-06-02,130.0,0.0,1.0,343.0,1.0,2014-06-02,50.712,115.27,10.0,2014-06-02,173.6,2014-06-02,14150.0,10289.5,7707.0,7531.0,0.2947797044425114,0.1435001250243095,2014-06-02
-30.336111,27.359444,07-01-2015,0.0,0.0,0.0,-1.0,-1.0,2015-07-01,66.575,155.4,20.0,100.0,1.0,57.0,97.0,4.0,4.0,2015-07-01,10443.5,9268.5,7747.0,7659.5,10127.0,8491.5,44451.5,8265.0,21824.0,96.0,0.1482367169676471,0.0894184713937287,2015-07-01,183.3000030517578,34.20000076293945,149.10000610351562,1.8,35.9,0.699999988079071,0.0,283.60308837890625,30.829999923706055,14.31999969482422,1.449000120162964,1.6100000143051147,2.559999942779541,-1.9900000095367432,2015-07-01,130.0,0.0,1.0,343.0,1.0,2015-07-01,66.575,155.4,20.0,2015-07-01,58.2,2015-07-01,10443.5,9268.5,7747.0,7659.5,0.1482367169676471,0.0894184713937287,2015-07-01
-30.336111,27.359444,09-01-2014,0.0,0.0,0.0,-1.0,-1.0,2014-09-01,66.532,136.24,10.0,100.0,1.0,57.0,97.0,4.0,4.0,2014-09-01,9673.0,8932.0,7569.0,7550.5,9687.5,8249.0,45326.5,8037.5,21952.0,96.0,0.122027607006147,0.082601054481546,2014-09-01,175.0,39.29999923706055,135.6999969482422,2.1,41.3,0.9000000357627869,0.0,274.2971496582031,31.06999969482422,15.460000038146973,1.568000078201294,1.579999923706055,2.440000057220459,-2.490000009536743,2014-09-01,130.0,0.0,1.0,343.0,1.0,2014-09-01,66.532,136.24,10.0,2014-09-01,124.6,2014-09-01,9673.0,8932.0,7569.0,7550.5,0.122027607006147,0.082601054481546,2014-09-01
-30.336111,27.359444,09-05-2013,0.0,0.0,0.0,-1.0,-1.0,2013-09-05,75.115,228.5,10.0,100.0,1.0,57.0,97.0,4.0,4.0,2013-09-05,8665.5,9576.5,7464.0,7425.5,10372.0,8623.0,40118.0,8343.0,21952.0,96.0,0.0744908397656463,0.1239693670960352,2013-09-05,73.5999984741211,5.200000286102295,68.4000015258789,0.3,5.4,1.2000000476837158,0.0,151.89837646484375,20.829999923706055,3.65999984741211,0.7940000295639038,0.8399999737739563,1.959999918937683,-2.799999952316284,2013-09-05,130.0,0.0,1.0,343.0,1.0,2013-09-05,75.115,228.5,10.0,2013-09-05,161.5,2013-09-05,8665.5,9576.5,7464.0,7425.5,0.0744908397656463,0.1239693670960352,2013-09-05
-30.336111,27.359444,09-12-2015,0.0,0.0,0.0,-1.0,-1.0,2015-09-12,124.21,267.9,20.0,100.0,1.0,57.0,97.0,4.0,4.0,2015-09-12,15002.5,10951.0,9984.5,9263.5,12896.0,9426.5,46779.0,8965.5,21824.0,96.0,0.2008244287029247,0.0461656038785792,2015-09-12,201.5,12.800000190734863,188.6999969482422,0.7000000000000001,13.4,0.6000000238418579,0.0,311.900634765625,31.579999923706055,14.670000076293944,1.4900001287460327,1.6799999475479126,3.2699999809265137,-3.609999895095825,2015-09-12,130.0,0.0,1.0,343.0,1.0,2015-09-12,124.21,267.9,20.0,2015-09-12,201.5,2015-09-12,15002.5,10951.0,9984.5,9263.5,0.2008244287029247,0.0461656038785792,2015-09-12
-30.336111,27.359444,10-09-2014,0.0,0.0,0.0,-1.0,-1.0,2014-10-09,110.743,234.1,20.0,100.0,1.0,57.0,97.0,4.0,4.0,2014-10-09,8077.5,9097.5,8043.5,7915.5,9058.5,8396.5,42014.5,8048.0,21952.0,160.0,0.0021090503070528,0.0614899947494308,2014-10-09,124.5999984741211,10.800000190734863,113.8000030517578,0.6000000000000001,11.3,0.800000011920929,0.0,236.79966735839844,24.709999084472656,6.309999942779541,0.7410000562667847,1.2999999523162842,2.5399999618530273,-2.8999998569488525,2014-10-09,130.0,0.0,1.0,343.0,1.0,2014-10-09,110.743,234.1,20.0,2014-10-09,183.3,2014-10-09,8077.5,9097.5,8043.5,7915.5,0.0021090503070528,0.0614899947494308,2014-10-09
-30.336111,27.359444,11-03-2015,0.0,0.0,0.0,-1.0,-1.0,2015-11-03,85.883,195.5,22.0,100.0,1.0,57.0,97.0,4.0,4.0,2015-11-03,10678.5,9579.5,8744.0,8244.5,10710.5,8521.5,44490.5,8211.5,21952.0,96.0,0.0996009782468781,0.0455971839441152,2015-11-03,130.40000915527344,90.5999984741211,39.79999923706055,4.800000000000001,95.3,0.699999988079071,0.0,221.49842834472656,27.65999984741211,12.670000076293944,1.409000039100647,1.1899999380111694,2.180000066757202,-2.40999984741211,2015-11-03,130.0,0.0,1.0,343.0,1.0,2015-11-03,85.883,195.5,22.0,2015-11-03,201.5,2015-11-03,10678.5,9579.5,8744.0,8244.5,0.0996009782468781,0.0455971839441152,2015-11-03
-30.336111,27.359444,11-07-2013,0.0,0.0,0.0,-1.0,-1.0,2013-11-07,96.25,220.8,11.0,100.0,1.0,57.0,97.0,4.0,4.0,2013-11-07,8835.5,9540.5,8659.0,8190.5,9479.5,8647.5,40048.5,8207.5,21952.0,160.0,0.0100888850781673,0.0484353965768287,2013-11-07,61.60000228881836,3.799999952316284,57.79999923706055,0.2,4.0,1.2000000476837158,0.0,148.1978302001953,16.389999389648438,0.2899999916553497,0.6230000257492065,0.6200000047683716,2.40999984741211,-3.15999984741211,2013-11-07,130.0,0.0,1.0,343.0,1.0,2013-11-07,96.25,220.8,11.0,2013-11-07,175.0,2013-11-07,8835.5,9540.5,8659.0,8190.5,0.0100888850781673,0.0484353965768287,2013-11-07
-30.160091,27.40124,01-10-2015,0.2395719738276989,0.2395719738276989,0.0173800436205016,3.01574427480916,478.2009269356597,2015-01-10,132.989,273.4,20.0,253.0,0.0,0.0,0.0,0.0,0.0,2015-01-10,13949.0,10179.5,15209.5,13731.0,10953.5,9076.0,45591.0,8562.5,21824.0,96.0,-0.0432292470463156,-0.1981172948914876,2015-01-10,174.0,21.100000381469727,152.90000915527344,1.1,22.200000000000003,0.6000000238418579,0.0,271.89935302734375,28.670000076293945,11.460000038146973,1.1069999933242798,1.5499999523162842,3.4600000381469727,-2.2699999809265137,2015-01-10,130.0,0.0,1.0,350.0,1.0,2015-01-10,132.989,273.4,20.0,2015-01-10,201.2,2015-01-10,13949.0,10179.5,15209.5,13731.0,-0.0432292470463156,-0.1981172948914876,2015-01-10
-30.160091,27.40124,02-06-2015,0.2395719738276989,0.2395719738276989,0.0173800436205016,3.01574427480916,478.2009269356597,2015-02-06,104.234,228.4,20.0,253.0,0.0,0.0,0.0,0.0,0.0,2015-02-06,13839.0,9932.5,14713.5,12103.5,10819.5,8960.5,41665.0,8530.0,21824.0,96.0,-0.0306277909114787,-0.1939868538505226,2015-02-06,57.5,53.10000228881836,4.400000095367432,2.8000000000000003,55.900000000000006,0.6000000238418579,0.0,127.10261535644533,15.479999542236328,0.6399999856948853,0.6420000195503235,0.5600000023841858,2.369999885559082,-2.1499998569488525,2015-02-06,130.0,0.0,1.0,350.0,1.0,2015-02-06,104.234,228.4,20.0,2015-02-06,201.2,2015-02-06,13839.0,9932.5,14713.5,12103.5,-0.0306277909114787,-0.1939868538505226,2015-02-06
-30.160091,27.40124,03-10-2013,0.2395719738276989,0.2221919302071973,0.0064067611777535,2.553980370774264,478.2009269356597,2013-03-10,144.3,302.4,16.0,253.0,0.0,0.0,0.0,0.0,0.0,2013-03-10,13680.5,10279.5,14959.5,13361.0,11175.5,9071.5,44592.5,8552.0,21824.0,160.0,-0.0446578212290501,-0.1854273148698435,2013-03-10,162.10000610351562,48.10000228881836,114.0,2.5,50.6,1.0,0.0,271.1006164550781,26.43000030517578,9.34000015258789,0.9470000267028807,1.3700000047683716,3.169999837875366,-3.7799999713897705,2013-03-10,130.0,0.0,1.0,350.0,1.0,2013-03-10,144.3,302.4,16.0,2013-03-10,172.7,2013-03-10,13680.5,10279.5,14959.5,13361.0,-0.0446578212290501,-0.1854273148698435,2013-03-10
-30.160091,27.40124,03-12-2014,0.2395719738276989,0.2221919302071973,0.0064067611777535,2.7761723009814605,478.2009269356597,2014-03-12,55.696,145.5,20.0,253.0,0.0,0.0,0.0,0.0,0.0,2014-03-12,15632.5,10203.0,14231.5,11724.0,10514.5,9149.0,46518.5,8896.0,21824.0,96.0,0.0469126707741761,-0.1648693445742693,2014-03-12,173.5,75.4000015258789,98.0999984741211,4.0,79.30000000000001,0.699999988079071,0.0,277.900146484375,28.60999870300293,13.880000114440918,1.343000054359436,1.4199999570846558,2.809999942779541,-1.319999933242798,2014-03-12,130.0,0.0,1.0,350.0,1.0,2014-03-12,55.696,145.5,20.0,2014-03-12,182.6,2014-03-12,15632.5,10203.0,14231.5,11724.0,0.0469126707741761,-0.1648693445742693,2014-03-12
-30.160091,27.40124,05-09-2013,0.2395719738276989,0.2221919302071973,0.0064067611777535,2.553980370774264,478.2009269356597,2013-05-09,121.918,259.0,12.0,253.0,0.0,0.0,0.0,0.0,0.0,2013-05-09,13749.0,9981.5,14233.5,12446.5,11007.0,8997.0,41921.0,8511.5,21824.0,96.0,-0.0173143929241489,-0.175593640305595,2013-05-09,128.1999969482422,0.4000000059604645,127.8000030517578,0.0,0.4,1.0,0.0,248.0002899169922,22.829999923706055,5.150000095367432,0.6500000357627869,1.1899999380111694,2.9600000381469727,-3.859999895095825,2013-05-09,130.0,0.0,1.0,350.0,1.0,2013-05-09,121.918,259.0,12.0,2013-05-09,172.7,2013-05-09,13749.0,9981.5,14233.5,12446.5,-0.0173143929241489,-0.175593640305595,2013-05-09
-30.160091,27.40124,06-02-2014,0.2395719738276989,0.2221919302071973,0.0064067611777535,2.7761723009814605,478.2009269356597,2014-06-02,45.243,107.07,10.0,253.0,0.0,0.0,0.0,0.0,0.0,2014-06-02,15710.0,9890.0,13198.0,10691.5,10451.5,8712.5,45041.5,8371.5,21824.0,96.0,0.0868963608689633,-0.1432778932778926,2014-06-02,126.5999984741211,109.5999984741211,17.0,5.800000000000001,115.3,0.9000000357627869,0.0,231.59718322753903,28.559999465942383,15.559999465942385,1.6190000772476196,1.2300000190734863,1.7300000190734863,-1.8399999141693115,2014-06-02,130.0,0.0,1.0,350.0,1.0,2014-06-02,45.243,107.07,10.0,2014-06-02,173.5,2014-06-02,15710.0,9890.0,13198.0,10691.5,0.0868963608689633,-0.1432778932778926,2014-06-02
-30.160091,27.40124,07-01-2015,0.2395719738276989,0.2395719738276989,0.0173800436205016,3.01574427480916,478.2009269356597,2015-07-01,74.341,173.5,20.0,253.0,0.0,0.0,0.0,0.0,0.0,2015-07-01,16247.0,9844.0,14392.5,11759.5,10093.0,8640.5,46618.0,8318.5,21824.0,96.0,0.0605264446221378,-0.1876714872196885,2015-07-01,182.6000061035156,34.70000076293945,147.90000915527344,1.8,36.6,0.699999988079071,0.0,282.90216064453125,30.8799991607666,14.75,1.4590001106262207,1.6200000047683716,2.4800000190734863,-1.9499999284744265,2015-07-01,130.0,0.0,1.0,350.0,1.0,2015-07-01,74.341,173.5,20.0,2015-07-01,59.4,2015-07-01,16247.0,9844.0,14392.5,11759.5,0.0605264446221378,-0.1876714872196885,2015-07-01
-30.160091,27.40124,09-01-2014,0.2395719738276989,0.2221919302071973,0.0064067611777535,2.7761723009814605,478.2009269356597,2014-09-01,62.296,126.05,19.0,253.0,0.0,0.0,0.0,0.0,0.0,2014-09-01,15993.0,10532.5,14938.5,12247.5,11328.5,9209.0,47751.5,8821.5,21824.0,96.0,0.0340914601619707,-0.1729810372580575,2014-09-01,172.6999969482422,38.5,134.1999969482422,2.0,40.5,0.9000000357627869,0.0,271.4031982421875,31.079999923706055,15.889999389648438,1.5780000686645508,1.5999999046325684,2.309999942779541,-2.5299999713897705,2014-09-01,130.0,0.0,1.0,350.0,1.0,2014-09-01,62.296,126.05,19.0,2014-09-01,124.9,2014-09-01,15993.0,10532.5,14938.5,12247.5,0.0340914601619707,-0.1729810372580575,2014-09-01
-30.160091,27.40124,09-05-2013,0.2395719738276989,0.2221919302071973,0.0064067611777535,2.553980370774264,478.2009269356597,2013-09-05,83.109,234.5,13.0,253.0,0.0,0.0,0.0,0.0,0.0,2013-09-05,13683.5,9819.0,14618.5,12051.5,10402.5,8790.5,40994.5,8431.0,21824.0,96.0,-0.0330365345205284,-0.1963989769820964,2013-09-05,72.9000015258789,3.700000047683716,69.20000457763672,0.2,3.9,1.2000000476837158,0.0,152.69935607910156,20.81999969482422,3.639999866485596,0.7990000247955322,0.8299999833106995,1.8799999952316284,-2.919999837875366,2013-09-05,130.0,0.0,1.0,350.0,1.0,2013-09-05,83.109,234.5,13.0,2013-09-05,159.7,2013-09-05,13683.5,9819.0,14618.5,12051.5,-0.0330365345205284,-0.1963989769820964,2013-09-05
-30.160091,27.40124,10-09-2014,0.2395719738276989,0.2221919302071973,0.0064067611777535,2.7761723009814605,478.2009269356597,2014-10-09,130.861,265.5,20.0,253.0,0.0,0.0,0.0,0.0,0.0,2014-10-09,14741.5,11080.0,16797.0,14628.5,12049.5,9587.0,44372.5,8810.5,21824.0,224.0,-0.0651743107630354,-0.2050794561825153,2014-10-09,124.9000015258789,8.40000057220459,116.5,0.4,8.8,0.699999988079071,0.0,237.5994110107422,24.93000030517578,6.559999942779541,0.7390000224113464,1.329999923706055,2.4700000286102295,-3.0199999809265137,2014-10-09,130.0,0.0,1.0,350.0,1.0,2014-10-09,130.861,265.5,20.0,2014-10-09,182.6,2014-10-09,14741.5,11080.0,16797.0,14628.5,-0.0651743107630354,-0.2050794561825153,2014-10-09
-30.160091,27.40124,11-03-2015,0.2395719738276989,0.2395719738276989,0.0173800436205016,3.01574427480916,478.2009269356597,2015-11-03,97.37,220.1,20.0,253.0,0.0,0.0,0.0,0.0,0.0,2015-11-03,15844.0,10275.0,14025.0,11877.0,10947.5,8769.0,45607.0,8297.0,21824.0,96.0,0.0608992601024471,-0.1543209876543203,2015-11-03,129.40000915527344,92.70000457763672,36.70000076293945,4.9,97.6,0.6000000238418579,0.0,219.998779296875,27.60999870300293,12.90999984741211,1.4170000553131104,1.1799999475479126,2.119999885559082,-2.379999876022339,2015-11-03,130.0,0.0,1.0,350.0,1.0,2015-11-03,97.37,220.1,20.0,2015-11-03,201.2,2015-11-03,15844.0,10275.0,14025.0,11877.0,0.0608992601024471,-0.1543209876543203,2015-11-03
-30.160091,27.40124,11-07-2013,0.2395719738276989,0.2221919302071973,0.0064067611777535,2.553980370774264,478.2009269356597,2013-11-07,93.835,239.8,23.0,253.0,0.0,0.0,0.0,0.0,0.0,2013-11-07,13748.0,9927.5,14809.5,12741.0,10830.0,8935.5,41092.5,8439.5,21824.0,160.0,-0.0371706206775801,-0.1973561870881667,2013-11-07,62.900001525878906,3.200000047683716,59.70000076293945,0.2,3.3000000000000003,1.100000023841858,0.0,148.59832763671875,16.719999313354492,0.7699999809265137,0.6200000047683716,0.6599999666213989,2.359999895095825,-3.2699999809265137,2013-11-07,130.0,0.0,1.0,350.0,1.0,2013-11-07,93.835,239.8,23.0,2013-11-07,172.7,2013-11-07,13748.0,9927.5,14809.5,12741.0,-0.0371706206775801,-0.1973561870881667,2013-11-07
-30.160091,27.40124,12-07-2013,0.2395719738276989,0.2221919302071973,0.0064067611777535,2.553980370774264,478.2009269356597,2013-12-07,104.785,241.8,14.0,253.0,0.0,0.0,0.0,0.0,0.0,2013-12-07,13748.0,9927.5,14809.5,12741.0,10830.0,8935.5,41092.5,8439.5,21824.0,160.0,-0.0371706206775801,-0.1973561870881667,2013-12-07,62.900001525878906,3.200000047683716,59.70000076293945,0.2,3.3000000000000003,1.100000023841858,0.0,148.59832763671875,16.719999313354492,0.7699999809265137,0.6200000047683716,0.6599999666213989,2.359999895095825,-3.2699999809265137,2013-12-07,130.0,0.0,1.0,350.0,1.0,2013-12-07,104.785,241.8,14.0,2013-12-07,172.7,2013-12-07,13748.0,9927.5,14809.5,12741.0,-0.0371706206775801,-0.1973561870881667,2013-12-07
-29.987778,29.851667,02-09-2013,0.0,0.0,0.0,-1.0,-1.0,2013-02-09,42.702,122.8,10.0,253.0,0.0,0.0,0.0,0.0,0.0,2013-02-09,13917.5,9359.0,14332.5,12172.5,9703.0,8756.0,44255.5,8589.0,21824.0,96.0,-0.0146902654867256,-0.2099276111685617,2013-02-09,115.9000015258789,1.7000000476837158,114.20000457763672,0.0,0.5,9.300000190734863,0.0,223.60235595703125,24.3799991607666,7.099999904632568,1.0130000114440918,1.0299999713897705,2.75,-4.099999904632568,2013-02-09,40.0,0.0,1.0,307.0,1.0,2013-02-09,42.702,122.8,10.0,2013-02-09,150.6,2013-02-09,13917.5,9359.0,14332.5,12172.5,-0.0146902654867256,-0.2099276111685617,2013-02-09
-29.987778,29.851667,03-02-2015,0.0,0.0,0.0,-1.0,-1.0,2015-03-02,37.199,94.3,20.0,253.0,0.0,0.0,0.0,0.0,0.0,2015-03-02,20683.5,9222.5,13812.0,10373.5,8436.0,8011.5,46031.0,7915.5,21824.0,96.0,0.1991998956385609,-0.1992446113438529,2015-03-02,125.5999984741211,44.5,81.0999984741211,1.8,36.9,21.399999618530273,0.0,251.49937438964844,27.529998779296875,13.239999771118164,1.690000057220459,0.9199999570846558,1.959999918937683,-3.299999952316284,2015-03-02,40.0,0.0,1.0,307.0,1.0,2015-03-02,37.199,94.3,20.0,2015-03-02,155.3,2015-03-02,20683.5,9222.5,13812.0,10373.5,0.1991998956385609,-0.1992446113438529,2015-03-02
-29.987778,29.851667,05-01-2015,0.0,0.0,0.0,-1.0,-1.0,2015-05-01,42.081,103.0,20.0,253.0,0.0,0.0,0.0,0.0,0.0,2015-05-01,20683.5,9222.5,13812.0,10373.5,8436.0,8011.5,46031.0,7915.5,21824.0,96.0,0.1991998956385609,-0.1992446113438529,2015-05-01,152.90000915527344,87.0999984741211,65.80000305175781,2.2,43.400000000000006,30.80000114440918,0.0,267.7019958496094,27.76999855041504,14.789999961853027,1.790000081062317,0.9300000071525574,2.450000047683716,-1.9799998998641968,2015-05-01,40.0,0.0,1.0,307.0,1.0,2015-05-01,42.081,103.0,20.0,2015-05-01,74.3,2015-05-01,20683.5,9222.5,13812.0,10373.5,0.1991998956385609,-0.1992446113438529,2015-05-01
-29.987778,29.851667,05-10-2015,0.0,0.0,0.0,-1.0,-1.0,2015-05-10,46.195,114.0,20.0,253.0,0.0,0.0,0.0,0.0,0.0,2015-05-10,15025.0,9266.5,14706.0,12315.0,9303.0,8530.0,46273.0,8300.5,21824.0,96.0,0.0107295415559516,-0.2269058295964116,2015-05-10,141.90000915527344,23.80000114440918,118.0999984741211,1.2000000000000002,24.0,8.40000057220459,0.0,250.30130004882812,27.010000228881836,11.420000076293944,1.4250000715255735,1.0399999618530271,2.859999895095825,-3.5999999046325684,2015-05-10,40.0,0.0,1.0,307.0,1.0,2015-05-10,46.195,114.0,20.0,2015-05-10,155.3,2015-05-10,15025.0,9266.5,14706.0,12315.0,0.0107295415559516,-0.2269058295964116,2015-05-10
-29.987778,29.851667,07-09-2015,0.0,0.0,0.0,-1.0,-1.0,2015-07-09,46.77,112.7,20.0,253.0,0.0,0.0,0.0,0.0,0.0,2015-07-09,13208.0,9204.5,13668.5,11609.0,9436.5,8633.5,42735.0,8440.0,21824.0,96.0,-0.0171339274087027,-0.1951646045555887,2015-07-09,104.8000030517578,34.5,70.30000305175781,1.7000000000000002,34.9,9.40000057220459,0.0,191.6034240722656,24.51999855041504,8.739999771118164,1.093000054359436,1.0199999809265137,2.509999990463257,-2.5899999141693115,2015-07-09,40.0,0.0,1.0,307.0,1.0,2015-07-09,46.77,112.7,20.0,2015-07-09,155.3,2015-07-09,13208.0,9204.5,13668.5,11609.0,-0.0171339274087027,-0.1951646045555887,2015-07-09
-29.987778,29.851667,08-07-2013,0.0,0.0,0.0,-1.0,-1.0,2013-08-07,29.144,105.0,12.0,253.0,0.0,0.0,0.0,0.0,0.0,2013-08-07,14144.0,8904.0,12538.5,10355.5,9331.5,8207.5,39880.5,7785.5,21824.0,96.0,0.0601705237515223,-0.1694998251136753,2013-08-07,64.9000015258789,5.300000190734863,59.60000228881836,0.2,3.2,12.199999809265137,0.0,133.20343017578125,20.94999885559082,3.7699999809265137,0.7400000095367432,0.9099999666213988,1.8499999046325684,-2.990000009536743,2013-08-07,40.0,0.0,1.0,307.0,1.0,2013-08-07,29.144,105.0,12.0,2013-08-07,123.8,2013-08-07,14144.0,8904.0,12538.5,10355.5,0.0601705237515223,-0.1694998251136753,2013-08-07
-29.987778,29.851667,10-08-2015,0.0,0.0,0.0,-1.0,-1.0,2015-10-08,41.27,106.4,20.0,253.0,0.0,0.0,0.0,0.0,0.0,2015-10-08,13060.5,9380.5,14181.0,12249.5,9807.0,8825.5,42601.5,8666.5,21824.0,96.0,-0.0411320962502063,-0.2037433949451427,2015-10-08,89.30000305175781,14.800000190734863,74.5,0.7000000000000001,13.8,10.600000381469728,0.0,176.99822998046875,21.739999771118164,3.990000009536743,0.7630000114440918,0.949999988079071,2.2799999713897705,-2.609999895095825,2015-10-08,40.0,0.0,1.0,307.0,1.0,2015-10-08,41.27,106.4,20.0,2015-10-08,155.3,2015-10-08,13060.5,9380.5,14181.0,12249.5,-0.0411320962502063,-0.2037433949451427,2015-10-08
-29.987778,29.851667,11-08-2014,0.0,0.0,0.0,-1.0,-1.0,2014-11-08,41.459,100.9,20.0,253.0,0.0,0.0,0.0,0.0,0.0,2014-11-08,13962.0,9495.5,14359.0,11911.5,9932.0,8775.5,42961.5,8412.0,21824.0,96.0,-0.0140178666007555,-0.2038818671529472,2014-11-08,92.70000457763672,19.700000762939453,73.0,0.9,18.3,12.100000381469728,0.0,173.49588012695312,22.03999900817871,5.829999923706055,0.878000020980835,0.9199999570846558,2.809999942779541,-2.450000047683716,2014-11-08,40.0,0.0,1.0,307.0,1.0,2014-11-08,41.459,100.9,20.0,2014-11-08,152.90001,2014-11-08,13962.0,9495.5,14359.0,11911.5,-0.0140178666007555,-0.2038818671529472,2014-11-08
-29.803611,30.516111,01-11-2013,0.0,0.0,0.0,-1.0,-1.0,2013-01-11,91.1,336.0,11.0,253.0,0.0,0.0,0.0,0.0,0.0,2013-01-11,15285.5,9623.0,14073.5,11953.5,9640.0,8587.0,45532.0,8274.0,21824.0,96.0,0.0412820600156679,-0.1878125461566046,2013-01-11,129.3000030517578,61.900001525878906,67.4000015258789,3.2,64.60000000000001,6.5,0.0,240.50308227539065,26.239999771118164,14.6899995803833,1.7620000839233398,0.7899999618530273,2.8499999046325684,-5.029999732971191,2013-01-11,40.0,0.0,1.0,295.0,1.0,2013-01-11,91.1,336.0,11.0,2013-01-11,150.2,2013-01-11,15285.5,9623.0,14073.5,11953.5,0.0412820600156679,-0.1878125461566046,2013-01-11
-29.803611,30.516111,03-12-2015,0.0,0.0,0.0,-1.0,-1.0,2015-03-12,133.1,433.0,20.0,253.0,0.0,0.0,0.0,0.0,0.0,2015-03-12,15589.5,9591.5,15060.5,12415.0,9698.5,8704.0,47291.0,8465.0,21824.0,96.0,0.0172593800978792,-0.2218481259127039,2015-03-12,152.6999969482422,21.80000114440918,130.90000915527344,1.1,22.4,6.099999904632568,0.0,258.1988525390625,29.349998474121097,17.81999969482422,2.1010000705718994,0.9799999594688416,3.049999952316284,-5.489999771118164,2015-03-12,40.0,0.0,1.0,295.0,1.0,2015-03-12,133.1,433.0,20.0,2015-03-12,152.7,2015-03-12,15589.5,9591.5,15060.5,12415.0,0.0172593800978792,-0.2218481259127039,2015-03-12
-29.803611,30.516111,04-10-2013,0.0,0.0,0.0,-1.0,-1.0,2013-04-10,85.086,283.9,10.0,253.0,0.0,0.0,0.0,0.0,0.0,2013-04-10,15285.5,9623.0,14073.5,11953.5,9640.0,8587.0,45532.0,8274.0,21824.0,96.0,0.0412820600156679,-0.1878125461566046,2013-04-10,124.5,64.9000015258789,59.60000228881836,3.4000000000000004,67.60000000000001,7.099999904632568,0.0,218.20372009277344,25.18000030517578,12.199999809265137,1.5170000791549685,0.7999999523162842,3.3399999141693115,-4.630000114440918,2013-04-10,40.0,0.0,1.0,295.0,1.0,2013-04-10,85.086,283.9,10.0,2013-04-10,150.2,2013-04-10,15285.5,9623.0,14073.5,11953.5,0.0412820600156679,-0.1878125461566046,2013-04-10
-29.803611,30.516111,04-12-2014,0.0,0.0,0.0,-1.0,-1.0,2014-04-12,123.406,353.3,20.0,253.0,0.0,0.0,0.0,0.0,0.0,2014-04-12,13412.5,9438.5,12606.0,10807.5,9647.0,8412.0,46000.0,7801.5,21824.0,224.0,0.0309971750869572,-0.1436866338542487,2014-04-12,134.8000030517578,132.6999969482422,2.1000001430511475,6.800000000000001,135.9,80.0999984741211,0.0,242.80189514160156,26.65999984741211,16.920000076293945,1.9620001316070557,0.7599999904632568,2.700000047683716,-1.6899999380111694,2014-04-12,40.0,0.0,1.0,295.0,1.0,2014-04-12,123.406,353.3,20.0,2014-04-12,151.7,2014-04-12,13412.5,9438.5,12606.0,10807.5,0.0309971750869572,-0.1436866338542487,2014-04-12
-29.803611,30.516111,06-02-2015,0.0,0.0,0.0,-1.0,-1.0,2015-06-02,103.65,355.0,20.0,253.0,0.0,0.0,0.0,0.0,0.0,2015-06-02,17485.5,9173.5,13731.0,10539.0,8909.0,8189.5,46168.5,7971.0,21824.0,96.0,0.1202729325837293,-0.1989783666964998,2015-06-02,128.0,43.29999923706055,84.70000457763672,1.8,35.6,21.30000114440918,0.0,241.70281982421875,28.56999969482422,16.239999771118164,1.9850001335144043,0.8999999761581421,2.759999990463257,-3.3299999237060547,2015-06-02,40.0,0.0,1.0,295.0,1.0,2015-06-02,103.65,355.0,20.0,2015-06-02,152.7,2015-06-02,17485.5,9173.5,13731.0,10539.0,0.1202729325837293,-0.1989783666964998,2015-06-02
-29.803611,30.516111,06-11-2015,0.0,0.0,0.0,-1.0,-1.0,2015-06-11,113.2,374.0,68.0,253.0,0.0,0.0,0.0,0.0,0.0,2015-06-11,15589.5,9591.5,15060.5,12415.0,9698.5,8704.0,47291.0,8465.0,21824.0,96.0,0.0172593800978792,-0.2218481259127039,2015-06-11,137.3000030517578,58.79999923706055,78.5,3.1,61.3,6.599999904632568,0.0,255.10177612304688,25.989999771118164,13.429999351501465,1.6820000410079956,0.7799999713897705,3.2100000381469727,-4.329999923706055,2015-06-11,40.0,0.0,1.0,295.0,1.0,2015-06-11,113.2,374.0,68.0,2015-06-11,152.7,2015-06-11,15589.5,9591.5,15060.5,12415.0,0.0172593800978792,-0.2218481259127039,2015-06-11
-29.803611,30.516111,09-01-2015,0.0,0.0,0.0,-1.0,-1.0,2015-09-01,127.303,417.0,20.0,253.0,0.0,0.0,0.0,0.0,0.0,2015-09-01,17485.5,9173.5,13731.0,10539.0,8909.0,8189.5,46168.5,7971.0,21824.0,96.0,0.1202729325837293,-0.1989783666964998,2015-09-01,151.6999969482422,92.3000030517578,59.400001525878906,2.3000000000000003,45.2,30.80000114440918,0.0,262.3962097167969,28.59000015258789,17.44999885559082,2.071000099182129,0.8899999856948853,2.559999942779541,-2.2699999809265137,2015-09-01,40.0,0.0,1.0,295.0,1.0,2015-09-01,127.303,417.0,20.0,2015-09-01,101.700005,2015-09-01,17485.5,9173.5,13731.0,10539.0,0.1202729325837293,-0.1989783666964998,2015-09-01
-29.803611,30.516111,09-08-2013,0.0,0.0,0.0,-1.0,-1.0,2013-09-08,71.104,279.3,14.0,253.0,0.0,0.0,0.0,0.0,0.0,2013-09-08,14795.0,9671.0,13821.0,11802.0,9965.5,8607.0,41669.5,8222.0,21824.0,96.0,0.0340369024322056,-0.1766558828537367,2013-09-08,97.20000457763672,2.9000000953674316,94.3000030517578,0.1,2.0,8.699999809265137,0.0,180.9019470214844,22.94999885559082,7.179999828338623,1.0329999923706057,0.8799999952316284,3.059999942779541,-3.9599997997283936,2013-09-08,40.0,0.0,1.0,295.0,1.0,2013-09-08,71.104,279.3,14.0,2013-09-08,150.2,2013-09-08,14795.0,9671.0,13821.0,11802.0,0.0340369024322056,-0.1766558828537367,2013-09-08
-29.803611,30.516111,09-10-2015,0.0,0.0,0.0,-1.0,-1.0,2015-09-10,123.511,397.0,20.0,253.0,0.0,0.0,0.0,0.0,0.0,2015-09-10,16105.5,9471.5,13593.5,11230.0,9220.0,8521.0,45920.5,8243.0,21824.0,96.0,0.0845819724569848,-0.1787123347062641,2015-09-10,142.90000915527344,26.80000114440918,116.0999984741211,1.4,27.5,7.200000286102295,0.0,244.4983367919922,27.40999984741211,14.429999351501465,1.647000074386597,1.0099999904632568,3.2899999618530273,-3.7099997997283936,2015-09-10,40.0,0.0,1.0,295.0,1.0,2015-09-10,123.511,397.0,20.0,2015-09-10,152.7,2015-09-10,16105.5,9471.5,13593.5,11230.0,0.0845819724569848,-0.1787123347062641,2015-09-10
-29.803611,30.516111,12-09-2014,0.0,0.0,0.0,-1.0,-1.0,2014-12-09,103.959,341.3,20.0,253.0,0.0,0.0,0.0,0.0,0.0,2014-12-09,13412.5,9438.5,12606.0,10807.5,9647.0,8412.0,46000.0,7801.5,21824.0,224.0,0.0309971750869572,-0.1436866338542487,2014-12-09,116.3000030517578,8.90000057220459,107.4000015258789,0.4,8.200000000000001,8.600000381469727,0.0,215.50328063964844,25.959999084472656,11.460000038146973,1.3330000638961792,1.0299999713897705,2.809999942779541,-4.519999980926514,2014-12-09,40.0,0.0,1.0,295.0,1.0,2014-12-09,103.959,341.3,20.0,2014-12-09,151.7,2014-12-09,13412.5,9438.5,12606.0,10807.5,0.0309971750869572,-0.1436866338542487,2014-12-09
-29.7775,29.470833,02-02-2015,0.0,0.0,0.0,-1.0,-1.0,2015-02-02,10.547,42.3,20.0,253.0,0.0,0.0,0.0,0.0,0.0,2015-02-02,15905.5,9346.5,12980.0,10098.0,8984.5,8340.0,44822.5,8121.0,21824.0,96.0,0.1012791885201914,-0.1627438246030494,2015-02-02,127.4000015258789,59.20000076293945,68.20000457763672,2.9000000000000004,57.2,10.90000057220459,0.0,262.3962097167969,25.90999984741211,10.960000038146973,1.471000075340271,0.85999995470047,2.180000066757202,-3.309999942779541,2015-02-02,30.0,0.0,1.0,352.0,1.0,2015-02-02,10.547,42.3,20.0,2015-02-02,157.8,2015-02-02,15905.5,9346.5,12980.0,10098.0,0.1012791885201914,-0.1627438246030494,2015-02-02
-29.7775,29.470833,02-09-2013,0.0,0.0,0.0,-1.0,-1.0,2013-02-09,41.533,106.0,10.0,253.0,0.0,0.0,0.0,0.0,0.0,2013-02-09,12227.0,9550.0,15207.5,13965.5,10365.0,8797.0,45455.0,8490.5,21824.0,96.0,-0.1086405802912387,-0.2285166111279401,2013-02-09,119.0999984741211,1.0,118.0999984741211,0.0,0.3,5.0,0.0,229.2012176513672,23.850000381469727,5.839999675750732,0.8410000205039978,1.1100000143051147,2.8299999237060547,-4.579999923706055,2013-02-09,30.0,0.0,1.0,352.0,1.0,2013-02-09,41.533,106.0,10.0,2013-02-09,146.0,2013-02-09,12227.0,9550.0,15207.5,13965.5,-0.1086405802912387,-0.2285166111279401,2013-02-09
-29.7775,29.470833,05-08-2013,0.0,0.0,0.0,-1.0,-1.0,2013-05-08,28.485,87.9,10.0,253.0,0.0,0.0,0.0,0.0,0.0,2013-05-08,10896.0,8993.0,12893.5,12518.5,9455.5,8628.5,42238.5,8474.0,21824.0,96.0,-0.0839656150822838,-0.178214881319534,2013-05-08,93.5,3.0,90.5,0.1,2.1,5.700000286102295,0.0,188.3991546630859,19.15999984741211,0.2699999809265136,0.6180000305175781,0.8100000023841858,3.049999952316284,-4.009999752044678,2013-05-08,30.0,0.0,1.0,352.0,1.0,2013-05-08,28.485,87.9,10.0,2013-05-08,146.0,2013-05-08,10896.0,8993.0,12893.5,12518.5,-0.0839656150822838,-0.178214881319534,2013-05-08
-29.7775,29.470833,05-10-2015,0.0,0.0,0.0,-1.0,-1.0,2015-05-10,23.292,70.0,20.0,253.0,0.0,0.0,0.0,0.0,0.0,2015-05-10,17179.5,9861.0,15733.5,12376.5,9853.5,8454.5,44518.0,8070.0,21824.0,192.0,0.0439340078388477,-0.229443825821953,2015-05-10,139.60000610351562,22.200000762939453,117.4000015258789,1.1,22.700000000000003,4.5,0.0,256.50360107421875,25.75,9.269999504089355,1.277000069618225,0.9699999690055848,2.669999837875366,-3.7799999713897705,2015-05-10,30.0,0.0,1.0,352.0,1.0,2015-05-10,23.292,70.0,20.0,2015-05-10,157.8,2015-05-10,17179.5,9861.0,15733.5,12376.5,0.0439340078388477,-0.229443825821953,2015-05-10
-29.7775,29.470833,08-07-2013,0.0,0.0,0.0,-1.0,-1.0,2013-08-07,21.372,106.8,10.0,253.0,0.0,0.0,0.0,0.0,0.0,2013-08-07,15150.5,9904.5,16041.0,12769.5,11164.0,8900.5,39957.0,8476.5,21824.0,96.0,-0.0285494445602166,-0.2365150026016063,2013-08-07,61.5,4.099999904632568,57.400001525878906,0.1,2.9000000000000004,6.599999904632568,0.0,139.899658203125,18.1299991607666,-0.6699999570846558,0.6340000033378601,0.699999988079071,2.0199999809265137,-3.68999981880188,2013-08-07,30.0,0.0,1.0,352.0,1.0,2013-08-07,21.372,106.8,10.0,2013-08-07,125.5,2013-08-07,15150.5,9904.5,16041.0,12769.5,-0.0285494445602166,-0.2365150026016063,2013-08-07
-29.7775,29.470833,08-09-2014,0.0,0.0,0.0,-1.0,-1.0,2014-08-09,37.462,86.7,20.0,253.0,0.0,0.0,0.0,0.0,0.0,2014-08-09,13702.5,10130.0,16744.0,14824.5,11008.0,9219.5,45934.0,8881.5,21824.0,96.0,-0.0998965398321642,-0.2461114832179793,2014-08-09,119.8000030517578,9.300000190734863,110.5,0.4,8.8,5.700000286102295,0.0,227.69737243652344,25.35999870300293,7.039999961853027,0.9050000309944152,1.2200000286102295,2.5399999618530273,-3.3899998664855957,2014-08-09,30.0,0.0,1.0,352.0,1.0,2014-08-09,37.462,86.7,20.0,2014-08-09,150.40001,2014-08-09,13702.5,10130.0,16744.0,14824.5,-0.0998965398321642,-0.2461114832179793,2014-08-09
-29.7775,29.470833,08-09-2015,0.0,0.0,0.0,-1.0,-1.0,2015-08-09,32.34,87.6,20.0,253.0,0.0,0.0,0.0,0.0,0.0,2015-08-09,15245.0,10606.0,15877.0,13620.5,11163.5,9169.5,41389.0,8472.0,54596.0,224.0,-0.0203071782019149,-0.1990333421440162,2015-08-09,107.0,29.80000114440918,77.20000457763672,1.5,30.5,5.099999904632568,0.0,199.90036010742188,24.11999893188477,7.549999713897705,0.9270000457763672,1.100000023841858,2.4600000381469727,-2.879999876022339,2015-08-09,30.0,0.0,1.0,352.0,1.0,2015-08-09,32.34,87.6,20.0,2015-08-09,157.8,2015-08-09,15245.0,10606.0,15877.0,13620.5,-0.0203071782019149,-0.1990333421440162,2015-08-09
-29.7775,29.470833,10-06-2013,0.0,0.0,0.0,-1.0,-1.0,2013-10-06,29.228,83.5,10.0,253.0,0.0,0.0,0.0,0.0,0.0,2013-10-06,15150.5,9904.5,16041.0,12769.5,11164.0,8900.5,39957.0,8476.5,21824.0,96.0,-0.0285494445602166,-0.2365150026016063,2013-10-06,59.70000076293945,2.1000001430511475,57.60000228881836,0.0,0.0,8.0,0.0,143.39993286132812,17.119998931884766,-0.6100000143051147,0.6650000214576721,0.6100000143051147,2.299999952316284,-3.7099997997283936,2013-10-06,30.0,0.0,1.0,352.0,1.0,2013-10-06,29.228,83.5,10.0,2013-10-06,125.5,2013-10-06,15150.5,9904.5,16041.0,12769.5,-0.0285494445602166,-0.2365150026016063,2013-10-06
-29.7775,29.470833,10-08-2015,0.0,0.0,0.0,-1.0,-1.0,2015-10-08,24.548,75.9,20.0,253.0,0.0,0.0,0.0,0.0,0.0,2015-10-08,13427.5,9891.0,15824.0,13950.0,10884.5,9016.5,42405.0,8667.0,21824.0,96.0,-0.0819274225253403,-0.2307213688508643,2015-10-08,87.5,19.30000114440918,68.20000457763672,1.0,19.200000000000003,5.900000095367432,0.0,180.6006317138672,19.19999885559082,0.3199999928474426,0.6060000061988831,0.8199999928474426,2.569999933242798,-2.9600000381469727,2015-10-08,30.0,0.0,1.0,352.0,1.0,2015-10-08,24.548,75.9,20.0,2015-10-08,157.8,2015-10-08,13427.5,9891.0,15824.0,13950.0,-0.0819274225253403,-0.2307213688508643,2015-10-08
-29.7775,29.470833,11-08-2014,0.0,0.0,0.0,-1.0,-1.0,2014-11-08,28.543,141.6,20.0,253.0,0.0,0.0,0.0,0.0,0.0,2014-11-08,14514.0,10336.0,17202.5,14227.0,11556.0,9310.5,43091.5,8883.5,21824.0,96.0,-0.0847666041334949,-0.2493418305281687,2014-11-08,86.30000305175781,15.100000381469728,71.20000457763672,0.7000000000000001,14.5,6.599999904632568,0.0,175.4004364013672,19.459999084472656,2.2699999809265137,0.7410000562667847,0.75,2.9700000286102295,-2.8899998664855957,2014-11-08,30.0,0.0,1.0,352.0,1.0,2014-11-08,28.543,141.6,20.0,2014-11-08,150.40001,2014-11-08,14514.0,10336.0,17202.5,14227.0,-0.0847666041334949,-0.2493418305281687,2014-11-08
-29.744167,29.905833,01-08-2014,0.0,0.0,0.0,-1.0,-1.0,2014-01-08,43.8,95.3,7.0,253.0,0.0,0.0,0.0,0.0,0.0,2014-01-08,14691.5,10293.5,16894.5,13958.5,11433.0,9254.0,41077.0,8771.5,21824.0,96.0,-0.0697460900398908,-0.2427909371781659,2014-01-08,94.70000457763672,16.399999618530273,78.30000305175781,0.8,15.5,10.300000190734863,0.0,176.10125732421875,22.5,5.889999866485596,0.8910000324249268,0.9399999976158142,2.799999952316284,-2.559999942779541,2014-01-08,40.0,0.0,1.0,360.0,1.0,2014-01-08,43.8,95.3,7.0,2014-01-08,157.2,2014-01-08,14691.5,10293.5,16894.5,13958.5,-0.0697460900398908,-0.2427909371781659,2014-01-08
-29.744167,29.905833,01-11-2013,0.0,0.0,0.0,-1.0,-1.0,2013-01-11,34.8,97.1,5.0,253.0,0.0,0.0,0.0,0.0,0.0,2013-01-11,13877.5,10304.5,15067.0,13112.0,10653.0,9273.0,48565.0,8963.0,21824.0,96.0,-0.0410958904109587,-0.187710620184064,2013-01-11,137.60000610351562,63.10000228881836,74.5,3.3000000000000003,65.7,6.5,0.0,248.80126953125,26.549999237060547,12.59999942779541,1.5440000295639038,0.9300000071525574,2.7699999809265137,-4.329999923706055,2013-01-11,40.0,0.0,1.0,360.0,1.0,2013-01-11,34.8,97.1,5.0,2013-01-11,155.1,2013-01-11,13877.5,10304.5,15067.0,13112.0,-0.0410958904109587,-0.187710620184064,2013-01-11
-29.744167,29.905833,01-12-2014,0.0,0.0,0.0,-1.0,-1.0,2014-01-12,29.888,67.0,20.0,253.0,0.0,0.0,0.0,0.0,0.0,2014-01-12,14951.0,9787.5,12215.5,10039.0,9655.0,8729.5,44618.5,8570.5,21824.0,96.0,0.1006938692875412,-0.1103485888287955,2014-01-12,141.60000610351562,141.60000610351562,0.0,7.7,154.60000000000002,73.80000305175781,0.0,247.4025115966797,26.84000015258789,14.989999771118164,1.7120001316070557,0.9199999570846558,2.5299999713897705,-0.8299999833106995,2014-01-12,40.0,0.0,1.0,360.0,1.0,2014-01-12,29.888,67.0,20.0,2014-01-12,157.2,2014-01-12,14951.0,9787.5,12215.5,10039.0,0.1006938692875412,-0.1103485888287955,2014-01-12
-29.744167,29.905833,02-05-2013,0.0,0.0,0.0,-1.0,-1.0,2013-02-05,32.7,62.5,5.0,253.0,0.0,0.0,0.0,0.0,0.0,2013-02-05,14628.5,9512.5,12534.0,10244.0,9379.5,8534.0,42909.5,8293.0,21824.0,96.0,0.0771099861942012,-0.1370512326219575,2013-02-05,74.70000457763672,8.0,66.70000457763672,0.2,4.9,13.800000190734863,0.0,149.7998046875,23.579999923706055,5.619999885559082,0.9910000562667848,0.9300000071525574,1.7599999904632568,-2.549999952316284,2013-02-05,40.0,0.0,1.0,360.0,1.0,2013-02-05,32.7,62.5,5.0,2013-02-05,129.0,2013-02-05,14628.5,9512.5,12534.0,10244.0,0.0771099861942012,-0.1370512326219575,2013-02-05
-29.744167,29.905833,02-08-2013,0.0,0.0,0.0,-1.0,-1.0,2013-02-08,42.0,82.2,5.0,253.0,0.0,0.0,0.0,0.0,0.0,2013-02-08,13148.5,9647.5,15025.0,12699.0,10349.0,8874.5,41703.5,8585.0,21824.0,96.0,-0.0666051431309561,-0.2179552132941525,2013-02-08,99.70000457763672,3.5,96.20000457763672,0.1,2.4000000000000004,8.800000190734863,0.0,186.79718017578125,22.229999542236328,3.919999837875366,0.7800000309944153,0.9699999690055848,2.819999933242798,-3.259999990463257,2013-02-08,40.0,0.0,1.0,360.0,1.0,2013-02-08,42.0,82.2,5.0,2013-02-08,155.1,2013-02-08,13148.5,9647.5,15025.0,12699.0,-0.0666051431309561,-0.2179552132941525,2013-02-08
-29.744167,29.905833,02-09-2013,0.0,0.0,0.0,-1.0,-1.0,2013-02-09,53.747,126.3,12.0,253.0,0.0,0.0,0.0,0.0,0.0,2013-02-09,11916.5,9666.5,14673.0,13437.0,10235.5,8959.5,44549.5,8656.5,21824.0,96.0,-0.1036687414204851,-0.2056944472976018,2013-02-09,115.9000015258789,1.399999976158142,114.5,0.0,0.5,7.900000095367432,0.0,225.50067138671875,24.93000030517578,7.559999942779541,1.03000009059906,1.079999923706055,2.5199999809265137,-3.93999981880188,2013-02-09,40.0,0.0,1.0,360.0,1.0,2013-02-09,53.747,126.3,12.0,2013-02-09,155.1,2013-02-09,11916.5,9666.5,14673.0,13437.0,-0.1036687414204851,-0.2056944472976018,2013-02-09
-29.744167,29.905833,03-07-2015,0.0,0.0,0.0,-1.0,-1.0,2015-03-07,40.3,87.0,5.0,253.0,0.0,0.0,0.0,0.0,0.0,2015-03-07,14042.0,10228.5,14797.0,12116.0,10860.5,8888.5,40984.0,8340.5,21824.0,224.0,-0.0261798259301639,-0.1825537951289677,2015-03-07,67.0999984741211,25.600000381469727,41.5,1.2000000000000002,25.0,10.800000190734863,0.0,130.9984130859375,20.1299991607666,4.489999771118164,0.7820000648498535,0.8199999928474426,2.15999984741211,-2.2100000381469727,2015-03-07,40.0,0.0,1.0,360.0,1.0,2015-03-07,40.3,87.0,5.0,2015-03-07,161.0,2015-03-07,14042.0,10228.5,14797.0,12116.0,-0.0261798259301639,-0.1825537951289677,2015-03-07
-29.744167,29.905833,03-10-2013,0.0,0.0,0.0,-1.0,-1.0,2013-03-10,53.0,115.3,5.0,253.0,0.0,0.0,0.0,0.0,0.0,2013-03-10,12544.0,9765.0,14466.0,13014.0,10199.0,9038.5,47405.5,8853.5,21824.0,96.0,-0.0711588300629394,-0.1940076761173695,2013-03-10,128.6999969482422,56.5,72.20000457763672,2.9000000000000004,58.7,7.200000286102295,0.0,226.99851989746097,25.709999084472656,10.019999504089355,1.311000108718872,0.959999978542328,2.5799999237060547,-3.879999876022339,2013-03-10,40.0,0.0,1.0,360.0,1.0,2013-03-10,53.0,115.3,5.0,2013-03-10,155.1,2013-03-10,12544.0,9765.0,14466.0,13014.0,-0.0711588300629394,-0.1940076761173695,2013-03-10
-29.744167,29.905833,03-11-2014,0.0,0.0,0.0,-1.0,-1.0,2014-03-11,27.619,79.6,20.0,253.0,0.0,0.0,0.0,0.0,0.0,2014-03-11,23965.0,21346.5,23104.0,20771.5,21816.5,20555.0,39841.5,20564.5,22280.0,96.0,0.0182922942913594,-0.039538362898055,2014-03-11,127.9000015258789,127.9000015258789,0.0,9.9,198.4,68.5999984741211,0.0,241.90321350097656,24.13999938964844,12.34999942779541,1.4700000286102295,0.7599999904632568,2.669999837875366,-1.96999990940094,2014-03-11,40.0,0.0,1.0,360.0,1.0,2014-03-11,27.619,79.6,20.0,2014-03-11,157.2,2014-03-11,23965.0,21346.5,23104.0,20771.5,0.0182922942913594,-0.039538362898055,2014-03-11
-29.744167,29.905833,05-09-2013,0.0,0.0,0.0,-1.0,-1.0,2013-05-09,47.4,98.9,5.0,253.0,0.0,0.0,0.0,0.0,0.0,2013-05-09,11922.5,9693.0,14745.5,13435.5,10250.5,8936.0,44572.0,8705.0,21824.0,96.0,-0.1058572071396426,-0.2067434580682112,2013-05-09,115.9000015258789,1.399999976158142,114.5,0.0,0.5,7.900000095367432,0.0,225.50067138671875,24.93000030517578,7.559999942779541,1.03000009059906,1.079999923706055,2.5199999809265137,-3.93999981880188,2013-05-09,40.0,0.0,1.0,360.0,1.0,2013-05-09,47.4,98.9,5.0,2013-05-09,155.1,2013-05-09,11922.5,9693.0,14745.5,13435.5,-0.1058572071396426,-0.2067434580682112,2013-05-09
-29.744167,29.905833,05-09-2014,0.0,0.0,0.0,-1.0,-1.0,2014-05-09,49.7,106.0,8.0,253.0,0.0,0.0,0.0,0.0,0.0,2014-05-09,13518.0,10020.5,15796.5,13420.0,10693.0,9142.5,45782.5,8895.5,21824.0,96.0,-0.0777260400143271,-0.2237285509547963,2014-05-09,119.0999984741211,10.90000057220459,108.20000457763672,0.5,10.1,9.0,0.0,226.6997528076172,26.26999855041504,8.6899995803833,1.090000033378601,1.1899999380111694,2.379999876022339,-3.1399998664855957,2014-05-09,40.0,0.0,1.0,360.0,1.0,2014-05-09,49.7,106.0,8.0,2014-05-09,157.2,2014-05-09,13518.0,10020.5,15796.5,13420.0,-0.0777260400143271,-0.2237285509547963,2014-05-09
-29.744167,29.905833,05-10-2015,0.0,0.0,0.0,-1.0,-1.0,2015-05-10,46.368,109.1,20.0,253.0,0.0,0.0,0.0,0.0,0.0,2015-05-10,13431.0,9838.5,15874.5,14285.0,10496.5,8961.5,47486.0,8634.5,21824.0,96.0,-0.0833802528535596,-0.2347450705868617,2015-05-10,145.40000915527344,22.80000114440918,122.5999984741211,1.2000000000000002,23.200000000000003,7.5,0.0,252.50184631347656,27.94999885559082,12.1899995803833,1.451000094413757,1.149999976158142,2.65999984741211,-3.3399999141693115,2015-05-10,40.0,0.0,1.0,360.0,1.0,2015-05-10,46.368,109.1,20.0,2015-05-10,161.0,2015-05-10,13431.0,9838.5,15874.5,14285.0,-0.0833802528535596,-0.2347450705868617,2015-05-10
-29.744167,29.905833,06-11-2015,0.0,0.0,0.0,-1.0,-1.0,2015-06-11,46.7,94.5,5.0,253.0,0.0,0.0,0.0,0.0,0.0,2015-06-11,14186.5,10295.5,16667.5,15005.0,10926.0,9274.5,48829.0,8909.5,21824.0,96.0,-0.0804109677837554,-0.2363238512035002,2015-06-11,150.0,69.5999984741211,80.4000015258789,3.6,72.60000000000001,6.800000190734863,0.0,271.7037658691406,26.31999969482422,11.449999809265137,1.4520000219345093,0.949999988079071,3.0999999046325684,-3.859999895095825,2015-06-11,40.0,0.0,1.0,360.0,1.0,2015-06-11,46.7,94.5,5.0,2015-06-11,161.0,2015-06-11,14186.5,10295.5,16667.5,15005.0,-0.0804109677837554,-0.2363238512035002,2015-06-11
-29.744167,29.905833,07-09-2015,0.0,0.0,0.0,-1.0,-1.0,2015-07-09,50.882,111.4,20.0,253.0,0.0,0.0,0.0,0.0,0.0,2015-07-09,13207.0,9832.0,15584.0,13011.5,10387.0,8941.5,43736.0,8481.0,21824.0,160.0,-0.0825605223854674,-0.2263141328297127,2015-07-09,104.3000030517578,33.0,71.30000305175781,1.7000000000000002,33.7,8.300000190734863,0.0,195.49923706054688,24.969999313354492,9.09999942779541,1.1100000143051147,1.059999942779541,2.240000009536743,-2.319999933242798,2015-07-09,40.0,0.0,1.0,360.0,1.0,2015-07-09,50.882,111.4,20.0,2015-07-09,161.0,2015-07-09,13207.0,9832.0,15584.0,13011.5,-0.0825605223854674,-0.2263141328297127,2015-07-09
-29.744167,29.905833,08-07-2013,0.0,0.0,0.0,-1.0,-1.0,2013-08-07,31.93,98.0,10.0,253.0,0.0,0.0,0.0,0.0,0.0,2013-08-07,14974.5,9602.5,15411.5,12282.5,10840.5,8749.0,40437.0,8368.5,21824.0,96.0,-0.0143816231159085,-0.2322299512273118,2013-08-07,66.5,4.200000286102295,62.29999923706055,0.1,2.7,10.0,0.0,137.600830078125,21.59000015258789,3.859999895095825,0.7520000338554382,0.949999988079071,1.819999933242798,-2.859999895095825,2013-08-07,40.0,0.0,1.0,360.0,1.0,2013-08-07,31.93,98.0,10.0,2013-08-07,129.0,2013-08-07,14974.5,9602.5,15411.5,12282.5,-0.0143816231159085,-0.2322299512273118,2013-08-07
-29.744167,29.905833,09-01-2015,0.0,0.0,0.0,-1.0,-1.0,2015-09-01,23.1,52.7,5.0,253.0,0.0,0.0,0.0,0.0,0.0,2015-09-01,14980.0,9387.0,12052.5,10048.5,8995.5,8193.5,46953.0,7880.5,21824.0,96.0,0.1082955701470448,-0.1243265934373463,2015-09-01,157.1999969482422,88.30000305175781,68.9000015258789,2.3000000000000003,45.8,29.100000381469727,0.0,270.0003662109375,28.69999885559082,15.389999389648438,1.811000108718872,1.0399999618530271,2.2200000286102295,-1.6699999570846558,2015-09-01,40.0,0.0,1.0,360.0,1.0,2015-09-01,23.1,52.7,5.0,2015-09-01,104.3,2015-09-01,14980.0,9387.0,12052.5,10048.5,0.1082955701470448,-0.1243265934373463,2015-09-01
-29.744167,29.905833,09-10-2015,0.0,0.0,0.0,-1.0,-1.0,2015-09-10,48.1,105.0,5.0,253.0,0.0,0.0,0.0,0.0,0.0,2015-09-10,13626.0,10197.0,15651.5,13733.5,10787.0,9462.5,46434.5,9364.0,21824.0,96.0,-0.0691828195713429,-0.2110180474689045,2015-09-10,145.40000915527344,22.80000114440918,122.5999984741211,1.2000000000000002,23.200000000000003,7.5,0.0,252.50184631347656,27.94999885559082,12.1899995803833,1.451000094413757,1.149999976158142,2.65999984741211,-3.3399999141693115,2015-09-10,40.0,0.0,1.0,360.0,1.0,2015-09-10,48.1,105.0,5.0,2015-09-10,161.0,2015-09-10,13626.0,10197.0,15651.5,13733.5,-0.0691828195713429,-0.2110180474689045,2015-09-10
-29.744167,29.905833,10-06-2013,0.0,0.0,0.0,-1.0,-1.0,2013-10-06,50.533,200.7,10.0,253.0,0.0,0.0,0.0,0.0,0.0,2013-10-06,14102.5,9385.5,14706.5,11561.0,10120.5,8644.5,40395.0,8421.5,21824.0,96.0,-0.0209656704502064,-0.2208616968288219,2013-10-06,60.400001525878906,2.200000047683716,58.20000076293945,0.0,0.0,11.600000381469728,0.0,141.30136108398438,20.5,3.2699999809265137,0.8010000586509705,0.7999999523162842,1.809999942779541,-2.7899999618530273,2013-10-06,40.0,0.0,1.0,360.0,1.0,2013-10-06,50.533,200.7,10.0,2013-10-06,129.0,2013-10-06,14102.5,9385.5,14706.5,11561.0,-0.0209656704502064,-0.2208616968288219,2013-10-06
-29.744167,29.905833,12-06-2015,0.0,0.0,0.0,-1.0,-1.0,2015-12-06,42.6,85.2,5.0,253.0,0.0,0.0,0.0,0.0,0.0,2015-12-06,16683.0,11610.0,16823.0,14963.5,12147.5,10147.0,39271.5,9542.0,21824.0,224.0,-0.0041783561153226,-0.1833432982801667,2015-12-06,63.20000076293945,36.60000228881836,26.600000381469727,1.8,35.6,12.600000381469728,0.0,138.49661254882812,20.53999900817871,3.490000009536743,0.7710000276565552,0.8399999737739563,1.8600000143051147,-2.7300000190734863,2015-12-06,40.0,0.0,1.0,360.0,1.0,2015-12-06,42.6,85.2,5.0,2015-12-06,161.0,2015-12-06,16683.0,11610.0,16823.0,14963.5,-0.0041783561153226,-0.1833432982801667,2015-12-06
-29.744167,29.905833,12-11-2014,0.0,0.0,0.0,-1.0,-1.0,2014-12-11,30.1,88.3,5.0,253.0,0.0,0.0,0.0,0.0,0.0,2014-12-11,23965.0,21346.5,23104.0,20771.5,21816.5,20555.0,39841.5,20564.5,22280.0,96.0,0.0182922942913594,-0.039538362898055,2014-12-11,127.9000015258789,127.9000015258789,0.0,9.9,198.4,68.5999984741211,0.0,241.90321350097656,24.13999938964844,12.34999942779541,1.4700000286102295,0.7599999904632568,2.669999837875366,-1.96999990940094,2014-12-11,40.0,0.0,1.0,360.0,1.0,2014-12-11,30.1,88.3,5.0,2014-12-11,157.2,2014-12-11,23965.0,21346.5,23104.0,20771.5,0.0182922942913594,-0.039538362898055,2014-12-11
-29.744167,29.905833,12-12-2014,0.0,0.0,0.0,-1.0,-1.0,2014-12-12,16.8,37.2,5.0,253.0,0.0,0.0,0.0,0.0,0.0,2014-12-12,14951.0,9787.5,12215.5,10039.0,9655.0,8729.5,44618.5,8570.5,21824.0,96.0,0.1006938692875412,-0.1103485888287955,2014-12-12,141.60000610351562,141.60000610351562,0.0,7.7,154.60000000000002,73.80000305175781,0.0,247.4025115966797,26.84000015258789,14.989999771118164,1.7120001316070557,0.9199999570846558,2.5299999713897705,-0.8299999833106995,2014-12-12,40.0,0.0,1.0,360.0,1.0,2014-12-12,16.8,37.2,5.0,2014-12-12,157.2,2014-12-12,14951.0,9787.5,12215.5,10039.0,0.1006938692875412,-0.1103485888287955,2014-12-12
-29.658056,25.973333,07-02-2014,0.0,0.0,0.0,-1.0,-1.0,2014-07-02,281.651,653.74,16.0,253.0,0.0,0.0,0.0,0.0,0.0,2014-07-02,15542.0,10327.0,15324.0,13380.0,10627.5,8971.0,48159.5,8458.0,21824.0,96.0,0.007062787533208,-0.1948072199914226,2014-07-02,138.90000915527344,73.30000305175781,65.5999984741211,3.9,77.2,0.6000000238418579,0.0,246.99851989746097,29.459999084472656,15.960000038146973,1.5750000476837158,1.399999976158142,1.9900000095367432,-2.169999837875366,2014-07-02,110.0,0.0,1.0,341.0,1.0,2014-07-02,281.651,653.74,16.0,2014-07-02,194.1,2014-07-02,15542.0,10327.0,15324.0,13380.0,0.007062787533208,-0.1948072199914226,2014-07-02
-29.658056,25.973333,07-11-2014,0.0,0.0,0.0,-1.0,-1.0,2014-07-11,280.316,690.0,20.0,253.0,0.0,0.0,0.0,0.0,0.0,2014-07-11,13829.5,9850.5,14580.0,12351.0,10103.5,8684.0,46971.0,8149.0,21824.0,160.0,-0.0264172195920377,-0.1935899797384409,2014-07-11,177.6999969482422,108.70000457763672,69.0,5.7,114.4,0.5,0.0,277.1003723144531,26.59000015258789,11.25999927520752,1.0230000019073486,1.3899999856948853,3.859999895095825,-1.4900000095367432,2014-07-11,110.0,0.0,1.0,341.0,1.0,2014-07-11,280.316,690.0,20.0,2014-07-11,204.0,2014-07-11,13829.5,9850.5,14580.0,12351.0,-0.0264172195920377,-0.1935899797384409,2014-07-11
-29.658056,25.973333,12-06-2015,0.0,0.0,0.0,-1.0,-1.0,2015-12-06,334.839,932.0,24.0,253.0,0.0,0.0,0.0,0.0,0.0,2015-12-06,12587.5,9721.0,13123.5,11636.5,10393.0,8752.5,40190.5,8235.5,21824.0,96.0,-0.0208471082416085,-0.1489417584101199,2015-12-06,61.20000076293945,31.700000762939453,29.5,1.7000000000000002,33.4,0.4000000059604645,0.0,135.3995361328125,16.049999237060547,-0.5799999833106995,0.6570000052452087,0.550000011920929,2.669999837875366,-2.119999885559082,2015-12-06,110.0,0.0,1.0,341.0,1.0,2015-12-06,334.839,932.0,24.0,2015-12-06,217.1,2015-12-06,12587.5,9721.0,13123.5,11636.5,-0.0208471082416085,-0.1489417584101199,2015-12-06
-29.651389,22.746389,01-08-2013,0.0,0.0,0.0,-1.0,-1.0,2013-01-08,106.417,271.3,11.0,253.0,0.0,0.0,0.0,0.0,0.0,2013-01-08,13265.0,9965.0,15051.5,13314.0,10852.5,8930.0,40406.5,8578.5,21824.0,96.0,-0.0630904243109139,-0.2033258049687198,2013-01-08,112.70000457763672,0.699999988079071,112.0,0.0,0.7000000000000001,0.0,0.0,200.3017578125,21.18000030517578,2.7799999713897705,0.5540000200271606,1.079999923706055,3.2799999713897705,-1.8399999141693115,2013-01-08,120.0,0.0,1.0,292.0,1.0,2013-01-08,106.417,271.3,11.0,2013-01-08,228.90001,2013-01-08,13265.0,9965.0,15051.5,13314.0,-0.0630904243109139,-0.2033258049687198,2013-01-08
-29.651389,22.746389,07-03-2014,0.0,0.0,0.0,-1.0,-1.0,2014-07-03,107.917,238.1,62.0,253.0,0.0,0.0,0.0,0.0,0.0,2014-07-03,14204.5,10415.5,16715.0,14383.5,11432.0,9234.5,48564.0,8831.0,21824.0,96.0,-0.0811947153091088,-0.2321925508191878,2014-07-03,182.8000030517578,28.100000381469727,154.6999969482422,1.5,29.5,0.0,0.0,254.69918823242188,31.28999900817871,15.84999942779541,1.2610000371932983,1.9399999380111697,3.1499998569488525,0.7999999523162842,2014-07-03,120.0,0.0,1.0,292.0,1.0,2014-07-03,107.917,238.1,62.0,2014-07-03,248.2,2014-07-03,14204.5,10415.5,16715.0,14383.5,-0.0811947153091088,-0.2321925508191878,2014-07-03
-29.651389,22.746389,09-11-2015,0.0,0.0,0.0,-1.0,-1.0,2015-09-11,93.3375,232.8,20.0,253.0,0.0,0.0,0.0,0.0,0.0,2015-09-11,13953.5,10904.5,18084.5,16437.5,12336.5,9655.5,51023.0,9313.0,21824.0,96.0,-0.1289406329983141,-0.2476801545413769,2015-09-11,239.6000061035156,2.0,237.6000061035156,0.1,2.1,0.0,0.0,340.89910888671875,31.959999084472656,14.049999237060549,0.9450000524520874,2.240000009536743,4.170000076293945,-1.149999976158142,2015-09-11,120.0,0.0,1.0,292.0,1.0,2015-09-11,93.3375,232.8,20.0,2015-09-11,248.3,2015-09-11,13953.5,10904.5,18084.5,16437.5,-0.1289406329983141,-0.2476801545413769,2015-09-11
-29.651389,22.746389,11-09-2015,0.0,0.0,0.0,-1.0,-1.0,2015-11-09,118.97,468.0,20.0,253.0,0.0,0.0,0.0,0.0,0.0,2015-11-09,12752.0,10156.5,15757.5,14197.0,11110.0,9131.0,43910.0,8801.0,21824.0,96.0,-0.1054210000175376,-0.2161379949062274,2015-11-09,137.3000030517578,3.200000047683716,134.10000610351562,0.2,3.4000000000000004,0.0,0.0,235.59829711914065,27.06999969482422,9.619999885559082,0.7620000243186951,1.6399999856948853,2.75,1.6200000047683716,2015-11-09,120.0,0.0,1.0,292.0,1.0,2015-11-09,118.97,468.0,20.0,2015-11-09,248.3,2015-11-09,12752.0,10156.5,15757.5,14197.0,-0.1054210000175376,-0.2161379949062274,2015-11-09
-29.651389,22.746389,12-03-2014,0.0,0.0,0.0,-1.0,-1.0,2014-12-03,99.043,247.8,10.0,253.0,0.0,0.0,0.0,0.0,0.0,2014-12-03,14209.5,10411.0,16725.0,14394.5,11450.5,9218.0,48565.0,8843.5,21824.0,96.0,-0.0813169761916304,-0.2326798349056595,2014-12-03,182.8000030517578,28.100000381469727,154.6999969482422,1.5,29.5,0.0,0.0,254.69918823242188,31.28999900817871,15.84999942779541,1.2610000371932983,1.9399999380111697,3.1499998569488525,0.7999999523162842,2014-12-03,120.0,0.0,1.0,292.0,1.0,2014-12-03,99.043,247.8,10.0,2014-12-03,248.2,2014-12-03,14209.5,10411.0,16725.0,14394.5,-0.0813169761916304,-0.2326798349056595,2014-12-03
-29.615556,27.065278,02-10-2013,0.0,0.0,0.0,-1.0,-1.0,2013-02-10,219.038,734.04,10.0,253.0,0.0,0.0,0.0,0.0,0.0,2013-02-10,17334.0,12896.0,17420.5,15768.0,14105.0,10400.5,41822.0,9218.5,54790.0,224.0,-0.0024888863312664,-0.1492421618590531,2013-02-10,167.6999969482422,39.400001525878906,128.3000030517578,2.1,41.400000000000006,0.800000011920929,0.0,280.49615478515625,26.779998779296875,8.569999694824219,0.9200000166893004,1.409999966621399,3.259999990463257,-4.0,2013-02-10,11.0,0.0,1.0,350.0,1.0,2013-02-10,219.038,734.04,10.0,2013-02-10,179.6,2013-02-10,17334.0,12896.0,17420.5,15768.0,-0.0024888863312664,-0.1492421618590531,2013-02-10
-29.615556,27.065278,02-12-2014,0.0,0.0,0.0,-1.0,-1.0,2014-02-12,45.489,131.3,20.0,253.0,0.0,0.0,0.0,0.0,0.0,2014-02-12,16171.0,9585.5,10014.0,8754.0,9694.5,8458.0,45239.5,8130.0,21824.0,96.0,0.235134619056711,-0.0218628026225157,2014-02-12,180.8000030517578,67.70000457763672,113.0999984741211,3.6,71.2,0.5,0.0,285.6997375488281,29.189998626708984,13.889999389648438,1.3130000829696655,1.5199999809265137,2.8999998569488525,-1.2999999523162842,2014-02-12,11.0,0.0,1.0,350.0,1.0,2014-02-12,45.489,131.3,20.0,2014-02-12,188.8,2014-02-12,16171.0,9585.5,10014.0,8754.0,0.235134619056711,-0.0218628026225157,2014-02-12
-29.615556,27.065278,03-10-2013,0.0,0.0,0.0,-1.0,-1.0,2013-03-10,225.609,777.0,19.0,253.0,0.0,0.0,0.0,0.0,0.0,2013-03-10,17334.0,12896.0,17420.5,15768.0,14105.0,10400.5,41822.0,9218.5,54790.0,224.0,-0.0024888863312664,-0.1492421618590531,2013-03-10,167.6999969482422,39.400001525878906,128.3000030517578,2.1,41.400000000000006,0.800000011920929,0.0,280.49615478515625,26.779998779296875,8.569999694824219,0.9200000166893004,1.409999966621399,3.259999990463257,-4.0,2013-03-10,11.0,0.0,1.0,350.0,1.0,2013-03-10,225.609,777.0,19.0,2013-03-10,179.6,2013-03-10,17334.0,12896.0,17420.5,15768.0,-0.0024888863312664,-0.1492421618590531,2013-03-10
-29.615556,27.065278,04-09-2013,0.0,0.0,0.0,-1.0,-1.0,2013-04-09,158.834,463.52,10.0,253.0,0.0,0.0,0.0,0.0,0.0,2013-04-09,14479.5,10456.0,14295.0,12639.5,11522.5,9205.0,43185.5,8641.5,21824.0,96.0,0.0064119272272324,-0.1551048442487166,2013-04-09,133.10000610351562,0.1000000014901161,133.0,0.0,0.1,0.800000011920929,0.0,250.0988616943359,23.43000030517578,4.549999713897705,0.6340000033378601,1.2400000095367432,3.129999876022339,-4.029999732971191,2013-04-09,11.0,0.0,1.0,350.0,1.0,2013-04-09,158.834,463.52,10.0,2013-04-09,179.6,2013-04-09,14479.5,10456.0,14295.0,12639.5,0.0064119272272324,-0.1551048442487166,2013-04-09
-29.615556,27.065278,04-11-2015,0.0,0.0,0.0,-1.0,-1.0,2015-04-11,120.045,350.0,20.0,253.0,0.0,0.0,0.0,0.0,0.0,2015-04-11,15765.5,11068.0,13630.0,12802.5,12156.5,9549.0,46295.5,9035.0,21824.0,96.0,0.0726471738871593,-0.1037330957972301,2015-04-11,195.5,24.899999618530273,170.60000610351562,1.3,26.200000000000003,0.4000000059604645,0.0,323.4983825683594,28.079999923706055,10.219999313354492,1.0500000715255735,1.4800000190734863,3.740000009536743,-3.0899999141693115,2015-04-11,11.0,0.0,1.0,350.0,1.0,2015-04-11,120.045,350.0,20.0,2015-04-11,208.7,2015-04-11,15765.5,11068.0,13630.0,12802.5,0.0726471738871593,-0.1037330957972301,2015-04-11
-29.615556,27.065278,07-01-2015,0.0,0.0,0.0,-1.0,-1.0,2015-07-01,46.449,112.9,20.0,253.0,0.0,0.0,0.0,0.0,0.0,2015-07-01,16791.5,9415.5,10126.0,8725.0,9823.5,8256.0,46354.5,7914.5,21824.0,96.0,0.2476270084517498,-0.0363585190492027,2015-07-01,188.8000030517578,35.10000228881836,153.6999969482422,1.8,36.9,0.5,0.0,289.0963134765625,31.3799991607666,14.729999542236328,1.4290000200271606,1.71999990940094,2.549999952316284,-1.909999966621399,2015-07-01,11.0,0.0,1.0,350.0,1.0,2015-07-01,46.449,112.9,20.0,2015-07-01,66.700005,2015-07-01,16791.5,9415.5,10126.0,8725.0,0.2476270084517498,-0.0363585190492027,2015-07-01
-29.615556,27.065278,08-01-2014,0.0,0.0,0.0,-1.0,-1.0,2014-08-01,45.749,131.9,29.0,253.0,0.0,0.0,0.0,0.0,0.0,2014-08-01,16836.0,9670.5,9975.5,8766.0,10136.0,8280.0,45490.0,7931.5,21824.0,96.0,0.2558790071424566,-0.0155247887610708,2014-08-01,179.60000610351562,34.29999923706055,145.3000030517578,1.8,36.1,0.699999988079071,0.0,276.8035583496094,31.439998626708984,15.949999809265137,1.543000102043152,1.6799999475479126,2.4800000190734863,-2.7799999713897705,2014-08-01,11.0,0.0,1.0,350.0,1.0,2014-08-01,45.749,131.9,29.0,2014-08-01,94.700005,2014-08-01,16836.0,9670.5,9975.5,8766.0,0.2558790071424566,-0.0155247887610708,2014-08-01
-29.615556,27.065278,08-05-2013,0.0,0.0,0.0,-1.0,-1.0,2013-08-05,90.555,177.2,23.0,253.0,0.0,0.0,0.0,0.0,0.0,2013-08-05,13204.5,9728.5,10340.5,9169.0,10084.0,8632.5,41296.5,8254.0,21824.0,96.0,0.1216394138882984,-0.0304947929642731,2013-08-05,75.0,1.899999976158142,73.0999984741211,0.1,2.0,0.9000000357627869,0.0,157.09674072265625,21.079999923706055,2.8899998664855957,0.7780000567436218,0.8499999642372131,1.8899999856948853,-3.419999837875366,2013-08-05,11.0,0.0,1.0,350.0,1.0,2013-08-05,90.555,177.2,23.0,2013-08-05,166.5,2013-08-05,13204.5,9728.5,10340.5,9169.0,0.1216394138882984,-0.0304947929642731,2013-08-05
-29.615556,27.065278,08-12-2015,0.0,0.0,0.0,-1.0,-1.0,2015-08-12,138.8,533.0,20.0,253.0,0.0,0.0,0.0,0.0,0.0,2015-08-12,15604.0,10706.0,15682.0,14119.0,11688.0,9401.0,49167.0,8912.0,21824.0,96.0,-0.00249312791664,-0.1885705623768372,2015-08-12,208.6999969482422,11.100000381469728,197.6000061035156,0.6000000000000001,11.7,0.4000000059604645,0.0,316.0979919433594,32.21999740600586,15.049999237060549,1.4580000638961792,1.819999933242798,3.319999933242798,-3.90999984741211,2015-08-12,11.0,0.0,1.0,350.0,1.0,2015-08-12,138.8,533.0,20.0,2015-08-12,208.7,2015-08-12,15604.0,10706.0,15682.0,14119.0,-0.00249312791664,-0.1885705623768372,2015-08-12
-29.615556,27.065278,09-09-2014,0.0,0.0,0.0,-1.0,-1.0,2014-09-09,105.148,280.7,84.0,253.0,0.0,0.0,0.0,0.0,0.0,2014-09-09,15090.0,10828.0,15287.5,13561.0,11759.0,9390.0,45248.5,8760.5,21824.0,160.0,-0.0065015225084354,-0.1707606593785293,2014-09-09,131.6999969482422,4.300000190734863,127.4000015258789,0.2,4.5,0.6000000238418579,0.0,242.2000274658203,25.68000030517578,5.819999694824219,0.7040000557899475,1.4199999570846558,2.65999984741211,-3.2899999618530273,2014-09-09,11.0,0.0,1.0,350.0,1.0,2014-09-09,105.148,280.7,84.0,2014-09-09,188.8,2014-09-09,15090.0,10828.0,15287.5,13561.0,-0.0065015225084354,-0.1707606593785293,2014-09-09
-29.615556,27.065278,10-03-2015,0.0,0.0,0.0,-1.0,-1.0,2015-10-03,85.718,258.2,42.0,253.0,0.0,0.0,0.0,0.0,0.0,2015-10-03,14313.0,10579.0,12984.5,11398.0,10866.0,8780.0,41299.5,7758.0,23826.0,224.0,0.0486674603901454,-0.1020858531202915,2015-10-03,132.6999969482422,92.5,40.20000076293945,4.9,97.3,0.5,0.0,221.59622192382812,27.84000015258789,12.649999618530272,1.39900004863739,1.209999918937683,2.240000009536743,-2.3399999141693115,2015-10-03,11.0,0.0,1.0,350.0,1.0,2015-10-03,85.718,258.2,42.0,2015-10-03,208.7,2015-10-03,14313.0,10579.0,12984.5,11398.0,0.0486674603901454,-0.1020858531202915,2015-10-03
-29.615556,27.065278,10-06-2014,0.0,0.0,0.0,-1.0,-1.0,2014-10-06,191.83,411.0,20.0,253.0,0.0,0.0,0.0,0.0,0.0,2014-10-06,14876.5,10263.0,14911.0,12965.0,11218.0,8976.5,40929.5,8328.0,21824.0,96.0,-0.0011582039446076,-0.1846349408119481,2014-10-06,66.0999984741211,0.3000000119209289,65.80000305175781,0.0,0.3,0.6000000238418579,0.0,145.19964599609375,17.190000534057617,-1.6799999475479126,0.5410000085830688,0.7099999785423279,2.3999998569488525,-2.990000009536743,2014-10-06,11.0,0.0,1.0,350.0,1.0,2014-10-06,191.83,411.0,20.0,2014-10-06,180.8,2014-10-06,14876.5,10263.0,14911.0,12965.0,-0.0011582039446076,-0.1846349408119481,2014-10-06
-29.615556,27.065278,10-07-2013,0.0,0.0,0.0,-1.0,-1.0,2013-10-07,158.819,417.0,24.0,253.0,0.0,0.0,0.0,0.0,0.0,2013-10-07,13739.5,9993.5,13027.0,11170.5,10937.5,8787.0,41717.5,8251.5,21824.0,145.0,0.0266190947639772,-0.1317738537390581,2013-10-07,70.0999984741211,3.1000001430511475,67.0,0.2,3.2,0.800000011920929,0.0,152.00250244140625,18.010000228881836,0.0700000002980232,0.5940000414848328,0.75,2.5399999618530273,-3.639999866485596,2013-10-07,11.0,0.0,1.0,350.0,1.0,2013-10-07,158.819,417.0,24.0,2013-10-07,179.6,2013-10-07,13739.5,9993.5,13027.0,11170.5,0.0266190947639772,-0.1317738537390581,2013-10-07
-29.615556,27.065278,12-02-2014,0.0,0.0,0.0,-1.0,-1.0,2014-12-02,54.837,139.09,10.0,253.0,0.0,0.0,0.0,0.0,0.0,2014-12-02,17277.0,9788.0,10159.0,8715.0,9989.5,8324.0,45079.5,7960.0,21824.0,160.0,0.2594401516256004,-0.0185992881135006,2014-12-02,128.6999969482422,107.20000457763672,21.5,5.6000000000000005,112.8,0.699999988079071,0.0,233.99642944335935,28.61999893188477,15.699999809265137,1.5860000848770142,1.2799999713897705,1.75,-2.0899999141693115,2014-12-02,11.0,0.0,1.0,350.0,1.0,2014-12-02,54.837,139.09,10.0,2014-12-02,180.8,2014-12-02,17277.0,9788.0,10159.0,8715.0,0.2594401516256004,-0.0185992881135006,2014-12-02
-29.615556,27.065278,12-05-2015,0.0,0.0,0.0,-1.0,-1.0,2015-12-05,119.527,306.4,23.0,253.0,0.0,0.0,0.0,0.0,0.0,2015-12-05,13568.5,9631.0,11255.5,9713.5,10040.0,8273.5,41895.5,7721.0,21824.0,160.0,0.0931759587495967,-0.0777775117899117,2015-12-05,82.5999984741211,6.200000286102295,76.4000015258789,0.3,6.5,0.5,0.0,164.79736328125,23.13999938964844,3.799999952316284,0.8600000143051147,0.959999978542328,2.180000066757202,-3.40999984741211,2015-12-05,11.0,0.0,1.0,350.0,1.0,2015-12-05,119.527,306.4,23.0,2015-12-05,208.7,2015-12-05,13568.5,9631.0,11255.5,9713.5,0.0931759587495967,-0.0777775117899117,2015-12-05
-29.380556,30.2775,01-12-2014,0.0,0.0,0.0,-1.0,-1.0,2014-01-12,27.885,78.6,20.0,253.0,0.0,0.0,0.0,0.0,0.0,2014-01-12,17204.5,9165.0,13584.5,10715.5,8672.5,8209.0,45545.0,8044.0,21824.0,96.0,0.1175744584104709,-0.1942680058902385,2014-01-12,135.40000915527344,131.0,4.400000095367432,6.5,130.0,69.9000015258789,0.0,252.10206604003903,25.719999313354492,14.269999504089355,1.7400001287460327,0.7400000095367432,2.5,3.0199999809265137,2014-01-12,40.0,0.0,1.0,293.0,1.0,2014-01-12,27.885,78.6,20.0,2014-01-12,149.7,2014-01-12,17204.5,9165.0,13584.5,10715.5,0.1175744584104709,-0.1942680058902385,2014-01-12
-29.380556,30.2775,02-07-2013,0.0,0.0,0.0,-1.0,-1.0,2013-02-07,42.97,92.79,10.0,253.0,0.0,0.0,0.0,0.0,0.0,2013-02-07,13397.0,9445.0,14253.5,12089.0,10064.5,8510.0,42048.5,8102.0,21824.0,96.0,-0.0309759317191369,-0.202903137329366,2013-02-07,64.20000457763672,5.700000286102295,58.5,0.2,4.6000000000000005,9.199999809265137,0.0,140.7967529296875,20.979999542236328,3.9800000190734863,0.7720000147819519,0.8799999952316284,1.7300000190734863,-2.700000047683716,2013-02-07,40.0,0.0,1.0,293.0,1.0,2013-02-07,42.97,92.79,10.0,2013-02-07,122.4,2013-02-07,13397.0,9445.0,14253.5,12089.0,-0.0309759317191369,-0.202903137329366,2013-02-07
-29.380556,30.2775,04-11-2014,0.0,0.0,0.0,-1.0,-1.0,2014-04-11,22.305,83.2,20.0,253.0,0.0,0.0,0.0,0.0,0.0,2014-04-11,17204.5,9165.0,13584.5,10715.5,8672.5,8209.0,45545.0,8044.0,21824.0,96.0,0.1175744584104709,-0.1942680058902385,2014-04-11,122.20000457763672,122.20000457763672,0.0,68.7,259.90000000000003,77.4000015258789,0.0,242.2000274658203,23.469999313354492,11.670000076293944,1.496000051498413,0.6399999856948853,2.759999990463257,-1.5499999523162842,2014-04-11,40.0,0.0,1.0,293.0,1.0,2014-04-11,22.305,83.2,20.0,2014-04-11,149.7,2014-04-11,17204.5,9165.0,13584.5,10715.5,0.1175744584104709,-0.1942680058902385,2014-04-11
-29.380556,30.2775,05-03-2015,0.0,0.0,0.0,-1.0,-1.0,2015-05-03,10.0,66.7,20.0,253.0,0.0,0.0,0.0,0.0,0.0,2015-05-03,17193.5,9122.0,13703.0,10351.5,8721.5,8104.5,45403.0,7933.0,21824.0,96.0,0.112973961451944,-0.2007009857612258,2015-05-03,114.0999984741211,113.5,0.6000000238418579,6.0,119.3,19.5,0.0,211.59591674804688,26.849998474121097,13.869999885559082,1.75600004196167,0.8100000023841858,1.9299999475479128,-1.96999990940094,2015-05-03,40.0,0.0,1.0,293.0,1.0,2015-05-03,10.0,66.7,20.0,2015-05-03,152.7,2015-05-03,17193.5,9122.0,13703.0,10351.5,0.112973961451944,-0.2007009857612258,2015-05-03
-29.380556,30.2775,07-05-2013,0.0,0.0,0.0,-1.0,-1.0,2013-07-05,21.973,90.7,17.0,253.0,0.0,0.0,0.0,0.0,0.0,2013-07-05,15659.0,9090.5,12783.0,10058.5,9044.5,8079.5,42246.0,7818.5,21824.0,96.0,0.1011180648336963,-0.168811575650901,2013-07-05,71.4000015258789,4.5,66.9000015258789,0.1,1.9,12.40000057220459,0.0,149.19906616210938,22.989999771118164,5.869999885559082,1.0360000133514404,0.8399999737739563,1.649999976158142,-2.379999876022339,2013-07-05,40.0,0.0,1.0,293.0,1.0,2013-07-05,21.973,90.7,17.0,2013-07-05,122.4,2013-07-05,15659.0,9090.5,12783.0,10058.5,0.1011180648336963,-0.168811575650901,2013-07-05
-29.380556,30.2775,09-11-2015,0.0,0.0,0.0,-1.0,-1.0,2015-09-11,41.1,115.0,20.0,253.0,0.0,0.0,0.0,0.0,0.0,2015-09-11,14751.0,9297.0,14098.0,11787.0,9124.5,8355.5,47827.5,8072.0,21824.0,96.0,0.0226351000034662,-0.2052147894849318,2015-09-11,143.10000610351562,47.60000228881836,95.5,2.5,49.5,6.200000286102295,0.0,271.80157470703125,25.56999969482422,10.699999809265137,1.4860000610351562,0.7999999523162842,3.179999828338623,-4.190000057220459,2015-09-11,40.0,0.0,1.0,293.0,1.0,2015-09-11,41.1,115.0,20.0,2015-09-11,152.7,2015-09-11,14751.0,9297.0,14098.0,11787.0,0.0226351000034662,-0.2052147894849318,2015-09-11
-29.380556,30.2775,11-08-2014,0.0,0.0,0.0,-1.0,-1.0,2014-11-08,36.329,102.1,20.0,253.0,0.0,0.0,0.0,0.0,0.0,2014-11-08,11243.5,9273.0,13338.5,12616.5,9567.5,8820.0,45835.5,8563.5,21824.0,96.0,-0.0852249613538358,-0.1797978904539717,2014-11-08,91.8000030517578,9.300000190734863,82.5,0.4,7.7,10.90000057220459,0.0,176.703125,22.06999969482422,6.46999979019165,0.9170000553131104,0.8999999761581421,2.700000047683716,-2.8399999141693115,2014-11-08,40.0,0.0,1.0,293.0,1.0,2014-11-08,36.329,102.1,20.0,2014-11-08,149.7,2014-11-08,11243.5,9273.0,13338.5,12616.5,-0.0852249613538358,-0.1797978904539717,2014-11-08
-29.380556,30.2775,12-03-2013,0.0,0.0,0.0,-1.0,-1.0,2013-12-03,20.561,82.0,18.0,253.0,0.0,0.0,0.0,0.0,0.0,2013-12-03,16425.5,8992.0,13100.5,10189.5,8712.5,7959.0,43278.5,7683.0,21824.0,96.0,0.1126126126126122,-0.1859680887178898,2013-12-03,114.5,77.9000015258789,36.60000228881836,3.7,73.2,19.399999618530273,0.0,208.10333251953125,27.34000015258789,13.369999885559082,1.793000102043152,0.7999999523162842,1.96999990940094,-1.5099999904632568,2013-12-03,40.0,0.0,1.0,293.0,1.0,2013-12-03,20.561,82.0,18.0,2013-12-03,122.4,2013-12-03,16425.5,8992.0,13100.5,10189.5,0.1126126126126122,-0.1859680887178898,2013-12-03
-29.1825,23.575556,01-08-2013,0.0,0.0,0.0,-1.0,-1.0,2013-01-08,115.07,354.0,11.0,253.0,0.0,0.0,0.0,0.0,0.0,2013-01-08,10258.5,9741.5,9871.0,8878.5,8970.5,8530.0,40349.0,8031.0,21888.0,98.0,0.019250353958121,-0.0066029318036965,2013-01-08,115.70000457763672,0.1000000014901161,115.5999984741211,0.0,0.1,0.1000000014901161,0.0,202.40032958984375,22.029998779296875,2.619999885559082,0.5800000429153442,1.1200000047683716,3.3299999237060547,-2.319999933242798,2013-01-08,200.0,0.0,1.0,205.0,1.0,2013-01-08,115.07,354.0,11.0,2013-01-08,224.90001,2013-01-08,10258.5,9741.5,9871.0,8878.5,0.019250353958121,-0.0066029318036965,2013-01-08
-29.1825,23.575556,10-02-2015,0.0,0.0,0.0,-1.0,-1.0,2015-10-02,151.386,669.0,20.0,253.0,0.0,0.0,0.0,0.0,0.0,2015-10-02,10600.5,9813.0,9709.0,8784.5,9102.5,8675.0,47142.0,8206.0,21824.0,96.0,0.0438957138285036,0.0053273230201823,2015-10-02,207.1000061035156,41.20000076293945,165.90000915527344,2.2,43.400000000000006,0.1000000014901161,0.0,321.5015869140625,34.439998626708984,16.10999870300293,1.412000060081482,2.25,3.43999981880188,-1.2999999523162842,2015-10-02,200.0,0.0,1.0,205.0,1.0,2015-10-02,151.386,669.0,20.0,2015-10-02,236.40001,2015-10-02,10600.5,9813.0,9709.0,8784.5,0.0438957138285036,0.0053273230201823,2015-10-02
-29.1825,23.575556,12-05-2015,0.0,0.0,0.0,-1.0,-1.0,2015-12-05,93.491,237.4,20.0,253.0,0.0,0.0,0.0,0.0,0.0,2015-12-05,9998.0,9050.5,9497.0,9036.0,8927.5,8089.0,40836.5,7644.5,23888.0,224.0,0.025698897153116,-0.0240733252459898,2015-12-05,94.4000015258789,1.8000000715255735,92.5999984741211,0.1,1.9,0.1000000014901161,0.0,174.7976837158203,26.61999893188477,7.149999618530273,0.912000060081482,1.350000023841858,2.0899999141693115,-1.5399999618530271,2015-12-05,200.0,0.0,1.0,205.0,1.0,2015-12-05,93.491,237.4,20.0,2015-12-05,236.40001,2015-12-05,9998.0,9050.5,9497.0,9036.0,0.025698897153116,-0.0240733252459898,2015-12-05
-29.161667,23.696389,01-07-2015,0.0,0.0,0.0,-1.0,-1.0,2015-01-07,91.433,224.9,20.0,101.0,1.0,98.0,100.0,12.0,1.0,2015-01-07,7743.5,10253.5,7605.0,7531.5,9259.0,8846.0,40237.0,8112.0,21952.0,160.0,0.0090236830960679,0.1483047288406073,2015-01-07,74.9000015258789,5.700000286102295,69.20000457763672,0.3,6.0,0.1000000014901161,0.0,150.39593505859375,19.729999542236328,2.4700000286102295,0.6720000505447388,0.8499999642372131,2.4800000190734863,0.0799999982118606,2015-01-07,210.0,0.0,1.0,82.0,1.0,2015-01-07,91.433,224.9,20.0,2015-01-07,232.1,2015-01-07,7743.5,10253.5,7605.0,7531.5,0.0090236830960679,0.1483047288406073,2015-01-07
-29.161667,23.696389,02-07-2014,0.0,0.0,0.0,-1.0,-1.0,2014-02-07,111.189,295.2,20.0,101.0,1.0,98.0,100.0,12.0,1.0,2014-02-07,7458.5,10041.5,7568.0,7561.0,9081.0,8393.0,40572.5,7630.5,21952.0,228.0,-0.0072871260772634,0.1404639541156754,2014-02-07,79.80000305175781,0.0,79.80000305175781,0.0,0.0,0.1000000014901161,0.0,165.49839782714844,19.939998626708984,0.4899999797344208,0.5870000123977661,0.8999999761581421,2.549999952316284,-1.809999942779541,2014-02-07,210.0,0.0,1.0,82.0,1.0,2014-02-07,111.189,295.2,20.0,2014-02-07,221.2,2014-02-07,7458.5,10041.5,7568.0,7561.0,-0.0072871260772634,0.1404639541156754,2014-02-07
-29.161667,23.696389,03-07-2013,0.0,0.0,0.0,-1.0,-1.0,2013-03-07,111.381,278.29,18.0,101.0,1.0,98.0,100.0,12.0,1.0,2013-03-07,8634.5,9978.0,8390.5,8035.5,9228.0,8585.5,39872.5,7757.5,21952.0,224.0,0.014331864904552,0.0864251299779509,2013-03-07,75.5,7.300000190734863,68.20000457763672,0.4,7.7,0.1000000014901161,0.0,161.79852294921875,21.19999885559082,1.6200000047683716,0.6440000534057617,0.959999978542328,2.200000047683716,-2.2899999618530273,2013-03-07,210.0,0.0,1.0,82.0,1.0,2013-03-07,111.381,278.29,18.0,2013-03-07,210.1,2013-03-07,8634.5,9978.0,8390.5,8035.5,0.014331864904552,0.0864251299779509,2013-03-07
-29.161667,23.696389,03-09-2014,0.0,0.0,0.0,-1.0,-1.0,2014-03-09,89.129,232.5,20.0,101.0,1.0,98.0,100.0,12.0,1.0,2014-03-09,7830.5,10909.5,7663.5,7615.0,10096.5,9124.0,41082.5,8365.5,21952.0,208.0,0.0107783658190266,0.1747698271684694,2014-03-09,142.6999969482422,4.200000286102295,138.5,0.2,4.4,0.1000000014901161,0.0,244.69821166992188,27.93000030517578,7.5,0.7420000433921814,1.6699999570846558,2.700000047683716,-1.7300000190734863,2014-03-09,210.0,0.0,1.0,82.0,1.0,2014-03-09,89.129,232.5,20.0,2014-03-09,236.0,2014-03-09,7830.5,10909.5,7663.5,7615.0,0.0107783658190266,0.1747698271684694,2014-03-09
-29.161667,23.696389,04-09-2013,0.0,0.0,0.0,-1.0,-1.0,2013-04-09,112.39,279.8,12.0,101.0,1.0,98.0,100.0,12.0,1.0,2013-04-09,7252.0,10214.5,7430.5,7502.0,9131.0,8604.0,41921.0,7792.5,21952.0,164.0,-0.0121573301549462,0.1577784074808718,2013-04-09,135.3000030517578,0.0,135.3000030517578,0.0,0.0,0.1000000014901161,0.0,252.1974334716797,24.93000030517578,5.650000095367432,0.6470000147819519,1.3899999856948853,2.740000009536743,-2.5199999809265137,2013-04-09,210.0,0.0,1.0,82.0,1.0,2013-04-09,112.39,279.8,12.0,2013-04-09,225.5,2013-04-09,7252.0,10214.5,7430.5,7502.0,-0.0121573301549462,0.1577784074808718,2013-04-09
-29.161667,23.696389,04-12-2013,0.0,0.0,0.0,-1.0,-1.0,2013-04-12,102.912,241.2,10.0,101.0,1.0,98.0,100.0,12.0,1.0,2013-04-12,8727.0,10915.0,8664.5,8526.0,10122.0,9466.5,44448.0,8713.5,21952.0,160.0,0.0035937095707673,0.1149416481524037,2013-04-12,210.1000061035156,61.900001525878906,148.1999969482422,3.3000000000000003,65.10000000000001,0.1000000014901161,0.0,316.2039794921875,33.30999755859375,16.920000076293945,1.2390000820159912,2.299999952316284,2.419999837875366,-1.4900000095367432,2013-04-12,210.0,0.0,1.0,82.0,1.0,2013-04-12,102.912,241.2,10.0,2013-04-12,225.5,2013-04-12,8727.0,10915.0,8664.5,8526.0,0.0035937095707673,0.1149416481524037,2013-04-12
-29.161667,23.696389,05-06-2013,0.0,0.0,0.0,-1.0,-1.0,2013-05-06,128.879,253.89,14.0,101.0,1.0,98.0,100.0,12.0,1.0,2013-05-06,7407.5,10198.0,7509.5,7509.0,8980.5,8769.0,39798.0,7897.5,21952.0,160.0,-0.0068378360260105,0.1518283213327677,2013-05-06,73.20000457763672,0.2000000029802322,73.0,0.0,0.2,0.1000000014901161,0.0,155.39866638183594,19.260000228881836,1.350000023841858,0.6860000491142273,0.7699999809265137,2.65999984741211,-2.7200000286102295,2013-05-06,210.0,0.0,1.0,82.0,1.0,2013-05-06,128.879,253.89,14.0,2013-05-06,210.1,2013-05-06,7407.5,10198.0,7509.5,7509.0,-0.0068378360260105,0.1518283213327677,2013-05-06
-29.161667,23.696389,09-07-2014,0.0,0.0,0.0,-1.0,-1.0,2014-09-07,128.607,280.6,20.0,101.0,1.0,98.0,100.0,12.0,1.0,2014-09-07,8912.5,11174.5,9229.5,9043.5,10069.5,9218.0,36305.0,8052.0,22280.0,224.0,-0.0174732664535331,0.0953244461870217,2014-09-07,79.80000305175781,0.0,79.80000305175781,0.0,0.0,0.1000000014901161,0.0,165.49839782714844,19.939998626708984,0.4899999797344208,0.5870000123977661,0.8999999761581421,2.549999952316284,-1.809999942779541,2014-09-07,210.0,0.0,1.0,82.0,1.0,2014-09-07,128.607,280.6,20.0,2014-09-07,236.0,2014-09-07,8912.5,11174.5,9229.5,9043.5,-0.0174732664535331,0.0953244461870217,2014-09-07
-29.161667,23.696389,10-09-2014,0.0,0.0,0.0,-1.0,-1.0,2014-10-09,107.469,234.3,20.0,101.0,1.0,98.0,100.0,12.0,1.0,2014-10-09,7970.0,10711.0,7679.0,7629.0,10182.5,8977.5,42492.0,8208.0,21952.0,224.0,0.0185954374081409,0.1648722131593248,2014-10-09,142.6999969482422,4.200000286102295,138.5,0.2,4.4,0.1000000014901161,0.0,244.69821166992188,27.93000030517578,7.5,0.7420000433921814,1.6699999570846558,2.700000047683716,-1.7300000190734863,2014-10-09,210.0,0.0,1.0,82.0,1.0,2014-10-09,107.469,234.3,20.0,2014-10-09,236.0,2014-10-09,7970.0,10711.0,7679.0,7629.0,0.0185954374081409,0.1648722131593248,2014-10-09
-29.161667,23.696389,11-02-2015,0.0,0.0,0.0,-1.0,-1.0,2015-11-02,83.464,208.1,20.0,101.0,1.0,98.0,100.0,12.0,1.0,2015-11-02,7684.0,9629.0,7679.5,7598.0,8760.0,8285.5,45147.0,7637.5,21952.0,160.0,0.0002929020080059,0.1126325215934361,2015-11-02,202.1000061035156,45.900001525878906,156.1999969482422,2.4000000000000004,48.3,0.1000000014901161,0.0,319.89599609375,34.36000061035156,15.969999313354492,1.4230000972747805,2.2200000286102295,3.2200000286102295,-1.2400000095367432,2015-11-02,210.0,0.0,1.0,82.0,1.0,2015-11-02,83.464,208.1,20.0,2015-11-02,232.1,2015-11-02,7684.0,9629.0,7679.5,7598.0,0.0002929020080059,0.1126325215934361,2015-11-02
-29.161667,23.696389,11-03-2015,0.0,0.0,0.0,-1.0,-1.0,2015-11-03,88.826,230.8,20.0,101.0,1.0,98.0,100.0,12.0,1.0,2015-11-03,7489.5,9608.0,7495.5,7472.5,8803.0,8217.0,44206.5,7589.5,21952.0,160.0,-0.0004004004004003,0.1235127313123038,2015-11-03,178.0,68.30000305175781,109.70000457763672,3.6,71.9,0.1000000014901161,0.0,251.8987274169922,32.630001068115234,15.609999656677246,1.397000074386597,1.96999990940094,2.9700000286102295,-0.9399999976158142,2015-11-03,210.0,0.0,1.0,82.0,1.0,2015-11-03,88.826,230.8,20.0,2015-11-03,232.1,2015-11-03,7489.5,9608.0,7495.5,7472.5,-0.0004004004004003,0.1235127313123038,2015-11-03
-29.161667,23.696389,11-05-2015,0.0,0.0,0.0,-1.0,-1.0,2015-11-05,92.236,222.7,20.0,101.0,1.0,98.0,100.0,12.0,1.0,2015-11-05,9078.0,10711.5,8802.0,8651.5,9973.5,9078.0,40299.5,8229.5,22280.0,224.0,0.0154362416107381,0.0978553309247439,2015-11-05,94.0,1.8000000715255735,92.20000457763672,0.1,1.9,0.1000000014901161,0.0,174.7976837158203,26.689998626708984,7.049999713897705,0.9160000681877136,1.350000023841858,2.059999942779541,-1.5899999141693115,2015-11-05,210.0,0.0,1.0,82.0,1.0,2015-11-05,92.236,222.7,20.0,2015-11-05,232.1,2015-11-05,9078.0,10711.5,8802.0,8651.5,0.0154362416107381,0.0978553309247439,2015-11-05
-29.161667,23.696389,11-09-2013,0.0,0.0,0.0,-1.0,-1.0,2013-11-09,103.601,269.7,11.0,101.0,1.0,98.0,100.0,12.0,1.0,2013-11-09,7252.0,10214.5,7430.5,7502.0,9131.0,8604.0,41921.0,7792.5,21952.0,164.0,-0.0121573301549462,0.1577784074808718,2013-11-09,135.3000030517578,0.0,135.3000030517578,0.0,0.0,0.1000000014901161,0.0,252.1974334716797,24.93000030517578,5.650000095367432,0.6470000147819519,1.3899999856948853,2.740000009536743,-2.5199999809265137,2013-11-09,210.0,0.0,1.0,82.0,1.0,2013-11-09,103.601,269.7,11.0,2013-11-09,225.5,2013-11-09,7252.0,10214.5,7430.5,7502.0,-0.0121573301549462,0.1577784074808718,2013-11-09
-29.161667,23.696389,11-11-2013,0.0,0.0,0.0,-1.0,-1.0,2013-11-11,111.185,233.6,10.0,101.0,1.0,98.0,100.0,12.0,1.0,2013-11-11,7388.5,10078.5,7531.0,7535.0,9066.5,8641.0,44727.5,7854.0,21952.0,224.0,-0.0095512584201882,0.1446662312956066,2013-11-11,228.6000061035156,22.30000114440918,206.3000030517578,1.2000000000000002,23.5,0.1000000014901161,0.0,328.8995361328125,33.54999923706055,14.019999504089355,1.087000012397766,2.319999933242798,3.75,-2.669999837875366,2013-11-11,210.0,0.0,1.0,82.0,1.0,2013-11-11,111.185,233.6,10.0,2013-11-11,225.5,2013-11-11,7388.5,10078.5,7531.0,7535.0,-0.0095512584201882,0.1446662312956066,2013-11-11
-29.161667,23.696389,12-03-2014,0.0,0.0,0.0,-1.0,-1.0,2014-12-03,84.718,219.9,20.0,101.0,1.0,98.0,100.0,12.0,1.0,2014-12-03,7643.5,9855.0,7574.5,7544.5,9151.5,8426.5,43940.5,7805.5,21952.0,160.0,0.0045341043501116,0.1308413895980944,2014-12-03,173.60000610351562,30.600000381469727,143.0,1.6,32.2,0.1000000014901161,0.0,243.7005920410156,30.94999885559082,14.699999809265137,1.3200000524520874,1.7699999809265137,3.129999876022339,-1.5999999046325684,2014-12-03,210.0,0.0,1.0,82.0,1.0,2014-12-03,84.718,219.9,20.0,2014-12-03,221.2,2014-12-03,7643.5,9855.0,7574.5,7544.5,0.0045341043501116,0.1308413895980944,2014-12-03
-29.161667,30.629722,01-05-2013,0.0,0.0,0.0,-1.0,-1.0,2013-01-05,33.656,114.6,11.0,253.0,0.0,0.0,0.0,0.0,0.0,2013-01-05,13276.0,8864.5,12288.5,10214.0,9047.0,8010.5,42265.5,7792.0,21824.0,96.0,0.0386277846232078,-0.1618682929135339,2013-01-05,69.80000305175781,2.5,67.30000305175781,0.0,0.0,11.40000057220459,0.0,148.502197265625,22.18000030517578,7.409999847412109,1.1110000610351562,0.75,1.7300000190734863,-2.3899998664855957,2013-01-05,62.0,0.0,1.0,305.0,1.0,2013-01-05,33.656,114.6,11.0,2013-01-05,124.700005,2013-01-05,13276.0,8864.5,12288.5,10214.0,0.0386277846232078,-0.1618682929135339,2013-01-05
-29.161667,30.629722,03-06-2015,0.0,0.0,0.0,-1.0,-1.0,2015-03-06,84.267,180.2,20.0,253.0,0.0,0.0,0.0,0.0,0.0,2015-03-06,13637.0,9251.5,14072.5,11887.5,9859.0,8373.5,42250.5,8009.0,21824.0,96.0,-0.0157166314801782,-0.2066969645000848,2015-03-06,60.60000228881836,46.70000076293945,13.90000057220459,2.4000000000000004,47.400000000000006,9.40000057220459,0.0,142.4983673095703,19.11999893188477,5.569999694824219,0.8880000710487366,0.6800000071525574,2.0,-3.0799999237060547,2015-03-06,62.0,0.0,1.0,305.0,1.0,2015-03-06,84.267,180.2,20.0,2015-03-06,155.0,2015-03-06,13637.0,9251.5,14072.5,11887.5,-0.0157166314801782,-0.2066969645000848,2015-03-06
-29.161667,30.629722,05-07-2013,0.0,0.0,0.0,-1.0,-1.0,2013-05-07,23.974,100.11,10.0,253.0,0.0,0.0,0.0,0.0,0.0,2013-05-07,13346.5,9500.5,14364.5,13090.5,10334.0,8668.5,42060.0,8330.5,21824.0,96.0,-0.036736314099094,-0.2038131154410215,2013-05-07,65.80000305175781,11.100000381469728,54.70000076293945,0.5,10.4,8.5,0.0,142.19847106933594,19.709999084472656,5.839999675750732,0.8330000638961792,0.7799999713897705,2.049999952316284,-2.799999952316284,2013-05-07,62.0,0.0,1.0,305.0,1.0,2013-05-07,23.974,100.11,10.0,2013-05-07,124.700005,2013-05-07,13346.5,9500.5,14364.5,13090.5,-0.036736314099094,-0.2038131154410215,2013-05-07
-29.161667,30.629722,07-03-2013,0.0,0.0,0.0,-1.0,-1.0,2013-07-03,45.58,133.3,10.0,253.0,0.0,0.0,0.0,0.0,0.0,2013-07-03,14804.5,9111.5,14463.0,11894.0,9380.0,8113.0,44162.5,7815.0,21824.0,96.0,0.0116682326813017,-0.2270037540562887,2013-07-03,115.70000457763672,73.0999984741211,42.60000228881836,3.4000000000000004,68.60000000000001,18.0,0.0,209.2967987060547,27.28999900817871,14.219999313354492,1.8580000400543213,0.7799999713897705,2.129999876022339,1.5,2013-07-03,62.0,0.0,1.0,305.0,1.0,2013-07-03,45.58,133.3,10.0,2013-07-03,124.700005,2013-07-03,14804.5,9111.5,14463.0,11894.0,0.0116682326813017,-0.2270037540562887,2013-07-03
-29.161667,30.629722,08-01-2014,0.0,0.0,0.0,-1.0,-1.0,2014-08-01,72.551,178.84,21.0,253.0,0.0,0.0,0.0,0.0,0.0,2014-08-01,15991.0,9608.0,15027.0,12231.0,9464.5,8428.5,47064.0,8181.5,21824.0,96.0,0.0310787284802371,-0.2199715851430882,2014-08-01,146.8000030517578,83.0999984741211,63.70000076293945,2.5,50.900000000000006,25.700000762939453,0.0,273.7035217285156,27.479999542236328,16.579999923706055,2.0370001792907715,0.75,2.200000047683716,-3.240000009536743,2014-08-01,62.0,0.0,1.0,305.0,1.0,2014-08-01,72.551,178.84,21.0,2014-08-01,89.700005,2014-08-01,15991.0,9608.0,15027.0,12231.0,0.0310787284802371,-0.2199715851430882,2014-08-01
-29.161667,30.629722,09-04-2015,0.0,0.0,0.0,-1.0,-1.0,2015-09-04,66.412,166.1,72.0,253.0,0.0,0.0,0.0,0.0,0.0,2015-09-04,15362.5,9174.5,13656.5,10999.5,9278.0,8236.5,43686.0,7990.5,21824.0,96.0,0.0587890692305039,-0.1963120318864693,2015-09-04,82.20000457763672,14.100000381469728,68.0999984741211,0.6000000000000001,11.1,13.199999809265137,0.0,176.19952392578125,23.049999237060547,11.420000076293944,1.4850000143051147,0.6100000143051147,1.559999942779541,-3.5999999046325684,2015-09-04,62.0,0.0,1.0,305.0,1.0,2015-09-04,66.412,166.1,72.0,2015-09-04,155.0,2015-09-04,15362.5,9174.5,13656.5,10999.5,0.0587890692305039,-0.1963120318864693,2015-09-04
-29.161667,30.629722,11-02-2015,0.0,0.0,0.0,-1.0,-1.0,2015-11-02,41.25,111.1,20.0,253.0,0.0,0.0,0.0,0.0,0.0,2015-11-02,15856.5,9131.0,13403.5,10831.5,8957.0,8142.5,45562.0,7916.5,21824.0,96.0,0.0838345864661651,-0.1895981716922932,2015-11-02,125.5999984741211,43.900001525878906,81.70000457763672,1.9,38.1,17.80000114440918,0.0,248.99725341796875,27.76999855041504,14.399999618530272,1.8100000619888303,0.8899999856948853,2.200000047683716,-3.119999885559082,2015-11-02,62.0,0.0,1.0,305.0,1.0,2015-11-02,41.25,111.1,20.0,2015-11-02,155.0,2015-11-02,15856.5,9131.0,13403.5,10831.5,0.0838345864661651,-0.1895981716922932,2015-11-02
-29.161667,30.629722,12-03-2015,0.0,0.0,0.0,-1.0,-1.0,2015-12-03,43.383,129.0,195.0,253.0,0.0,0.0,0.0,0.0,0.0,2015-12-03,15856.5,9131.0,13403.5,10831.5,8957.0,8142.5,45562.0,7916.5,21824.0,96.0,0.0838345864661651,-0.1895981716922932,2015-12-03,116.3000030517578,113.0,3.299999952316284,5.9,117.9,16.80000114440918,0.0,216.298583984375,26.86999893188477,14.710000038146973,1.8320001363754272,0.7799999713897705,2.0399999618530273,-2.879999876022339,2015-12-03,62.0,0.0,1.0,305.0,1.0,2015-12-03,43.383,129.0,195.0,2015-12-03,155.0,2015-12-03,15856.5,9131.0,13403.5,10831.5,0.0838345864661651,-0.1895981716922932,2015-12-03
-29.160278,26.573333,02-06-2014,0.0,0.0,0.0,-1.0,-1.0,2014-02-06,164.0,546.0,20.0,253.0,0.0,0.0,0.0,0.0,0.0,2014-02-06,12401.5,9708.0,13934.0,12440.0,10339.5,8836.0,42343.5,8368.5,21824.0,96.0,-0.0581914146304415,-0.1787496827679545,2014-02-06,68.5999984741211,0.1000000014901161,68.5,0.0,0.1,0.6000000238418579,0.0,150.69894409179688,18.299999237060547,-2.319999933242798,0.5520000457763672,0.7599999904632568,2.3299999237060547,-3.0899999141693115,2014-02-06,130.0,0.0,1.0,347.0,1.0,2014-02-06,164.0,546.0,20.0,2014-02-06,192.5,2014-02-06,12401.5,9708.0,13934.0,12440.0,-0.0581914146304415,-0.1787496827679545,2014-02-06
-29.160278,26.573333,03-08-2015,0.0,0.0,0.0,-1.0,-1.0,2015-03-08,197.422,599.0,193.0,253.0,0.0,0.0,0.0,0.0,0.0,2015-03-08,12613.5,10179.5,14575.0,12921.5,11069.5,9135.5,41795.0,8544.5,21824.0,96.0,-0.0721444728469754,-0.1775636752913604,2015-03-08,100.20000457763672,20.600000381469727,79.5999984741211,1.1,21.700000000000003,0.4000000059604645,0.0,193.20086669921875,20.600000381469727,-0.7599999904632568,0.5080000162124634,1.0,2.700000047683716,-1.71999990940094,2015-03-08,130.0,0.0,1.0,347.0,1.0,2015-03-08,197.422,599.0,193.0,2015-03-08,220.1,2015-03-08,12613.5,10179.5,14575.0,12921.5,-0.0721444728469754,-0.1775636752913604,2015-03-08
-29.160278,26.573333,03-09-2013,0.0,0.0,0.0,-1.0,-1.0,2013-03-09,225.649,622.26,10.0,253.0,0.0,0.0,0.0,0.0,0.0,2013-03-09,13483.5,10256.5,15270.0,12997.5,11316.5,9180.0,42724.0,8618.0,21824.0,96.0,-0.0621315665918929,-0.1964037372926167,2013-03-09,139.3000030517578,0.2000000029802322,139.10000610351562,0.0,0.1,0.699999988079071,0.0,253.50303649902344,24.719999313354492,4.289999961853027,0.6540000438690186,1.329999923706055,3.2200000286102295,-3.93999981880188,2013-03-09,130.0,0.0,1.0,347.0,1.0,2013-03-09,225.649,622.26,10.0,2013-03-09,192.6,2013-03-09,13483.5,10256.5,15270.0,12997.5,-0.0621315665918929,-0.1964037372926167,2013-03-09
-29.160278,26.573333,03-09-2014,0.0,0.0,0.0,-1.0,-1.0,2014-03-09,171.0,569.0,187.0,253.0,0.0,0.0,0.0,0.0,0.0,2014-03-09,12735.5,10343.0,14616.5,13050.0,11365.0,9195.5,44569.0,8645.5,21824.0,160.0,-0.0687701082187771,-0.1712173721428707,2014-03-09,139.10000610351562,2.1000001430511475,137.0,0.1,2.2,0.5,0.0,246.99851989746097,27.170000076293945,5.440000057220459,0.7190000414848328,1.5399999618530271,2.7699999809265137,-3.2799999713897705,2014-03-09,130.0,0.0,1.0,347.0,1.0,2014-03-09,171.0,569.0,187.0,2014-03-09,200.8,2014-03-09,12735.5,10343.0,14616.5,13050.0,-0.0687701082187771,-0.1712173721428707,2014-03-09
-29.160278,26.573333,04-08-2014,0.0,0.0,0.0,-1.0,-1.0,2014-04-08,207.0,571.0,173.0,253.0,0.0,0.0,0.0,0.0,0.0,2014-04-08,12883.5,10346.5,14613.0,12978.0,11300.5,9152.5,42462.5,8473.5,21824.0,224.0,-0.0628989144072879,-0.1709369178068464,2014-04-08,99.20000457763672,6.599999904632568,92.5999984741211,0.3,7.0,0.5,0.0,184.7005920410156,20.93000030517578,1.9900000095367432,0.6360000371932983,0.959999978542328,3.049999952316284,-3.0799999237060547,2014-04-08,130.0,0.0,1.0,347.0,1.0,2014-04-08,207.0,571.0,173.0,2014-04-08,200.8,2014-04-08,12883.5,10346.5,14613.0,12978.0,-0.0628989144072879,-0.1709369178068464,2014-04-08
-29.160278,26.573333,04-11-2014,0.0,0.0,0.0,-1.0,-1.0,2014-04-11,91.984,289.1,187.0,253.0,0.0,0.0,0.0,0.0,0.0,2014-04-11,14302.0,10811.5,15070.5,13411.5,11694.0,9362.5,47358.5,8703.0,21824.0,160.0,-0.0261639288450079,-0.1645545166524991,2014-04-11,172.0,147.6999969482422,24.30000114440918,7.800000000000001,155.5,0.5,0.0,271.60107421875,26.719999313354492,11.4399995803833,1.076000094413757,1.3600000143051147,3.609999895095825,-1.6799999475479126,2014-04-11,130.0,0.0,1.0,347.0,1.0,2014-04-11,91.984,289.1,187.0,2014-04-11,200.8,2014-04-11,14302.0,10811.5,15070.5,13411.5,-0.0261639288450079,-0.1645545166524991,2014-04-11
-29.160278,26.573333,05-09-2013,0.0,0.0,0.0,-1.0,-1.0,2013-05-09,227.0,648.0,10.0,253.0,0.0,0.0,0.0,0.0,0.0,2013-05-09,13483.5,10256.5,15270.0,12997.5,11316.5,9180.0,42724.0,8618.0,21824.0,96.0,-0.0621315665918929,-0.1964037372926167,2013-05-09,139.3000030517578,0.2000000029802322,139.10000610351562,0.0,0.1,0.699999988079071,0.0,253.50303649902344,24.719999313354492,4.289999961853027,0.6540000438690186,1.329999923706055,3.2200000286102295,-3.93999981880188,2013-05-09,130.0,0.0,1.0,347.0,1.0,2013-05-09,227.0,648.0,10.0,2013-05-09,192.6,2013-05-09,13483.5,10256.5,15270.0,12997.5,-0.0621315665918929,-0.1964037372926167,2013-05-09
-29.160278,26.573333,06-10-2014,0.0,0.0,0.0,-1.0,-1.0,2014-06-10,217.0,693.0,187.0,253.0,0.0,0.0,0.0,0.0,0.0,2014-06-10,13614.0,10750.5,15327.0,13504.5,11878.0,9412.5,47703.0,8788.5,21824.0,160.0,-0.0591893853011296,-0.175496117342536,2014-06-10,187.8000030517578,11.699999809265137,176.10000610351562,0.6000000000000001,12.3,0.5,0.0,294.0022888183594,29.010000228881836,9.779999732971191,1.0,1.6200000047683716,3.649999856948853,-3.899999856948853,2014-06-10,130.0,0.0,1.0,347.0,1.0,2014-06-10,217.0,693.0,187.0,2014-06-10,200.8,2014-06-10,13614.0,10750.5,15327.0,13504.5,-0.0591893853011296,-0.175496117342536,2014-06-10
-29.160278,26.573333,07-09-2015,0.0,0.0,0.0,-1.0,-1.0,2015-07-09,204.453,636.0,193.0,253.0,0.0,0.0,0.0,0.0,0.0,2015-07-09,13245.5,10403.0,15376.5,13415.0,11632.5,9105.0,44409.5,8607.0,21824.0,160.0,-0.0744532178044858,-0.1929246106402366,2015-07-09,138.5,15.90000057220459,122.5999984741211,0.8,16.7,0.4000000059604645,0.0,237.00013732910156,25.69999885559082,6.739999771118164,0.7690000534057617,1.3799999952316284,3.3499999046325684,-1.6799999475479126,2015-07-09,130.0,0.0,1.0,347.0,1.0,2015-07-09,204.453,636.0,193.0,2015-07-09,220.1,2015-07-09,13245.5,10403.0,15376.5,13415.0,-0.0744532178044858,-0.1929246106402366,2015-07-09
-29.160278,26.573333,08-09-2014,0.0,0.0,0.0,-1.0,-1.0,2014-08-09,183.317,665.0,187.0,253.0,0.0,0.0,0.0,0.0,0.0,2014-08-09,12735.5,10343.0,14616.5,13050.0,11365.0,9195.5,44569.0,8645.5,21824.0,160.0,-0.0687701082187771,-0.1712173721428707,2014-08-09,139.10000610351562,2.1000001430511475,137.0,0.1,2.2,0.5,0.0,246.99851989746097,27.170000076293945,5.440000057220459,0.7190000414848328,1.5399999618530271,2.7699999809265137,-3.2799999713897705,2014-08-09,130.0,0.0,1.0,347.0,1.0,2014-08-09,183.317,665.0,187.0,2014-08-09,200.8,2014-08-09,12735.5,10343.0,14616.5,13050.0,-0.0687701082187771,-0.1712173721428707,2014-08-09
-29.160278,26.573333,09-06-2015,0.0,0.0,0.0,-1.0,-1.0,2015-09-06,197.68,595.0,193.0,253.0,0.0,0.0,0.0,0.0,0.0,2015-09-06,12126.5,9673.5,13243.0,11927.0,10392.0,8745.5,40203.0,8301.0,21824.0,96.0,-0.044009539013382,-0.1557611328082379,2015-09-06,65.80000305175781,33.79999923706055,32.0,1.8,35.6,0.4000000059604645,0.0,139.49908447265625,17.510000228881836,-0.3499999940395355,0.6350000500679016,0.6699999570846558,2.490000009536743,-2.4800000190734863,2015-09-06,130.0,0.0,1.0,347.0,1.0,2015-09-06,197.68,595.0,193.0,2015-09-06,220.1,2015-09-06,12126.5,9673.5,13243.0,11927.0,-0.044009539013382,-0.1557611328082379,2015-09-06
-29.160278,26.573333,09-11-2015,0.0,0.0,0.0,-1.0,-1.0,2015-09-11,143.9,386.0,62.0,253.0,0.0,0.0,0.0,0.0,0.0,2015-09-11,15230.5,11153.0,15682.5,14123.5,12003.5,9477.0,50504.0,8784.5,21824.0,145.0,-0.0146216801992688,-0.168787613422518,2015-09-11,212.0,19.100000381469727,192.90000915527344,1.0,20.1,0.4000000059604645,0.0,329.89630126953125,29.459999084472656,10.609999656677246,1.058000087738037,1.649999976158142,4.289999961853027,-3.1499998569488525,2015-09-11,130.0,0.0,1.0,347.0,1.0,2015-09-11,143.9,386.0,62.0,2015-09-11,220.1,2015-09-11,15230.5,11153.0,15682.5,14123.5,-0.0146216801992688,-0.168787613422518,2015-09-11
-29.160278,26.573333,11-02-2014,0.0,0.0,0.0,-1.0,-1.0,2014-11-02,84.874,223.72,83.0,253.0,0.0,0.0,0.0,0.0,0.0,2014-11-02,16339.5,9907.0,14010.5,11527.0,10106.5,8616.5,48526.5,8200.5,21824.0,96.0,0.0767380560131793,-0.171568934880317,2014-11-02,134.40000915527344,95.70000457763672,38.70000076293945,5.0,100.7,0.6000000238418579,0.0,241.1034698486328,29.529998779296875,16.190000534057617,1.627000093460083,1.3700000047683716,1.7999999523162842,-2.2799999713897705,2014-11-02,130.0,0.0,1.0,347.0,1.0,2014-11-02,84.874,223.72,83.0,2014-11-02,192.5,2014-11-02,16339.5,9907.0,14010.5,11527.0,0.0767380560131793,-0.171568934880317,2014-11-02
-29.160278,26.573333,11-05-2015,0.0,0.0,0.0,-1.0,-1.0,2015-11-05,168.442,540.0,193.0,253.0,0.0,0.0,0.0,0.0,0.0,2015-11-05,13749.0,10018.0,14144.5,11982.0,10771.0,8786.0,43422.0,8303.5,21824.0,128.0,-0.0141789305752235,-0.170781169167097,2015-11-05,85.0999984741211,5.0,80.0999984741211,0.3,5.300000000000001,0.4000000059604645,0.0,170.90188598632812,24.420000076293945,3.5799999237060547,0.8580000400543213,1.069999933242798,1.96999990940094,-3.490000009536743,2015-11-05,130.0,0.0,1.0,347.0,1.0,2015-11-05,168.442,540.0,193.0,2015-11-05,220.1,2015-11-05,13749.0,10018.0,14144.5,11982.0,-0.0141789305752235,-0.170781169167097,2015-11-05
-29.160278,26.573333,12-03-2015,0.0,0.0,0.0,-1.0,-1.0,2015-12-03,95.0,209.0,74.0,253.0,0.0,0.0,0.0,0.0,0.0,2015-12-03,14268.0,9984.5,13734.5,11767.0,10344.5,8735.0,45368.5,8278.5,21824.0,96.0,0.019051870368717,-0.158101100383658,2015-12-03,143.90000915527344,73.9000015258789,70.0,3.9,77.80000000000001,0.5,0.0,229.20037841796875,28.979999542236328,13.06999969482422,1.4410001039505005,1.319999933242798,2.619999885559082,-2.549999952316284,2015-12-03,130.0,0.0,1.0,347.0,1.0,2015-12-03,95.0,209.0,74.0,2015-12-03,220.1,2015-12-03,14268.0,9984.5,13734.5,11767.0,0.019051870368717,-0.158101100383658,2015-12-03
-29.140556,31.391944,01-01-2014,0.1683645374449339,0.1683645374449339,0.0175523127753303,2.2405011013215854,335.1824063876651,2014-01-01,56.43,166.6,20.0,84.0,1.0,27.0,83.0,0.0,6.0,2014-01-01,15240.0,10448.0,9931.0,8622.5,10821.0,9120.5,46651.5,8806.5,23888.0,96.0,0.2109173254936228,0.0253692526620539,2014-01-01,157.10000610351562,63.10000228881836,94.0,3.3000000000000003,65.10000000000001,8.600000381469727,0.0,270.80133056640625,30.3799991607666,21.15999984741211,2.557000160217285,0.8799999952316284,2.869999885559082,-2.629999876022339,2014-01-01,120.0,0.0,1.0,3.0,1.0,2014-01-01,56.43,166.6,20.0,2014-01-01,157.1,2014-01-01,15240.0,10448.0,9931.0,8622.5,0.2109173254936228,0.0253692526620539,2014-01-01
-29.140556,31.391944,03-03-2015,0.1683645374449339,0.1683645374449339,0.0175523127753303,2.408865638766519,335.1824063876651,2015-03-03,80.17,200.0,39.0,84.0,1.0,27.0,83.0,0.0,6.0,2015-03-03,15745.5,10711.0,10633.0,9107.0,11016.0,9094.0,45736.0,8724.5,21824.0,96.0,0.1938131432795641,0.0036544227886056,2015-03-03,126.70000457763672,126.3000030517578,0.4000000059604645,6.6000000000000005,132.9,4.700000286102295,0.0,221.4006195068359,30.099998474121097,19.510000228881836,2.440000057220459,0.8399999737739563,2.5,-2.669999837875366,2015-03-03,120.0,0.0,1.0,3.0,1.0,2015-03-03,80.17,200.0,39.0,2015-03-03,161.8,2015-03-03,15745.5,10711.0,10633.0,9107.0,0.1938131432795641,0.0036544227886056,2015-03-03
-29.140556,31.391944,05-06-2013,0.1683645374449339,0.1683645374449339,0.0175523127753303,2.072136563876651,335.1824063876651,2013-05-06,70.113,215.7,10.0,84.0,1.0,27.0,83.0,0.0,6.0,2013-05-06,13274.5,9144.5,10884.5,9500.0,8842.0,8220.0,42766.0,8003.0,21824.0,160.0,0.09892793575893,-0.0868740326526532,2013-05-06,61.400001525878906,6.599999904632568,54.79999923706055,0.1,2.1,14.5,0.0,137.600830078125,23.18000030517578,10.9399995803833,1.4700000286102295,0.6100000143051147,2.319999933242798,1.9900000095367432,2013-05-06,120.0,0.0,1.0,3.0,1.0,2013-05-06,70.113,215.7,10.0,2013-05-06,129.90001,2013-05-06,13274.5,9144.5,10884.5,9500.0,0.09892793575893,-0.0868740326526532,2013-05-06
-29.140556,31.391944,08-01-2014,0.1683645374449339,0.1683645374449339,0.0175523127753303,2.2405011013215854,335.1824063876651,2014-08-01,59.577,132.07,10.0,84.0,1.0,27.0,83.0,0.0,6.0,2014-08-01,15240.0,10448.0,9931.0,8622.5,10821.0,9120.5,46651.5,8806.5,23888.0,96.0,0.2109173254936228,0.0253692526620539,2014-08-01,157.10000610351562,63.10000228881836,94.0,3.3000000000000003,65.10000000000001,8.600000381469727,0.0,270.80133056640625,30.3799991607666,21.15999984741211,2.557000160217285,0.8799999952316284,2.869999885559082,-2.629999876022339,2014-08-01,120.0,0.0,1.0,3.0,1.0,2014-08-01,59.577,132.07,10.0,2014-08-01,92.700005,2014-08-01,15240.0,10448.0,9931.0,8622.5,0.2109173254936228,0.0253692526620539,2014-08-01
-29.140556,31.391944,08-12-2015,0.1683645374449339,0.1683645374449339,0.0175523127753303,2.408865638766519,335.1824063876651,2015-08-12,97.3,284.0,20.0,84.0,1.0,27.0,83.0,0.0,6.0,2015-08-12,17912.0,10276.5,11476.0,9824.5,10895.0,8768.5,45281.5,8351.0,21824.0,160.0,0.2190009527698373,-0.0551430870014938,2015-08-12,161.8000030517578,106.8000030517578,55.0,5.6000000000000005,112.3,2.9000000953674316,0.0,260.00006103515625,31.1299991607666,20.579999923706055,2.4640002250671387,1.0299999713897705,3.65999984741211,-2.629999876022339,2015-08-12,120.0,0.0,1.0,3.0,1.0,2015-08-12,97.3,284.0,20.0,2015-08-12,161.8,2015-08-12,17912.0,10276.5,11476.0,9824.5,0.2190009527698373,-0.0551430870014938,2015-08-12
-29.140556,31.391944,09-05-2013,0.1683645374449339,0.1683645374449339,0.0175523127753303,2.072136563876651,335.1824063876651,2013-09-05,48.24,156.7,10.0,84.0,1.0,27.0,83.0,0.0,6.0,2013-09-05,13452.5,9924.0,10220.0,8654.5,9745.0,8596.5,42761.0,8223.0,21824.0,224.0,0.1365508501425699,-0.0146942017474185,2013-09-05,78.4000015258789,62.70000076293945,15.699999809265137,2.9000000000000004,58.6,19.100000381469727,0.0,144.0968017578125,26.25,13.039999961853027,1.6850000619888306,0.7799999713897705,2.3499999046325684,3.0299999713897705,2013-09-05,120.0,0.0,1.0,3.0,1.0,2013-09-05,48.24,156.7,10.0,2013-09-05,129.90001,2013-09-05,13452.5,9924.0,10220.0,8654.5,0.1365508501425699,-0.0146942017474185,2013-09-05
-29.140556,31.391944,09-12-2014,0.1683645374449339,0.1683645374449339,0.0175523127753303,2.2405011013215854,335.1824063876651,2014-09-12,91.197,296.7,20.0,84.0,1.0,27.0,83.0,0.0,6.0,2014-09-12,13944.5,10005.0,11251.0,9701.5,10117.5,8857.0,48070.0,8505.5,21824.0,96.0,0.1069040106368196,-0.0586187429431687,2014-09-12,143.3000030517578,107.20000457763672,36.10000228881836,5.6000000000000005,112.3,5.5,0.0,252.3988800048828,28.529998779296875,19.799999237060547,2.3440001010894775,0.7699999809265137,3.18999981880188,-2.5999999046325684,2014-09-12,120.0,0.0,1.0,3.0,1.0,2014-09-12,91.197,296.7,20.0,2014-09-12,158.3,2014-09-12,13944.5,10005.0,11251.0,9701.5,0.1069040106368196,-0.0586187429431687,2014-09-12
-29.140556,31.391944,10-04-2013,0.1683645374449339,0.1683645374449339,0.0175523127753303,2.072136563876651,335.1824063876651,2013-10-04,48.84,174.5,13.0,84.0,1.0,27.0,83.0,0.0,6.0,2013-10-04,14464.0,9944.5,9931.0,8499.0,10230.0,8519.0,43535.0,8157.5,21824.0,96.0,0.1858167657306817,0.000679228195517,2013-10-04,95.4000015258789,94.8000030517578,0.6000000238418579,5.0,99.5,26.200000762939453,0.0,171.09793090820312,27.599998474121097,15.75999927520752,2.0400002002716064,0.7099999785423279,2.8899998664855957,3.5299999713897705,2013-10-04,120.0,0.0,1.0,3.0,1.0,2013-10-04,48.84,174.5,13.0,2013-10-04,129.90001,2013-10-04,14464.0,9944.5,9931.0,8499.0,0.1858167657306817,0.000679228195517,2013-10-04
-29.140556,31.391944,11-11-2014,0.1683645374449339,0.1683645374449339,0.0175523127753303,2.2405011013215854,335.1824063876651,2014-11-11,97.785,330.3,20.0,84.0,1.0,27.0,83.0,0.0,6.0,2014-11-11,13944.5,10005.0,11251.0,9701.5,10117.5,8857.0,48070.0,8505.5,21824.0,96.0,0.1069040106368196,-0.0586187429431687,2014-11-11,122.5,88.70000457763672,33.79999923706055,4.6000000000000005,92.8,6.0,0.0,235.20016479492188,25.959999084472656,17.350000381469727,2.075000047683716,0.5999999642372131,3.3499999046325684,-2.7100000381469727,2014-11-11,120.0,0.0,1.0,3.0,1.0,2014-11-11,97.785,330.3,20.0,2014-11-11,158.3,2014-11-11,13944.5,10005.0,11251.0,9701.5,0.1069040106368196,-0.0586187429431687,2014-11-11
-29.042222,24.6,07-04-2014,0.0,0.0,0.0,-1.0,-1.0,2014-07-04,142.0,568.0,20.0,253.0,0.0,0.0,0.0,0.0,0.0,2014-07-04,9953.5,9021.0,8812.5,8132.5,8582.0,7809.0,43069.5,7366.0,21824.0,160.0,0.0608014494298195,0.0116914795188829,2014-07-04,116.9000015258789,25.30000114440918,91.5999984741211,1.3,26.700000000000003,0.1000000014901161,0.0,212.60110473632812,26.90999984741211,8.869999885559082,1.0750000476837158,1.2799999713897705,2.2300000190734863,-2.869999885559082,2014-07-04,20.0,0.0,1.0,288.0,1.0,2014-07-04,142.0,568.0,20.0,2014-07-04,219.1,2014-07-04,9953.5,9021.0,8812.5,8132.5,0.0608014494298195,0.0116914795188829,2014-07-04
-29.042222,24.6,08-12-2014,0.0,0.0,0.0,-1.0,-1.0,2014-08-12,162.0,777.0,20.0,253.0,0.0,0.0,0.0,0.0,0.0,2014-08-12,11716.0,8649.0,8916.5,8376.0,8014.5,7638.5,46166.5,7353.0,21824.0,160.0,0.1356839936992602,-0.0152287153795792,2014-08-12,219.1000061035156,29.5,189.6000061035156,1.6,31.0,0.1000000014901161,0.0,316.1973571777344,33.48999786376953,16.479999542236328,1.2880001068115234,2.25,3.069999933242798,-1.1799999475479126,2014-08-12,20.0,0.0,1.0,288.0,1.0,2014-08-12,162.0,777.0,20.0,2014-08-12,226.5,2014-08-12,11716.0,8649.0,8916.5,8376.0,0.1356839936992602,-0.0152287153795792,2014-08-12
-29.042222,24.6,10-06-2013,0.0,0.0,0.0,-1.0,-1.0,2013-10-06,127.831,241.7,11.0,253.0,0.0,0.0,0.0,0.0,0.0,2013-10-06,9596.5,9040.5,8966.0,8420.0,8853.0,7800.0,40054.5,7247.0,21824.0,160.0,0.0339663299663297,0.0041373948296448,2013-10-06,72.0999984741211,0.1000000014901161,72.0,0.0,0.1,0.1000000014901161,0.0,155.59890747070312,19.03999900817871,1.2200000286102295,0.6770000457763672,0.7599999904632568,2.629999876022339,-2.990000009536743,2013-10-06,20.0,0.0,1.0,288.0,1.0,2013-10-06,127.831,241.7,11.0,2013-10-06,205.8,2013-10-06,9596.5,9040.5,8966.0,8420.0,0.0339663299663297,0.0041373948296448,2013-10-06
-29.033333,23.983333,03-09-2014,0.0,0.0,0.0,-1.0,-1.0,2014-03-09,200.263,1343.0,20.0,253.0,0.0,0.0,0.0,0.0,0.0,2014-03-09,13427.5,10030.5,14250.5,12608.0,10712.0,8818.5,43549.0,8296.0,21824.0,160.0,-0.0297348074282822,-0.173798443227214,2014-03-09,147.0,4.300000190734863,142.6999969482422,0.2,4.5,0.2000000029802322,0.0,244.2035217285156,27.94999885559082,6.779999732971191,0.7420000433921814,1.649999976158142,2.9700000286102295,-2.009999990463257,2014-03-09,40.0,0.0,1.0,269.0,1.0,2014-03-09,200.263,1343.0,20.0,2014-03-09,229.8,2014-03-09,13427.5,10030.5,14250.5,12608.0,-0.0297348074282822,-0.173798443227214,2014-03-09
-29.033333,23.983333,04-09-2013,0.0,0.0,0.0,-1.0,-1.0,2013-04-09,189.552,1421.0,11.0,253.0,0.0,0.0,0.0,0.0,0.0,2013-04-09,14433.0,10176.5,15075.0,12952.5,11080.0,8874.0,45097.5,8278.5,21824.0,160.0,-0.021756811712078,-0.1939884759321221,2013-04-09,139.8000030517578,0.0,139.8000030517578,0.0,0.0,0.2000000029802322,0.0,251.79693603515625,25.0,5.049999713897705,0.6570000052452087,1.3700000047683716,3.069999933242798,-2.65999984741211,2013-04-09,40.0,0.0,1.0,269.0,1.0,2013-04-09,189.552,1421.0,11.0,2013-04-09,219.8,2013-04-09,14433.0,10176.5,15075.0,12952.5,-0.021756811712078,-0.1939884759321221,2013-04-09
-29.033333,23.983333,07-04-2014,0.0,0.0,0.0,-1.0,-1.0,2014-07-04,155.0,790.0,20.0,253.0,0.0,0.0,0.0,0.0,0.0,2014-07-04,16230.5,9662.5,13698.0,11901.0,9991.0,8463.0,44029.0,7868.5,21824.0,160.0,0.0846183403779003,-0.1727488709573846,2014-07-04,117.5,21.600000381469727,95.9000015258789,1.1,22.8,0.2000000029802322,0.0,214.49740600585935,27.3799991607666,9.31999969482422,1.1050000190734863,1.309999942779541,2.15999984741211,-2.359999895095825,2014-07-04,40.0,0.0,1.0,269.0,1.0,2014-07-04,155.0,790.0,20.0,2014-07-04,217.3,2014-07-04,16230.5,9662.5,13698.0,11901.0,0.0846183403779003,-0.1727488709573846,2014-07-04
-29.033333,23.983333,09-07-2014,0.0,0.0,0.0,-1.0,-1.0,2014-09-07,174.359,1242.0,20.0,253.0,0.0,0.0,0.0,0.0,0.0,2014-09-07,13505.5,9755.0,13792.5,12019.0,10453.5,8431.5,38709.0,7849.5,21824.0,224.0,-0.0105135907392482,-0.1714619386346738,2014-09-07,80.4000015258789,0.0,80.4000015258789,0.0,0.0,0.2000000029802322,0.0,165.49839782714844,20.06999969482422,0.0599999986588954,0.5820000171661377,0.8999999761581421,2.559999942779541,-2.059999942779541,2014-09-07,40.0,0.0,1.0,269.0,1.0,2014-09-07,174.359,1242.0,20.0,2014-09-07,229.8,2014-09-07,13505.5,9755.0,13792.5,12019.0,-0.0105135907392482,-0.1714619386346738,2014-09-07
-29.028629,24.638389,07-04-2014,0.0,0.0,0.0,-1.0,-1.0,2014-07-04,137.0,485.0,42.0,253.0,0.0,0.0,0.0,0.0,0.0,2014-07-04,15205.0,9864.5,12766.5,11107.5,9997.5,8552.5,43917.5,8053.0,21824.0,96.0,0.0871780204851363,-0.1282311873094422,2014-07-04,115.9000015258789,26.200000762939453,89.70000457763672,1.4,27.5,0.1000000014901161,0.0,211.90028381347656,26.959999084472656,8.899999618530273,1.0740000009536743,1.2799999713897705,2.1499998569488525,-2.90999984741211,2014-07-04,20.0,0.0,1.0,311.0,1.0,2014-07-04,137.0,485.0,42.0,2014-07-04,218.2,2014-07-04,15205.0,9864.5,12766.5,11107.5,0.0871780204851363,-0.1282311873094422,2014-07-04
-29.028629,24.638389,08-12-2014,0.0,0.0,0.0,-1.0,-1.0,2014-08-12,147.0,579.0,20.0,253.0,0.0,0.0,0.0,0.0,0.0,2014-08-12,16942.0,9898.5,13226.5,11334.0,9923.5,8648.0,47874.5,8264.5,21824.0,96.0,0.1231582611001537,-0.1439135135135129,2014-08-12,218.1999969482422,30.200000762939453,188.0,1.6,31.8,0.1000000014901161,0.0,315.3976135253906,33.40999984741211,16.40999984741211,1.2890000343322754,2.240000009536743,3.059999942779541,-1.2200000286102295,2014-08-12,20.0,0.0,1.0,311.0,1.0,2014-08-12,147.0,579.0,20.0,2014-08-12,225.2,2014-08-12,16942.0,9898.5,13226.5,11334.0,0.1231582611001537,-0.1439135135135129,2014-08-12
-28.96362,19.15486,06-09-2014,0.0,0.0,0.0,-1.0,-1.0,2014-06-09,153.923,549.0,41.0,100.0,1.0,96.0,100.0,12.0,1.0,2014-06-09,9316.5,9775.0,9647.0,8919.0,9598.0,8592.0,44704.5,8184.0,21952.0,96.0,-0.0174282173649378,0.0065904644217896,2014-06-09,139.6999969482422,2.5,137.1999969482422,0.1,2.7,0.0,0.0,246.5038299560547,27.689998626708984,8.619999885559082,0.7570000290870667,1.6699999570846558,2.419999837875366,0.9300000071525574,2014-06-09,100.0,0.0,1.0,121.0,1.0,2014-06-09,153.923,549.0,41.0,2014-06-09,248.3,2014-06-09,9316.5,9775.0,9647.0,8919.0,-0.0174282173649378,0.0065904644217896,2014-06-09
-28.96362,19.15486,09-08-2014,0.0,0.0,0.0,-1.0,-1.0,2014-09-08,210.226,644.0,20.0,100.0,1.0,96.0,100.0,12.0,1.0,2014-09-08,9430.0,9537.5,8934.0,8902.0,9145.0,8264.0,42226.5,7732.5,21952.0,96.0,0.0270093661511651,0.0326719540914379,2014-09-08,115.0999984741211,1.0,114.0999984741211,0.1,1.0,0.0,0.0,196.80401611328125,24.60999870300293,8.199999809265137,0.7610000371932983,1.3399999141693115,2.7899999618530273,1.25,2014-09-08,100.0,0.0,1.0,121.0,1.0,2014-09-08,210.226,644.0,20.0,2014-09-08,248.3,2014-09-08,9430.0,9537.5,8934.0,8902.0,0.0270093661511651,0.0326719540914379,2014-09-08
-28.883333,27.89,02-12-2014,0.6467136150234742,0.6467136150234742,0.0214719690693178,10.345415631041146,1291.429232256282,2014-02-12,51.152,137.8,20.0,253.0,0.0,0.0,0.0,0.0,0.0,2014-02-12,16461.5,9603.5,13454.5,11123.5,9720.5,8463.0,46583.5,8059.5,21824.0,96.0,0.1005147747025,-0.1670136178332892,2014-02-12,161.3000030517578,104.9000015258789,56.400001525878906,4.5,90.8,10.90000057220459,0.0,275.8966369628906,27.09000015258789,13.559999465942385,1.397000074386597,1.1799999475479126,2.5399999618530273,-0.75,2014-02-12,100.0,0.0,1.0,356.0,1.0,2014-02-12,51.152,137.8,20.0,2014-02-12,168.90001,2014-02-12,16461.5,9603.5,13454.5,11123.5,0.1005147747025,-0.1670136178332892,2014-02-12
-28.883333,27.89,04-11-2014,0.6467136150234742,0.6467136150234742,0.0214719690693178,10.345415631041146,1291.429232256282,2014-04-11,67.388,152.7,20.0,253.0,0.0,0.0,0.0,0.0,0.0,2014-04-11,16042.5,9949.5,15199.5,12452.0,10334.0,8880.5,48037.0,8446.0,21824.0,160.0,0.0269829076243517,-0.2087558153405694,2014-04-11,147.60000610351562,147.60000610351562,0.0,22.1,196.7,29.600000381469727,0.0,259.4976806640625,24.299999237060547,11.130000114440918,1.1420000791549685,1.0499999523162842,2.990000009536743,-1.6299999952316284,2014-04-11,100.0,0.0,1.0,356.0,1.0,2014-04-11,67.388,152.7,20.0,2014-04-11,168.90001,2014-04-11,16042.5,9949.5,15199.5,12452.0,0.0269829076243517,-0.2087558153405694,2014-04-11
-28.883333,27.89,06-01-2015,0.6467136150234742,0.6467136150234742,0.0214719690693178,10.99212924606462,1291.429232256282,2015-06-01,45.603,137.8,20.0,253.0,0.0,0.0,0.0,0.0,0.0,2015-06-01,17029.0,9470.0,12941.0,10217.0,9357.5,8200.0,45702.0,7869.5,21824.0,160.0,0.1364030697364026,-0.1548793003435806,2015-06-01,168.90000915527344,48.400001525878906,120.5,2.4000000000000004,47.400000000000006,7.5,0.0,273.89617919921875,29.3799991607666,14.119999885559082,1.5080000162124634,1.3600000143051147,2.319999933242798,-1.5299999713897705,2015-06-01,100.0,0.0,1.0,356.0,1.0,2015-06-01,45.603,137.8,20.0,2015-06-01,58.3,2015-06-01,17029.0,9470.0,12941.0,10217.0,0.1364030697364026,-0.1548793003435806,2015-06-01
-28.883333,27.89,08-05-2013,0.6467136150234742,0.6465064899199116,0.0212648439657553,9.698702016017672,1291.429232256282,2013-08-05,92.174,170.2,10.0,253.0,0.0,0.0,0.0,0.0,0.0,2013-08-05,13741.5,9086.0,12214.0,10817.0,9223.0,8219.5,41352.0,7982.5,21824.0,96.0,0.0588507252798056,-0.146854460093896,2013-08-05,71.4000015258789,1.2000000476837158,70.20000457763672,0.0,0.6000000000000001,4.099999904632568,0.0,160.5970458984375,20.439998626708984,2.3299999237060547,0.7930000424385071,0.7699999809265137,1.6399999856948853,-3.4499998092651367,2013-08-05,100.0,0.0,1.0,356.0,1.0,2013-08-05,92.174,170.2,10.0,2013-08-05,149.2,2013-08-05,13741.5,9086.0,12214.0,10817.0,0.0588507252798056,-0.146854460093896,2013-08-05
-28.883333,27.89,08-12-2015,0.6467136150234742,0.6467136150234742,0.0214719690693178,10.99212924606462,1291.429232256282,2015-08-12,36.061,102.2,20.0,253.0,0.0,0.0,0.0,0.0,0.0,2015-08-12,16086.5,9967.0,14811.5,12229.5,10421.5,8915.5,48607.0,8459.5,21824.0,96.0,0.0412648067836104,-0.1955122384325112,2015-08-12,190.6000061035156,16.0,174.60000610351562,0.8,16.7,1.899999976158142,0.0,310.7025451660156,30.15999984741211,14.65999984741211,1.5510001182556152,1.4399999380111694,3.1399998664855957,-4.319999694824219,2015-08-12,100.0,0.0,1.0,356.0,1.0,2015-08-12,36.061,102.2,20.0,2015-08-12,190.6,2015-08-12,16086.5,9967.0,14811.5,12229.5,0.0412648067836104,-0.1955122384325112,2015-08-12
-28.883333,27.89,09-07-2013,0.6467136150234742,0.6465064899199116,0.0212648439657553,9.698702016017672,1291.429232256282,2013-09-07,108.807,286.1,19.0,253.0,0.0,0.0,0.0,0.0,0.0,2013-09-07,12535.0,9658.0,12797.5,11457.5,10155.5,8703.0,41774.0,8260.0,21824.0,160.0,-0.0103621829665449,-0.1398098461401432,2013-09-07,66.20000457763672,2.200000047683716,64.0,0.1,1.9,3.1000001430511475,0.0,158.00186157226562,17.010000228881836,-1.0199999809265137,0.6180000305175781,0.6399999856948853,2.450000047683716,-3.549999952316284,2013-09-07,100.0,0.0,1.0,356.0,1.0,2013-09-07,108.807,286.1,19.0,2013-09-07,160.1,2013-09-07,12535.0,9658.0,12797.5,11457.5,-0.0103621829665449,-0.1398098461401432,2013-09-07
-28.883333,27.89,09-09-2014,0.6467136150234742,0.6467136150234742,0.0214719690693178,10.345415631041146,1291.429232256282,2014-09-09,121.542,263.3,20.0,253.0,0.0,0.0,0.0,0.0,0.0,2014-09-09,14363.5,10106.0,14257.0,12536.5,10748.0,8999.5,45968.0,8547.5,21824.0,160.0,0.0037211089953005,-0.170381315929893,2014-09-09,125.8000030517578,2.700000047683716,123.0999984741211,0.1,2.5,2.9000000953674316,0.0,235.59591674804688,24.8799991607666,6.699999809265137,0.737000048160553,1.329999923706055,2.569999933242798,-3.369999885559082,2014-09-09,100.0,0.0,1.0,356.0,1.0,2014-09-09,121.542,263.3,20.0,2014-09-09,168.90001,2014-09-09,14363.5,10106.0,14257.0,12536.5,0.0037211089953005,-0.170381315929893,2014-09-09
-28.883333,27.89,10-03-2015,0.6467136150234742,0.6467136150234742,0.0214719690693178,10.99212924606462,1291.429232256282,2015-10-03,55.606,139.0,20.0,253.0,0.0,0.0,0.0,0.0,0.0,2015-10-03,15830.5,9303.0,12281.5,10167.5,9369.0,8100.0,44465.0,7814.5,21824.0,96.0,0.1262450199203182,-0.1379925409437321,2015-10-03,121.8000030517578,84.5999984741211,37.20000076293945,4.4,88.0,4.800000190734863,0.0,209.19973754882812,26.529998779296875,12.00999927520752,1.434000015258789,1.0099999904632568,2.169999837875366,-2.200000047683716,2015-10-03,100.0,0.0,1.0,356.0,1.0,2015-10-03,55.606,139.0,20.0,2015-10-03,190.6,2015-10-03,15830.5,9303.0,12281.5,10167.5,0.1262450199203182,-0.1379925409437321,2015-10-03
-28.883333,27.89,11-02-2014,0.6467136150234742,0.6467136150234742,0.0214719690693178,10.345415631041146,1291.429232256282,2014-11-02,49.635,114.05,10.0,253.0,0.0,0.0,0.0,0.0,0.0,2014-11-02,16066.5,9293.0,12698.0,9977.0,9330.0,8281.5,45312.0,7714.5,21824.0,96.0,0.1171061551565293,-0.154836069301077,2014-11-02,120.3000030517578,120.3000030517578,0.0,6.5,129.20000000000002,11.5,0.0,227.49949645996097,27.059999465942383,15.170000076293944,1.652000069618225,1.0099999904632568,1.7899999618530271,-1.809999942779541,2014-11-02,100.0,0.0,1.0,356.0,1.0,2014-11-02,49.635,114.05,10.0,2014-11-02,161.3,2014-11-02,16066.5,9293.0,12698.0,9977.0,0.1171061551565293,-0.154836069301077,2014-11-02
-28.883333,27.89,11-06-2014,0.6467136150234742,0.6467136150234742,0.0214719690693178,10.345415631041146,1291.429232256282,2014-11-06,180.938,291.5,20.0,253.0,0.0,0.0,0.0,0.0,0.0,2014-11-06,12405.0,9104.5,12859.0,11462.0,9446.0,8331.0,40657.0,8098.0,21824.0,96.0,-0.0179702343255224,-0.1709427003892814,2014-11-06,64.30000305175781,0.800000011920929,63.5,0.0,0.1,4.099999904632568,0.0,152.49630737304688,16.69999885559082,-3.059999942779541,0.5530000329017639,0.6499999761581421,2.3299999237060547,-2.950000047683716,2014-11-06,100.0,0.0,1.0,356.0,1.0,2014-11-06,180.938,291.5,20.0,2014-11-06,161.3,2014-11-06,12405.0,9104.5,12859.0,11462.0,-0.0179702343255224,-0.1709427003892814,2014-11-06
-28.883333,27.89,12-05-2015,0.6467136150234742,0.6467136150234742,0.0214719690693178,10.99212924606462,1291.429232256282,2015-12-05,62.113,234.0,20.0,253.0,0.0,0.0,0.0,0.0,0.0,2015-12-05,13435.0,9005.0,11459.0,9865.5,9332.0,8171.5,41810.5,7770.0,21824.0,96.0,0.0793765565999836,-0.1199179046129783,2015-12-05,78.80000305175781,5.599999904632568,73.20000457763672,0.3,5.300000000000001,3.6000001430511475,0.0,168.7991180419922,22.559999465942383,3.309999942779541,0.8950000405311584,0.8700000047683716,1.9299999475479128,-3.299999952316284,2015-12-05,100.0,0.0,1.0,356.0,1.0,2015-12-05,62.113,234.0,20.0,2015-12-05,190.6,2015-12-05,13435.0,9005.0,11459.0,9865.5,0.0793765565999836,-0.1199179046129783,2015-12-05
-28.801278,31.955389,02-04-2014,0.0,0.0,0.0,-1.0,-1.0,2014-02-04,92.091,422.0,20.0,80.0,1.0,29.0,67.0,1.0,4.0,2014-02-04,16624.0,9659.0,13386.5,10715.5,9365.0,8524.5,45628.5,8182.5,21824.0,160.0,0.1078789090484993,-0.1617452431060287,2014-02-04,98.0999984741211,96.20000457763672,1.899999976158142,4.9,98.5,55.79999923706055,0.0,181.60055541992188,28.049999237060547,16.760000228881836,2.1130001544952393,0.75,2.629999876022339,-1.9499999284744265,2014-02-04,11.0,1.0,1.0,263.0,1.0,2014-02-04,92.091,422.0,20.0,2014-02-04,147.6,2014-02-04,16624.0,9659.0,13386.5,10715.5,0.1078789090484993,-0.1617452431060287,2014-02-04
-28.801278,31.955389,03-03-2015,0.0,0.0,0.0,-1.0,-1.0,2015-03-03,63.297,254.0,27.0,80.0,1.0,29.0,67.0,1.0,4.0,2015-03-03,15183.0,9910.0,13449.5,11882.0,9983.5,8953.5,42585.0,8607.5,21824.0,224.0,0.0605430891469481,-0.1515229349943271,2015-03-03,131.90000915527344,106.3000030517578,25.600000381469727,5.6000000000000005,111.4,5.300000190734863,0.0,224.79925537109375,30.729999542236328,19.959999084472656,2.514000177383423,0.8799999952316284,2.7699999809265137,-3.5299999713897705,2015-03-03,11.0,1.0,1.0,263.0,1.0,2015-03-03,63.297,254.0,27.0,2015-03-03,169.6,2015-03-03,15183.0,9910.0,13449.5,11882.0,0.0605430891469481,-0.1515229349943271,2015-03-03
-28.801278,31.955389,04-07-2013,0.0,0.0,0.0,-1.0,-1.0,2013-04-07,96.398,406.0,15.0,80.0,1.0,29.0,67.0,1.0,4.0,2013-04-07,14119.0,9652.5,12879.5,10115.5,9668.0,8436.0,42504.0,8028.0,21824.0,160.0,0.0459099579606272,-0.1432185336410432,2013-04-07,72.0999984741211,54.70000076293945,17.399999618530273,2.5,50.5,16.399999618530273,0.0,138.69818115234375,25.059999465942383,11.829999923706056,1.4940000772476196,0.7999999523162842,2.429999828338623,1.5199999809265137,2013-04-07,11.0,1.0,1.0,263.0,1.0,2013-04-07,96.398,406.0,15.0,2013-04-07,135.3,2013-04-07,14119.0,9652.5,12879.5,10115.5,0.0459099579606272,-0.1432185336410432,2013-04-07
-28.801278,31.955389,06-06-2013,0.0,0.0,0.0,-1.0,-1.0,2013-06-06,106.798,488.0,10.0,80.0,1.0,29.0,67.0,1.0,4.0,2013-06-06,15192.0,9669.0,13154.5,10283.5,9497.0,8557.5,42998.5,8152.0,21824.0,145.0,0.0718783624080571,-0.152715402983766,2013-06-06,61.70000076293945,24.5,37.20000076293945,0.2,3.2,23.100000381469727,0.0,137.89718627929688,23.439998626708984,11.449999809265137,1.590000033378601,0.5399999618530273,2.6499998569488525,1.7999999523162842,2013-06-06,11.0,1.0,1.0,263.0,1.0,2013-06-06,106.798,488.0,10.0,2013-06-06,135.3,2013-06-06,15192.0,9669.0,13154.5,10283.5,0.0718783624080571,-0.152715402983766,2013-06-06
-28.801278,31.955389,08-01-2014,0.0,0.0,0.0,-1.0,-1.0,2014-08-01,113.433,461.73,34.0,80.0,1.0,29.0,67.0,1.0,4.0,2014-08-01,41871.0,42524.0,25403.5,17514.5,42018.0,44116.5,38571.0,43998.5,21824.0,224.0,0.2447807118596195,0.2520407787714839,2014-08-01,159.10000610351562,61.400001525878906,97.70000457763672,3.2,63.8,6.400000095367432,0.0,269.696533203125,30.85999870300293,21.489999771118164,2.6040000915527344,0.9199999570846558,2.8899998664855957,-2.6499998569488525,2014-08-01,11.0,1.0,1.0,263.0,1.0,2014-08-01,113.433,461.73,34.0,2014-08-01,93.3,2014-08-01,41871.0,42524.0,25403.5,17514.5,0.2447807118596195,0.2520407787714839,2014-08-01
-28.801278,31.955389,09-04-2013,0.0,0.0,0.0,-1.0,-1.0,2013-09-04,94.589,432.0,10.0,80.0,1.0,29.0,67.0,1.0,4.0,2013-09-04,16962.5,9581.0,12100.5,9845.5,9652.5,8480.5,43937.0,8234.0,21824.0,96.0,0.1672917455183561,-0.1162050596130336,2013-09-04,99.20000457763672,99.20000457763672,0.0,6.1000000000000005,122.7,41.70000076293945,0.0,171.69866943359375,28.329999923706055,16.459999084472656,2.129000186920166,0.75,3.1399998664855957,3.0899999141693115,2013-09-04,11.0,1.0,1.0,263.0,1.0,2013-09-04,94.589,432.0,10.0,2013-09-04,135.3,2013-09-04,16962.5,9581.0,12100.5,9845.5,0.1672917455183561,-0.1162050596130336,2013-09-04
-28.801278,31.955389,10-12-2015,0.0,0.0,0.0,-1.0,-1.0,2015-10-12,62.0,236.0,20.0,80.0,1.0,29.0,67.0,1.0,4.0,2015-10-12,18219.5,10042.5,13989.0,11080.0,9896.0,9025.5,46685.5,8824.5,21824.0,96.0,0.1313473151497271,-0.1642219586792328,2015-10-12,169.60000610351562,66.0999984741211,103.5,3.4000000000000004,67.5,10.199999809265137,0.0,264.5967712402344,31.989999771118164,20.8799991607666,2.505000114440918,1.1200000047683716,3.7799999713897705,-2.5,2015-10-12,11.0,1.0,1.0,263.0,1.0,2015-10-12,62.0,236.0,20.0,2015-10-12,169.6,2015-10-12,18219.5,10042.5,13989.0,11080.0,0.1313473151497271,-0.1642219586792328,2015-10-12
-28.801278,31.955389,11-04-2013,0.0,0.0,0.0,-1.0,-1.0,2013-11-04,101.663,368.4,12.0,80.0,1.0,29.0,67.0,1.0,4.0,2013-11-04,16962.5,9581.0,12100.5,9845.5,9652.5,8480.5,43937.0,8234.0,21824.0,96.0,0.1672917455183561,-0.1162050596130336,2013-11-04,99.20000457763672,99.20000457763672,0.0,6.1000000000000005,122.7,41.70000076293945,0.0,171.69866943359375,28.329999923706055,16.459999084472656,2.129000186920166,0.75,3.1399998664855957,3.0899999141693115,2013-11-04,11.0,1.0,1.0,263.0,1.0,2013-11-04,101.663,368.4,12.0,2013-11-04,135.3,2013-11-04,16962.5,9581.0,12100.5,9845.5,0.1672917455183561,-0.1162050596130336,2013-11-04
-28.768056,20.720556,04-02-2015,0.0,0.0,0.0,-1.0,-1.0,2015-04-02,106.952,342.0,20.0,52.0,1.0,22.0,72.0,0.0,6.0,2015-04-02,13043.5,10140.0,12567.5,10553.5,10267.0,8653.0,46702.5,8072.5,21824.0,113.0,0.0185857639295614,-0.1069030056148844,2015-04-02,218.6000061035156,1.600000023841858,217.0,0.1,1.7000000000000002,0.0,0.0,331.39593505859375,35.72999954223633,17.81999969482422,1.3280000686645508,2.6399998664855957,3.309999942779541,-2.0399999618530273,2015-04-02,12.0,0.0,1.0,205.0,1.0,2015-04-02,106.952,342.0,20.0,2015-04-02,253.7,2015-04-02,13043.5,10140.0,12567.5,10553.5,0.0185857639295614,-0.1069030056148844,2015-04-02
-28.768056,20.720556,08-04-2013,0.0,0.0,0.0,-1.0,-1.0,2013-08-04,109.275,281.3,10.0,52.0,1.0,22.0,72.0,0.0,6.0,2013-08-04,11429.0,9381.0,11550.5,9936.0,9132.5,8134.5,44085.5,7816.5,21824.0,164.0,-0.0052873213081224,-0.1036476124501344,2013-08-04,138.5,5.099999904632568,133.40000915527344,0.3,5.4,0.0,0.0,223.0977325439453,29.729999542236328,12.06999969482422,1.031000018119812,1.7799999713897705,2.419999837875366,0.9099999666213988,2013-08-04,12.0,0.0,1.0,205.0,1.0,2013-08-04,109.275,281.3,10.0,2013-08-04,252.6,2013-08-04,11429.0,9381.0,11550.5,9936.0,-0.0052873213081224,-0.1036476124501344,2013-08-04
-28.768056,20.720556,11-06-2014,0.0,0.0,0.0,-1.0,-1.0,2014-11-06,130.68,439.0,20.0,52.0,1.0,22.0,72.0,0.0,6.0,2014-11-06,12073.0,9463.5,10987.5,9433.5,9397.5,8436.0,41028.5,8041.0,21824.0,160.0,0.047071832787667,-0.0745195833944546,2014-11-06,89.80000305175781,2.6000001430511475,87.20000457763672,0.1,2.7,0.0,0.0,153.60110473632812,21.799999237060547,4.909999847412109,0.6700000166893005,1.079999923706055,2.919999837875366,1.2200000286102295,2014-11-06,12.0,0.0,1.0,205.0,1.0,2014-11-06,130.68,439.0,20.0,2014-11-06,260.2,2014-11-06,12073.0,9463.5,10987.5,9433.5,0.047071832787667,-0.0745195833944546,2014-11-06
-28.768056,20.720556,11-09-2013,0.0,0.0,0.0,-1.0,-1.0,2013-11-09,140.985,467.0,10.0,52.0,1.0,22.0,72.0,0.0,6.0,2013-11-09,14092.0,10960.0,13685.5,12630.0,11650.0,9279.0,41536.5,8613.5,21824.0,224.0,0.0146341463414633,-0.1105881398226852,2013-11-09,130.5,1.0,129.5,0.1,1.1,0.0,0.0,251.1961975097656,24.959999084472656,6.009999752044678,0.5580000281333923,1.5,2.25,0.7899999618530273,2013-11-09,12.0,0.0,1.0,205.0,1.0,2013-11-09,140.985,467.0,10.0,2013-11-09,253.7,2013-11-09,14092.0,10960.0,13685.5,12630.0,0.0146341463414633,-0.1105881398226852,2013-11-09
-28.768056,20.720556,11-12-2013,0.0,0.0,0.0,-1.0,-1.0,2013-11-12,120.884,288.59,10.0,52.0,1.0,22.0,72.0,0.0,6.0,2013-11-12,12827.5,10384.5,12738.0,10860.0,10022.0,8729.0,46759.0,8277.0,21824.0,164.0,0.0035008116406876,-0.1017839766461234,2013-11-12,252.6000061035156,18.30000114440918,234.3000030517578,1.0,19.200000000000003,0.0,0.0,331.1983642578125,35.73999786376953,18.61999893188477,1.1350001096725464,2.8899998664855957,3.40999984741211,0.4599999785423279,2013-11-12,12.0,0.0,1.0,205.0,1.0,2013-11-12,120.884,288.59,10.0,2013-11-12,253.7,2013-11-12,12827.5,10384.5,12738.0,10860.0,0.0035008116406876,-0.1017839766461234,2013-11-12
-28.760833,17.730278,11-11-2013,0.0,0.0,0.0,-1.0,-1.0,2013-11-11,113.79575,257.825,13.25,100.0,1.0,98.0,100.0,12.0,1.0,2013-11-11,7234.0,8894.0,7456.0,7486.5,8308.0,7820.0,44901.5,7392.0,21952.0,164.0,-0.0151123213070114,0.0879510703363909,2013-11-11,225.5,2.299999952316284,223.1999969482422,0.1,2.4000000000000004,0.0,0.0,317.3013000488281,34.34000015258789,18.350000381469727,1.116000056266785,2.669999837875366,3.169999837875366,1.709999918937683,2013-11-11,210.0,0.0,1.0,29.0,1.0,2013-11-11,113.79575,257.825,13.25,2013-11-11,240.3,2013-11-11,7234.0,8894.0,7456.0,7486.5,-0.0151123213070114,0.0879510703363909,2013-11-11
-28.75,30.442778,01-05-2013,0.4415566461602266,0.4312573443008224,0.0,8.78959010161056,878.9573512131054,2013-01-05,49.74,169.1,10.0,253.0,0.0,0.0,0.0,0.0,0.0,2013-01-05,22102.5,15784.0,22156.0,19928.0,17273.5,12926.0,40585.0,11552.5,22280.0,224.0,-0.0012088073477411,-0.1679493937796516,2013-01-05,75.20000457763672,0.9000000357627869,74.30000305175781,0.0,0.0,5.800000190734863,0.0,152.00250244140625,26.670000076293945,9.1899995803833,1.1980000734329224,1.1399999856948853,1.2899999618530271,-2.4800000190734863,2013-01-05,190.0,1.0,1.0,339.0,1.0,2013-01-05,49.74,169.1,10.0,2013-01-05,146.2,2013-01-05,22102.5,15784.0,22156.0,19928.0,-0.0012088073477411,-0.1679493937796516,2013-01-05
-28.75,30.442778,03-06-2015,0.4415566461602266,0.4415566461602266,0.0102993018594041,9.66240409207161,878.9573512131054,2015-03-06,107.805,276.8,20.0,253.0,0.0,0.0,0.0,0.0,0.0,2015-03-06,12561.5,10042.5,12223.0,11007.0,10041.5,8636.5,42597.5,8080.5,21824.0,160.0,0.0136577296294054,-0.0979317778626121,2015-03-06,67.80000305175781,25.200000762939453,42.60000228881836,1.3,25.9,4.700000286102295,0.0,148.3991241455078,23.489999771118164,7.009999752044678,0.9860000610351562,0.9699999690055848,1.6899999380111694,-1.899999976158142,2015-03-06,190.0,1.0,1.0,339.0,1.0,2015-03-06,107.805,276.8,20.0,2015-03-06,181.40001,2015-03-06,12561.5,10042.5,12223.0,11007.0,0.0136577296294054,-0.0979317778626121,2015-03-06
-28.75,30.442778,04-04-2013,0.4415566461602266,0.4312573443008224,0.0,8.78959010161056,878.9573512131054,2013-04-04,45.48,146.9,10.0,253.0,0.0,0.0,0.0,0.0,0.0,2013-04-04,13916.0,10439.0,13272.5,11064.5,10945.5,8674.0,43761.5,7911.0,21824.0,160.0,0.0236680949666218,-0.1194989772895003,2013-04-04,101.5999984741211,37.0,64.5999984741211,1.9,37.5,6.700000286102295,0.0,180.70172119140625,27.989999771118164,12.1899995803833,1.562000036239624,1.0499999523162842,1.9799998998641968,-2.15999984741211,2013-04-04,190.0,1.0,1.0,339.0,1.0,2013-04-04,45.48,146.9,10.0,2013-04-04,146.2,2013-04-04,13916.0,10439.0,13272.5,11064.5,0.0236680949666218,-0.1194989772895003,2013-04-04
-28.75,30.442778,07-03-2013,0.4415566461602266,0.4312573443008224,0.0,8.78959010161056,878.9573512131054,2013-07-03,70.242,184.3,25.0,253.0,0.0,0.0,0.0,0.0,0.0,2013-07-03,13916.0,10439.0,13272.5,11064.5,10945.5,8674.0,43761.5,7911.0,21824.0,160.0,0.0236680949666218,-0.1194989772895003,2013-07-03,129.60000610351562,36.10000228881836,93.5,1.8,35.9,8.100000381469727,0.0,212.7009735107422,31.099998474121097,16.329999923706055,1.9930001497268677,1.209999918937683,1.8700000047683716,-2.1399998664855957,2013-07-03,190.0,1.0,1.0,339.0,1.0,2013-07-03,70.242,184.3,25.0,2013-07-03,146.2,2013-07-03,13916.0,10439.0,13272.5,11064.5,0.0236680949666218,-0.1194989772895003,2013-07-03
-28.75,30.442778,08-01-2014,0.4415566461602266,0.4312573443008224,0.0,9.220847445911382,878.9573512131054,2014-08-01,65.305,168.49,27.0,253.0,0.0,0.0,0.0,0.0,0.0,2014-08-01,16937.5,11036.0,15153.5,12285.0,11170.0,9177.0,48169.0,8462.0,21824.0,224.0,0.0555919105045026,-0.1572194963630456,2014-08-01,167.1999969482422,50.10000228881836,117.0999984741211,2.5,50.2,8.600000381469727,0.0,280.0025634765625,31.81999969482422,18.8799991607666,2.1720001697540283,1.2899999618530271,1.9399999380111697,-2.7699999809265137,2014-08-01,190.0,1.0,1.0,339.0,1.0,2014-08-01,65.305,168.49,27.0,2014-08-01,99.0,2014-08-01,16937.5,11036.0,15153.5,12285.0,0.0555919105045026,-0.1572194963630456,2014-08-01
-28.75,30.442778,09-04-2015,0.4415566461602266,0.4415566461602266,0.0102993018594041,9.66240409207161,878.9573512131054,2015-09-04,66.198,180.8,68.0,253.0,0.0,0.0,0.0,0.0,0.0,2015-09-04,13882.5,10493.5,12767.0,11246.0,10704.5,8853.5,44515.0,8083.0,21824.0,160.0,0.0418581962138124,-0.0977408052277462,2015-09-04,93.3000030517578,8.300000190734863,85.0,0.4,7.6,6.099999904632568,0.0,181.7987060546875,26.829999923706055,13.289999961853027,1.630000114440918,0.9099999666213988,1.5099999904632568,-2.740000009536743,2015-09-04,190.0,1.0,1.0,339.0,1.0,2015-09-04,66.198,180.8,68.0,2015-09-04,181.40001,2015-09-04,13882.5,10493.5,12767.0,11246.0,0.0418581962138124,-0.0977408052277462,2015-09-04
-28.75,30.442778,11-02-2015,0.4415566461602266,0.4415566461602266,0.0102993018594041,9.66240409207161,878.9573512131054,2015-11-02,47.736,125.3,20.0,253.0,0.0,0.0,0.0,0.0,0.0,2015-11-02,14586.5,10653.5,13706.0,11386.0,11196.5,8928.5,46752.0,8269.0,21824.0,160.0,0.0311213219050984,-0.1253104538270485,2015-11-02,142.6999969482422,29.200000762939453,113.5,1.4,28.0,8.800000190734863,0.0,257.3023376464844,31.739999771118164,16.529998779296875,1.933000087738037,1.3700000047683716,2.0299999713897705,0.6899999976158142,2015-11-02,190.0,1.0,1.0,339.0,1.0,2015-11-02,47.736,125.3,20.0,2015-11-02,181.40001,2015-11-02,14586.5,10653.5,13706.0,11386.0,0.0311213219050984,-0.1253104538270485,2015-11-02
-28.75,30.442778,12-03-2015,0.4415566461602266,0.4415566461602266,0.0102993018594041,9.66240409207161,878.9573512131054,2015-12-03,67.564,188.7,68.0,253.0,0.0,0.0,0.0,0.0,0.0,2015-12-03,14586.5,10653.5,13706.0,11386.0,11196.5,8928.5,46752.0,8269.0,21824.0,160.0,0.0311213219050984,-0.1253104538270485,2015-12-03,130.90000915527344,81.0,49.900001525878906,4.2,83.60000000000001,7.200000286102295,0.0,218.99630737304688,30.6299991607666,16.770000457763672,1.9850001335144043,1.1799999475479126,1.96999990940094,0.6599999666213989,2015-12-03,190.0,1.0,1.0,339.0,1.0,2015-12-03,67.564,188.7,68.0,2015-12-03,181.40001,2015-12-03,14586.5,10653.5,13706.0,11386.0,0.0311213219050984,-0.1253104538270485,2015-12-03
-28.747778,31.745833,01-01-2014,0.0,0.0,0.0,-1.0,-1.0,2014-01-01,92.555,369.0,20.0,253.0,0.0,0.0,0.0,0.0,0.0,2014-01-01,20008.5,9488.5,14246.0,10774.5,9031.5,8334.5,47258.5,8137.0,21824.0,96.0,0.168226072486826,-0.2004466072594737,2014-01-01,160.10000610351562,59.70000076293945,100.4000015258789,3.1,62.400000000000006,4.900000095367432,0.0,270.9002685546875,31.19999885559082,21.36999893188477,2.5410001277923584,1.0199999809265137,2.319999933242798,-2.569999933242798,2014-01-01,40.0,0.0,1.0,284.0,1.0,2014-01-01,92.555,369.0,20.0,2014-01-01,160.1,2014-01-01,20008.5,9488.5,14246.0,10774.5,0.168226072486826,-0.2004466072594737,2014-01-01
-28.747778,31.745833,01-04-2015,0.0,0.0,0.0,-1.0,-1.0,2015-01-04,67.684,250.3,20.0,253.0,0.0,0.0,0.0,0.0,0.0,2015-01-04,16342.0,9459.5,15244.0,12608.0,9416.5,8616.5,45581.5,8426.5,21824.0,96.0,0.0347622364338629,-0.2341571032444786,2015-01-04,86.0999984741211,74.5999984741211,11.5,3.9,78.30000000000001,3.799999952316284,0.0,172.19775390625,27.079999923706055,16.8799991607666,2.114000082015991,0.6499999761581421,1.4399999380111694,-3.129999876022339,2015-01-04,40.0,0.0,1.0,284.0,1.0,2015-01-04,67.684,250.3,20.0,2015-01-04,171.40001,2015-01-04,16342.0,9459.5,15244.0,12608.0,0.0347622364338629,-0.2341571032444786,2015-01-04
-28.747778,31.745833,02-07-2013,0.0,0.0,0.0,-1.0,-1.0,2013-02-07,76.72,337.2,22.0,253.0,0.0,0.0,0.0,0.0,0.0,2013-02-07,14815.5,9505.0,14131.5,11634.0,9691.0,8498.5,42269.5,8131.5,21824.0,224.0,0.0236293916468026,-0.1957354092187921,2013-02-07,71.70000457763672,39.900001525878906,31.80000114440918,2.0,39.900000000000006,9.800000190734863,0.0,141.50161743164062,25.010000228881836,11.179999351501465,1.3850001096725464,0.8700000047683716,2.109999895095825,1.5199999809265137,2013-02-07,40.0,0.0,1.0,284.0,1.0,2013-02-07,76.72,337.2,22.0,2013-02-07,137.90001,2013-02-07,14815.5,9505.0,14131.5,11634.0,0.0236293916468026,-0.1957354092187921,2013-02-07
-28.747778,31.745833,04-03-2015,0.0,0.0,0.0,-1.0,-1.0,2015-04-03,60.923,219.1,20.0,253.0,0.0,0.0,0.0,0.0,0.0,2015-04-03,17172.5,9563.5,15427.0,12446.5,9345.5,8577.0,47628.5,8441.5,21824.0,96.0,0.0535437660086809,-0.2346291590804496,2015-04-03,131.10000610351562,126.20000457763672,4.900000095367432,6.6000000000000005,132.6,4.0,0.0,225.50018310546875,30.799999237060547,19.6299991607666,2.430000066757202,0.949999988079071,2.2899999618530273,-3.3399999141693115,2015-04-03,40.0,0.0,1.0,284.0,1.0,2015-04-03,60.923,219.1,20.0,2015-04-03,171.40001,2015-04-03,17172.5,9563.5,15427.0,12446.5,0.0535437660086809,-0.2346291590804496,2015-04-03
-28.747778,31.745833,04-06-2013,0.0,0.0,0.0,-1.0,-1.0,2013-04-06,96.238,436.0,11.0,253.0,0.0,0.0,0.0,0.0,0.0,2013-04-06,15320.5,9354.0,13942.5,11213.0,9252.5,8226.0,43258.5,7792.0,21824.0,160.0,0.0470901821412703,-0.1969609168759247,2013-04-06,62.400001525878906,6.0,56.400001525878906,0.1,3.0,11.90000057220459,0.0,139.29891967773438,23.63999938964844,11.050000190734863,1.4790000915527344,0.6499999761581421,2.169999837875366,1.8600000143051147,2013-04-06,40.0,0.0,1.0,284.0,1.0,2013-04-06,96.238,436.0,11.0,2013-04-06,137.90001,2013-04-06,15320.5,9354.0,13942.5,11213.0,0.0470901821412703,-0.1969609168759247,2013-04-06
-28.747778,31.745833,07-05-2013,0.0,0.0,0.0,-1.0,-1.0,2013-07-05,85.582,360.2,13.0,253.0,0.0,0.0,0.0,0.0,0.0,2013-07-05,16930.5,9054.0,12822.5,10026.5,8706.0,8075.5,43761.5,7855.0,21824.0,96.0,0.1380701105770842,-0.1722624734303925,2013-07-05,76.5999984741211,61.60000228881836,15.0,2.9000000000000004,58.7,15.100000381469728,0.0,146.29949951171875,26.559999465942383,13.130000114440918,1.687000036239624,0.8199999928474426,1.909999966621399,2.9600000381469727,2013-07-05,40.0,0.0,1.0,284.0,1.0,2013-07-05,85.582,360.2,13.0,2013-07-05,137.90001,2013-07-05,16930.5,9054.0,12822.5,10026.5,0.1380701105770842,-0.1722624734303925,2013-07-05
-28.747778,31.745833,09-04-2013,0.0,0.0,0.0,-1.0,-1.0,2013-09-04,76.72,340.1,11.0,253.0,0.0,0.0,0.0,0.0,0.0,2013-09-04,17633.5,9180.5,13409.5,10396.0,8888.5,8227.0,44178.5,8028.5,21824.0,96.0,0.1360693231968555,-0.1872067286409907,2013-09-04,98.4000015258789,94.4000015258789,4.0,4.9,97.6,20.899999618530273,0.0,173.50088500976562,28.439998626708984,16.010000228881836,2.0350000858306885,0.8299999833106995,2.5,3.4600000381469727,2013-09-04,40.0,0.0,1.0,284.0,1.0,2013-09-04,76.72,340.1,11.0,2013-09-04,137.90001,2013-09-04,17633.5,9180.5,13409.5,10396.0,0.1360693231968555,-0.1872067286409907,2013-09-04
-28.747778,31.745833,09-12-2014,0.0,0.0,0.0,-1.0,-1.0,2014-09-12,77.756,250.7,20.0,253.0,0.0,0.0,0.0,0.0,0.0,2014-09-12,15786.0,9892.5,16874.0,14049.5,10457.0,9072.0,50449.0,8819.0,21824.0,96.0,-0.0333129210042864,-0.2608297685539751,2014-09-12,150.8000030517578,109.5999984741211,41.20000076293945,5.7,114.9,5.099999904632568,0.0,254.19625854492188,29.959999084472656,20.329999923706055,2.3310000896453857,1.0,2.5799999237060547,-2.929999828338623,2014-09-12,40.0,0.0,1.0,284.0,1.0,2014-09-12,77.756,250.7,20.0,2014-09-12,161.6,2014-09-12,15786.0,9892.5,16874.0,14049.5,-0.0333129210042864,-0.2608297685539751,2014-09-12
-28.747778,31.745833,09-12-2015,0.0,0.0,0.0,-1.0,-1.0,2015-09-12,63.4,227.0,31.0,253.0,0.0,0.0,0.0,0.0,0.0,2015-09-12,17738.5,10090.0,15877.5,12461.0,10125.5,8736.0,47260.5,8352.5,21824.0,145.0,0.0553605425987623,-0.2228747472802533,2015-09-12,171.40000915527344,100.9000015258789,70.5,5.2,104.7,8.5,0.0,264.800537109375,32.65999984741211,21.020000457763672,2.431000232696533,1.2999999523162842,3.069999933242798,-1.9399999380111697,2015-09-12,40.0,0.0,1.0,284.0,1.0,2015-09-12,63.4,227.0,31.0,2015-09-12,171.40001,2015-09-12,17738.5,10090.0,15877.5,12461.0,0.0553605425987623,-0.2228747472802533,2015-09-12
-28.747778,31.745833,12-11-2014,0.0,0.0,0.0,-1.0,-1.0,2014-12-11,67.439,258.1,20.0,253.0,0.0,0.0,0.0,0.0,0.0,2014-12-11,15786.0,9892.5,16874.0,14049.5,10457.0,9072.0,50449.0,8819.0,21824.0,96.0,-0.0333129210042864,-0.2608297685539751,2014-12-11,130.5,47.79999923706055,82.70000457763672,2.5,49.7,5.5,0.0,237.30259704589844,27.309999465942383,17.81999969482422,2.073000192642212,0.7799999713897705,2.879999876022339,-3.25,2014-12-11,40.0,0.0,1.0,284.0,1.0,2014-12-11,67.439,258.1,20.0,2014-12-11,161.6,2014-12-11,15786.0,9892.5,16874.0,14049.5,-0.0333129210042864,-0.2608297685539751,2014-12-11
-28.735556,29.820556,04-05-2015,0.0011059653003387,0.0011059653003387,0.0,-0.9712449021911936,1.201976912974355,2015-04-05,43.627,102.6,20.0,253.0,0.0,0.0,0.0,0.0,0.0,2015-04-05,13068.0,9276.5,11854.0,9778.5,9190.5,8388.5,42854.0,8170.5,21824.0,96.0,0.0487119813819113,-0.1219800761931799,2015-04-05,78.0999984741211,5.700000286102295,72.4000015258789,0.3,5.2,5.200000286102295,0.0,165.19671630859375,26.709999084472656,6.769999980926514,1.1150000095367432,1.1399999856948853,1.3600000143051147,-3.1499998569488525,2015-04-05,40.0,0.0,1.0,314.0,1.0,2015-04-05,43.627,102.6,20.0,2015-04-05,180.3,2015-04-05,13068.0,9276.5,11854.0,9778.5,0.0487119813819113,-0.1219800761931799,2015-04-05
-28.735556,29.820556,04-08-2014,0.0011059653003387,0.0011059653003387,0.0,-0.9723508674915324,1.201976912974355,2014-04-08,31.712,92.0,20.0,253.0,0.0,0.0,0.0,0.0,0.0,2014-04-08,12046.5,9469.0,13128.0,11300.0,9993.0,8737.5,42496.5,8432.0,21824.0,112.0,-0.0429601382351187,-0.1619241492233475,2014-04-08,97.5,3.299999952316284,94.20000457763672,0.1,2.6,5.300000190734863,0.0,185.5992889404297,24.239999771118164,5.71999979019165,0.8800000548362732,1.100000023841858,2.379999876022339,-2.2100000381469727,2014-04-08,40.0,0.0,1.0,314.0,1.0,2014-04-08,31.712,92.0,20.0,2014-04-08,164.8,2014-04-08,12046.5,9469.0,13128.0,11300.0,-0.0429601382351187,-0.1619241492233475,2014-04-08
-28.735556,29.820556,05-09-2014,0.0011059653003387,0.0011059653003387,0.0,-0.9723508674915324,1.201976912974355,2014-05-09,36.799,92.5,20.0,253.0,0.0,0.0,0.0,0.0,0.0,2014-05-09,13158.0,9637.0,13136.5,11020.5,10051.5,8844.0,44222.0,8460.5,21824.0,160.0,0.0008176614881439,-0.153665444485915,2014-05-09,129.90000915527344,0.6000000238418579,129.3000030517578,0.0,0.0,4.700000286102295,0.0,236.8986053466797,28.549999237060547,9.260000228881836,1.093000054359436,1.4499999284744265,2.3399999141693115,-2.919999837875366,2014-05-09,40.0,0.0,1.0,314.0,1.0,2014-05-09,36.799,92.5,20.0,2014-05-09,164.8,2014-05-09,13158.0,9637.0,13136.5,11020.5,0.0008176614881439,-0.153665444485915,2014-05-09
-28.735556,29.820556,07-04-2015,0.0011059653003387,0.0011059653003387,0.0,-0.9712449021911936,1.201976912974355,2015-07-04,35.868,97.5,103.0,253.0,0.0,0.0,0.0,0.0,0.0,2015-07-04,13068.0,9276.5,11854.0,9778.5,9190.5,8388.5,42854.0,8170.5,21824.0,96.0,0.0487119813819113,-0.1219800761931799,2015-07-04,95.0,8.699999809265137,86.30000305175781,0.4,8.0,6.0,0.0,184.0970764160156,25.979999542236328,11.139999389648438,1.4270000457763672,0.9199999570846558,1.6699999570846558,-3.049999952316284,2015-07-04,40.0,0.0,1.0,314.0,1.0,2015-07-04,35.868,97.5,103.0,2015-07-04,180.3,2015-07-04,13068.0,9276.5,11854.0,9778.5,0.0487119813819113,-0.1219800761931799,2015-07-04
-28.735556,29.820556,07-07-2014,0.0011059653003387,0.0011059653003387,0.0,-0.9723508674915324,1.201976912974355,2014-07-07,63.6,138.2,20.0,253.0,0.0,0.0,0.0,0.0,0.0,2014-07-07,11580.0,9091.0,11529.5,10433.5,9474.5,8348.0,40787.0,7996.0,21824.0,209.0,0.0021852484908803,-0.1182561043621633,2014-07-07,69.30000305175781,1.100000023841858,68.20000457763672,0.0,0.0,6.200000286102295,0.0,165.30052185058594,22.239999771118164,1.5299999713897705,0.7070000171661377,0.9799999594688416,1.6200000047683716,-1.819999933242798,2014-07-07,40.0,0.0,1.0,314.0,1.0,2014-07-07,63.6,138.2,20.0,2014-07-07,159.40001,2014-07-07,11580.0,9091.0,11529.5,10433.5,0.0021852484908803,-0.1182561043621633,2014-07-07
-28.735556,29.820556,08-10-2013,0.0011059653003387,0.0011059653003387,0.0,-0.9734568327918712,1.201976912974355,2013-08-10,30.953,91.59,11.0,253.0,0.0,0.0,0.0,0.0,0.0,2013-08-10,14817.0,9496.5,12793.5,10540.0,9503.5,8511.0,45661.0,8217.0,21824.0,160.0,0.0732873363394358,-0.1479138627187073,2013-08-10,140.40000915527344,41.10000228881836,99.3000030517578,2.1,42.900000000000006,3.4000000953674316,0.0,239.30160522460935,28.079999923706055,10.789999961853027,1.3550000190734863,1.1999999284744265,2.3499999046325684,-3.759999990463257,2013-08-10,40.0,0.0,1.0,314.0,1.0,2013-08-10,30.953,91.59,11.0,2013-08-10,162.5,2013-08-10,14817.0,9496.5,12793.5,10540.0,0.0732873363394358,-0.1479138627187073,2013-08-10
-28.735556,29.820556,09-09-2013,0.0011059653003387,0.0011059653003387,0.0,-0.9734568327918712,1.201976912974355,2013-09-09,36.046,80.35,12.0,253.0,0.0,0.0,0.0,0.0,0.0,2013-09-09,12995.5,9353.0,12899.5,10731.5,9514.0,8601.5,43716.5,8297.5,21824.0,96.0,0.003707279397567,-0.1593753510841471,2013-09-09,130.8000030517578,4.599999904632568,126.20000457763672,0.2,4.4,3.799999952316284,0.0,230.49880981445312,27.36999893188477,8.460000038146973,1.0630000829696655,1.319999933242798,2.809999942779541,-3.569999933242798,2013-09-09,40.0,0.0,1.0,314.0,1.0,2013-09-09,36.046,80.35,12.0,2013-09-09,162.5,2013-09-09,12995.5,9353.0,12899.5,10731.5,0.003707279397567,-0.1593753510841471,2013-09-09
-28.735556,29.820556,10-06-2014,0.0011059653003387,0.0011059653003387,0.0,-0.9723508674915324,1.201976912974355,2014-10-06,31.319,101.4,20.0,253.0,0.0,0.0,0.0,0.0,0.0,2014-10-06,12933.0,9226.5,12447.5,10327.0,9433.5,8284.0,42044.0,8044.0,21824.0,160.0,0.0191288587695277,-0.1486112392728608,2014-10-06,70.70000457763672,1.7000000476837158,69.0,0.0,0.0,7.300000190734863,0.0,153.70004272460938,22.489999771118164,1.329999923706055,0.7320000529289246,0.9699999690055848,1.899999976158142,-1.649999976158142,2014-10-06,40.0,0.0,1.0,314.0,1.0,2014-10-06,31.319,101.4,20.0,2014-10-06,159.40001,2014-10-06,12933.0,9226.5,12447.5,10327.0,0.0191288587695277,-0.1486112392728608,2014-10-06
-28.735556,29.820556,11-03-2013,0.0011059653003387,0.0011059653003387,0.0,-0.9734568327918712,1.201976912974355,2013-11-03,34.62,93.8,10.0,253.0,0.0,0.0,0.0,0.0,0.0,2013-11-03,13825.0,8973.0,11761.0,9381.5,8794.5,8143.5,42467.5,7988.0,21824.0,96.0,0.0806691159227699,-0.1344651297385929,2013-11-03,125.0,44.29999923706055,80.70000457763672,2.2,44.1,8.5,0.0,210.0977783203125,30.31999969482422,14.559999465942385,1.8090001344680784,1.1899999380111694,1.6999999284744265,-2.190000057220459,2013-11-03,40.0,0.0,1.0,314.0,1.0,2013-11-03,34.62,93.8,10.0,2013-11-03,143.3,2013-11-03,13825.0,8973.0,11761.0,9381.5,0.0806691159227699,-0.1344651297385929,2013-11-03
-28.735556,29.820556,12-01-2015,0.0011059653003387,0.0011059653003387,0.0,-0.9712449021911936,1.201976912974355,2015-12-01,32.692,74.2,20.0,253.0,0.0,0.0,0.0,0.0,0.0,2015-12-01,18051.5,9052.0,11944.0,9166.5,8601.0,8017.5,44989.5,7885.5,21824.0,96.0,0.2036138754146448,-0.1377405220041906,2015-12-01,164.8000030517578,53.400001525878906,111.4000015258789,2.6,51.1,11.0,0.0,275.1024169921875,30.920000076293945,15.920000076293944,1.8700001239776611,1.2799999713897705,1.8600000143051147,1.919999957084656,2015-12-01,40.0,0.0,1.0,314.0,1.0,2015-12-01,32.692,74.2,20.0,2015-12-01,180.3,2015-12-01,18051.5,9052.0,11944.0,9166.5,0.2036138754146448,-0.1377405220041906,2015-12-01
-28.735556,29.820556,12-05-2014,0.0011059653003387,0.0011059653003387,0.0,-0.9723508674915324,1.201976912974355,2014-12-05,45.443,116.5,20.0,253.0,0.0,0.0,0.0,0.0,0.0,2014-12-05,14166.5,8985.0,11625.0,9302.5,8780.5,8023.0,42389.0,7903.5,21824.0,96.0,0.0985402167380722,-0.1280931586608436,2014-12-05,74.4000015258789,9.40000057220459,65.0,0.3,6.9,9.0,0.0,165.69627380371094,25.309999465942383,6.37999963760376,1.058000087738037,1.0399999618530271,1.25,-1.4299999475479126,2014-12-05,40.0,0.0,1.0,314.0,1.0,2014-12-05,45.443,116.5,20.0,2014-12-05,159.40001,2014-12-05,14166.5,8985.0,11625.0,9302.5,0.0985402167380722,-0.1280931586608436,2014-12-05
-28.735556,29.820556,12-08-2013,0.0011059653003387,0.0011059653003387,0.0,-0.9734568327918712,1.201976912974355,2013-12-08,35.397,106.2,10.0,253.0,0.0,0.0,0.0,0.0,0.0,2013-12-08,12229.5,9216.5,12357.0,10644.5,9407.0,8569.5,42539.5,8339.5,21824.0,96.0,-0.0051857726801293,-0.1455721139360783,2013-12-08,104.70000457763672,3.799999952316284,100.9000015258789,0.2,3.5,4.099999904632568,0.0,192.9006805419922,24.229999542236328,4.21999979019165,0.7950000166893005,1.1399999856948853,2.5899999141693115,-3.0399999618530273,2013-12-08,40.0,0.0,1.0,314.0,1.0,2013-12-08,35.397,106.2,10.0,2013-12-08,162.5,2013-12-08,12229.5,9216.5,12357.0,10644.5,-0.0051857726801293,-0.1455721139360783,2013-12-08
-28.7115,24.07288889,07-10-2014,0.0,0.0,0.0,-1.0,-1.0,2014-07-10,155.831,760.0,20.0,76.0,1.0,11.0,67.0,0.0,10.0,2014-07-10,14017.0,10364.5,13536.0,11791.0,10439.5,8696.5,46416.0,8033.0,21824.0,160.0,0.0174572641817587,-0.132695968703583,2014-07-10,211.3000030517578,9.40000057220459,201.90000915527344,0.5,9.9,0.2000000029802322,0.0,299.79840087890625,32.119998931884766,11.809999465942385,0.971000075340271,2.129999876022339,3.7300000190734863,-2.6499998569488525,2014-07-10,210.0,0.0,1.0,84.0,1.0,2014-07-10,155.831,760.0,20.0,2014-07-10,230.2,2014-07-10,14017.0,10364.5,13536.0,11791.0,0.0174572641817587,-0.132695968703583,2014-07-10
-28.7115,24.07288889,12-03-2014,0.0,0.0,0.0,-1.0,-1.0,2014-12-03,150.666,851.0,20.0,76.0,1.0,11.0,67.0,0.0,10.0,2014-12-03,14808.0,11024.5,14713.5,13786.5,11411.5,9032.5,36197.0,8175.5,22280.0,224.0,0.003201056856867,-0.1433289299867894,2014-12-03,166.1999969482422,31.80000114440918,134.40000915527344,1.7000000000000002,33.5,0.2000000029802322,0.0,235.59591674804688,30.809999465942383,14.479999542236328,1.3700001239776611,1.6899999380111694,2.990000009536743,-2.119999885559082,2014-12-03,210.0,0.0,1.0,84.0,1.0,2014-12-03,150.666,851.0,20.0,2014-12-03,216.3,2014-12-03,14808.0,11024.5,14713.5,13786.5,0.003201056856867,-0.1433289299867894,2014-12-03
-28.7115,24.07288889,12-05-2015,0.0,0.0,0.0,-1.0,-1.0,2015-12-05,152.201,672.0,32.0,76.0,1.0,11.0,67.0,0.0,10.0,2015-12-05,13521.5,9837.5,12716.5,11000.5,10080.5,8442.0,43211.0,7863.0,21824.0,160.0,0.0306806921259241,-0.1276491974815991,2015-12-05,95.8000030517578,2.200000047683716,93.5999984741211,0.1,2.3000000000000003,0.2000000029802322,0.0,177.90292358398438,27.10999870300293,6.87999963760376,0.9410000443458556,1.3600000143051147,2.059999942779541,-2.2899999618530273,2015-12-05,210.0,0.0,1.0,84.0,1.0,2015-12-05,152.201,672.0,32.0,2015-12-05,231.5,2015-12-05,13521.5,9837.5,12716.5,11000.5,0.0306806921259241,-0.1276491974815991,2015-12-05
-28.69485,28.23487,02-12-2014,0.7708794247787613,0.7708794247787613,0.0352599557522123,16.158946349557525,1535.9339740044247,2014-02-12,77.523,214.4,20.0,253.0,0.0,0.0,0.0,0.0,0.0,2014-02-12,15567.5,9107.5,12821.5,10658.0,9198.0,8284.5,46277.0,8069.5,21824.0,96.0,0.0967276057627951,-0.1693647681152803,2014-02-12,157.3000030517578,104.5,52.79999923706055,4.6000000000000005,91.8,10.100000381469728,0.0,275.6987609863281,26.35999870300293,13.079999923706056,1.3930000066757202,1.079999923706055,2.5399999618530273,-0.949999988079071,2014-02-12,120.0,0.0,1.0,320.0,1.0,2014-02-12,77.523,214.4,20.0,2014-02-12,163.3,2014-02-12,15567.5,9107.5,12821.5,10658.0,0.0967276057627951,-0.1693647681152803,2014-02-12
-28.69485,28.23487,04-11-2014,0.7708794247787613,0.7708794247787613,0.0352599557522123,16.158946349557525,1535.9339740044247,2014-04-11,53.381,147.1,20.0,253.0,0.0,0.0,0.0,0.0,0.0,2014-04-11,15313.5,9466.5,13724.5,11678.0,9595.0,8676.5,46109.0,8351.5,21824.0,96.0,0.054721399545423,-0.1836057091112924,2014-04-11,143.1999969482422,143.1999969482422,0.0,59.2,227.2,27.399999618530273,0.0,260.0006103515625,23.489999771118164,10.630000114440918,1.1480000019073486,0.949999988079071,3.0199999809265137,-1.7899999618530271,2014-04-11,120.0,0.0,1.0,320.0,1.0,2014-04-11,53.381,147.1,20.0,2014-04-11,163.3,2014-04-11,15313.5,9466.5,13724.5,11678.0,0.054721399545423,-0.1836057091112924,2014-04-11
-28.69485,28.23487,05-02-2014,0.7708794247787613,0.7708794247787613,0.0352599557522123,16.158946349557525,1535.9339740044247,2014-05-02,85.48,183.02,27.0,253.0,0.0,0.0,0.0,0.0,0.0,2014-05-02,15446.5,8997.0,12318.0,10039.5,8885.5,8079.5,45373.5,7880.0,21824.0,96.0,0.1126798609735449,-0.1558057705840949,2014-05-02,119.5999984741211,119.5999984741211,0.0,6.9,138.9,21.600000381469727,0.0,231.90223693847656,26.549999237060547,14.589999198913574,1.6350001096725464,0.9399999976158142,1.7799999713897705,-2.0199999809265137,2014-05-02,120.0,0.0,1.0,320.0,1.0,2014-05-02,85.48,183.02,27.0,2014-05-02,157.3,2014-05-02,15446.5,8997.0,12318.0,10039.5,0.1126798609735449,-0.1558057705840949,2014-05-02
-28.69485,28.23487,06-01-2015,0.7708794247787613,0.7708794247787613,0.0352599557522123,16.929825774336287,1535.9339740044247,2015-06-01,95.656,228.6,29.0,253.0,0.0,0.0,0.0,0.0,0.0,2015-06-01,18037.5,9513.5,13617.5,10741.5,9452.0,8335.0,44556.5,7992.0,21824.0,160.0,0.1396303901437367,-0.1774242358739346,2015-06-01,163.3000030517578,49.900001525878906,113.4000015258789,2.5,49.2,7.0,0.0,273.6027526855469,28.25,13.420000076293944,1.5010000467300415,1.1999999284744265,2.2799999713897705,-1.7899999618530271,2015-06-01,120.0,0.0,1.0,320.0,1.0,2015-06-01,95.656,228.6,29.0,2015-06-01,61.5,2015-06-01,18037.5,9513.5,13617.5,10741.5,0.1396303901437367,-0.1774242358739346,2015-06-01
-28.69485,28.23487,08-01-2014,0.7708794247787613,0.7708794247787613,0.0352599557522123,16.158946349557525,1535.9339740044247,2014-08-01,80.849,191.05,12.0,253.0,0.0,0.0,0.0,0.0,0.0,2014-08-01,15922.0,9002.5,12402.5,10188.5,9024.5,8142.0,46036.5,7914.5,21824.0,96.0,0.1242563858144005,-0.1588413921980838,2014-08-01,155.3000030517578,56.60000228881836,98.70000457763672,2.6,51.2,9.199999809265137,0.0,265.4999084472656,28.25,14.619999885559082,1.6360000371932983,1.1200000047683716,2.2200000286102295,-3.109999895095825,2014-08-01,120.0,0.0,1.0,320.0,1.0,2014-08-01,80.849,191.05,12.0,2014-08-01,87.3,2014-08-01,15922.0,9002.5,12402.5,10188.5,0.1242563858144005,-0.1588413921980838,2014-08-01
-28.69485,28.23487,08-05-2013,0.7708794247787613,0.7708794247787613,0.0352599557522123,15.388066924778766,1535.9339740044247,2013-08-05,144.753,308.1,19.0,253.0,0.0,0.0,0.0,0.0,0.0,2013-08-05,13538.0,8675.0,11578.5,10024.0,8801.5,8014.5,40665.5,7812.5,21824.0,96.0,0.0780164433738774,-0.1433579381341489,2013-08-05,73.9000015258789,0.699999988079071,73.20000457763672,0.0,0.0,3.799999952316284,0.0,160.30068969726562,20.670000076293945,1.9799998998641968,0.7940000295639038,0.7799999713897705,1.809999942779541,-3.759999990463257,2013-08-05,120.0,0.0,1.0,320.0,1.0,2013-08-05,144.753,308.1,19.0,2013-08-05,144.8,2013-08-05,13538.0,8675.0,11578.5,10024.0,0.0780164433738774,-0.1433579381341489,2013-08-05
-28.69485,28.23487,08-12-2015,0.7708794247787613,0.7708794247787613,0.0352599557522123,16.929825774336287,1535.9339740044247,2015-08-12,35.271,92.6,20.0,253.0,0.0,0.0,0.0,0.0,0.0,2015-08-12,14808.5,9460.0,13668.5,11605.0,9613.0,8500.5,47466.5,8189.0,21824.0,96.0,0.0400323067738875,-0.1819616490477109,2015-08-12,186.40000915527344,17.30000114440918,169.10000610351562,0.9,18.1,1.7000000476837158,0.0,310.1972351074219,29.459999084472656,14.170000076293944,1.537000060081482,1.3399999141693115,3.15999984741211,-4.589999675750732,2015-08-12,120.0,0.0,1.0,320.0,1.0,2015-08-12,35.271,92.6,20.0,2015-08-12,186.40001,2015-08-12,14808.5,9460.0,13668.5,11605.0,0.0400323067738875,-0.1819616490477109,2015-08-12
-28.69485,28.23487,09-09-2014,0.7708794247787613,0.7708794247787613,0.0352599557522123,16.158946349557525,1535.9339740044247,2014-09-09,104.53,219.7,20.0,253.0,0.0,0.0,0.0,0.0,0.0,2014-09-09,13150.0,9705.5,13729.0,12086.5,10124.0,8724.5,45014.5,8271.0,21824.0,160.0,-0.0215409799471705,-0.1716913098209897,2014-09-09,126.5,0.6000000238418579,125.9000015258789,0.0,0.3,2.9000000953674316,0.0,235.8020477294922,24.469999313354492,6.119999885559082,0.7450000643730164,1.2699999809265137,2.7100000381469727,-3.619999885559082,2014-09-09,120.0,0.0,1.0,320.0,1.0,2014-09-09,104.53,219.7,20.0,2014-09-09,163.3,2014-09-09,13150.0,9705.5,13729.0,12086.5,-0.0215409799471705,-0.1716913098209897,2014-09-09
-28.69485,28.23487,10-03-2015,0.7708794247787613,0.7708794247787613,0.0352599557522123,16.929825774336287,1535.9339740044247,2015-10-03,102.688,227.1,20.0,253.0,0.0,0.0,0.0,0.0,0.0,2015-10-03,14544.0,8948.5,11777.5,9813.0,8821.0,8073.5,43714.5,7912.0,21824.0,96.0,0.1051041923902509,-0.1364952233909093,2015-10-03,120.0999984741211,84.30000305175781,35.79999923706055,4.4,87.7,4.400000095367432,0.0,207.7001037597656,26.239999771118164,11.50999927520752,1.4110000133514404,0.9799999594688416,2.1499998569488525,-2.4700000286102295,2015-10-03,120.0,0.0,1.0,320.0,1.0,2015-10-03,102.688,227.1,20.0,2015-10-03,186.40001,2015-10-03,14544.0,8948.5,11777.5,9813.0,0.1051041923902509,-0.1364952233909093,2015-10-03
-28.69485,28.23487,10-07-2013,0.7708794247787613,0.7708794247787613,0.0352599557522123,15.388066924778766,1535.9339740044247,2013-10-07,194.637,413.0,18.0,253.0,0.0,0.0,0.0,0.0,0.0,2013-10-07,12284.5,9098.0,12471.0,10828.0,9418.5,8351.0,41044.0,8017.5,21824.0,160.0,-0.0075336793843791,-0.1563818443135975,2013-10-07,68.80000305175781,2.1000001430511475,66.70000457763672,0.1,1.9,2.9000000953674316,0.0,158.2982177734375,17.3799991607666,-0.1599999964237213,0.6180000305175781,0.6800000071525574,2.4600000381469727,-3.849999904632568,2013-10-07,120.0,0.0,1.0,320.0,1.0,2013-10-07,194.637,413.0,18.0,2013-10-07,155.3,2013-10-07,12284.5,9098.0,12471.0,10828.0,-0.0075336793843791,-0.1563818443135975,2013-10-07
-28.69485,28.23487,11-06-2014,0.7708794247787613,0.7708794247787613,0.0352599557522123,16.158946349557525,1535.9339740044247,2014-11-06,273.796,485.0,20.0,253.0,0.0,0.0,0.0,0.0,0.0,2014-11-06,12559.5,9043.0,12934.0,11212.5,9379.5,8321.0,39607.0,7977.5,21824.0,96.0,-0.0146900190244571,-0.1770487327660728,2014-11-06,67.80000305175781,1.0,66.80000305175781,0.0,0.0,4.400000095367432,0.0,153.50216674804688,17.03999900817871,-2.169999837875366,0.5560000538825989,0.6800000071525574,2.5399999618530273,-3.109999895095825,2014-11-06,120.0,0.0,1.0,320.0,1.0,2014-11-06,273.796,485.0,20.0,2014-11-06,157.3,2014-11-06,12559.5,9043.0,12934.0,11212.5,-0.0146900190244571,-0.1770487327660728,2014-11-06
-28.69485,28.23487,12-05-2015,0.7708794247787613,0.7708794247787613,0.0352599557522123,16.929825774336287,1535.9339740044247,2015-12-05,141.975,318.0,20.0,253.0,0.0,0.0,0.0,0.0,0.0,2015-12-05,12892.0,8728.5,11468.0,9622.0,8874.0,7977.0,41087.5,7820.0,21824.0,96.0,0.0584564860426927,-0.1356423142623715,2015-12-05,82.30000305175781,6.400000095367432,75.9000015258789,0.3,6.2,3.299999952316284,0.0,169.10067749023438,22.779998779296875,2.990000009536743,0.8890000581741333,0.8799999952316284,2.1499998569488525,-3.549999952316284,2015-12-05,120.0,0.0,1.0,320.0,1.0,2015-12-05,141.975,318.0,20.0,2015-12-05,186.40001,2015-12-05,12892.0,8728.5,11468.0,9622.0,0.0584564860426927,-0.1356423142623715,2015-12-05
-28.460833,21.248889,10-09-2014,0.5775282456505165,0.5775282456505165,0.0,16.325847369515493,1145.9710958619255,2014-10-09,126.822,412.0,20.0,253.0,0.0,0.0,0.0,0.0,0.0,2014-10-09,13761.0,9820.5,11886.5,10104.0,9746.5,8438.5,44244.5,7956.5,21824.0,224.0,0.0730870455210056,-0.0951766711199148,2014-10-09,154.3000030517578,4.0,150.3000030517578,0.2,4.2,0.0,0.0,251.79701232910156,28.349998474121097,8.760000228881836,0.6610000133514404,1.8399999141693115,2.8999998569488525,0.7199999690055847,2014-10-09,190.0,0.0,1.0,135.0,1.0,2014-10-09,126.822,412.0,20.0,2014-10-09,241.2,2014-10-09,13761.0,9820.5,11886.5,10104.0,0.0730870455210056,-0.0951766711199148,2014-10-09
-28.44555556,32.325,03-07-2014,0.0,0.0,0.0,-1.0,-1.0,2014-03-07,268.456,718.0,20.0,0.0,1.0,2.0,60.0,0.0,10.0,2014-03-07,18278.0,9629.0,13170.0,10574.5,9557.0,8477.5,42112.5,8185.0,21824.0,96.0,0.162426863393538,-0.1553138295539271,2014-03-07,76.70000457763672,42.29999923706055,34.400001525878906,2.0,40.0,14.800000190734863,0.0,148.80262756347656,24.53999900817871,12.670000076293944,1.53000009059906,0.75,2.75,-3.009999990463257,2014-03-07,11.0,0.0,1.0,268.0,1.0,2014-03-07,268.456,718.0,20.0,2014-03-07,140.7,2014-03-07,18278.0,9629.0,13170.0,10574.5,0.162426863393538,-0.1553138295539271,2014-03-07
-28.44555556,32.325,04-06-2014,0.0,0.0,0.0,-1.0,-1.0,2014-04-06,261.578,778.0,20.0,0.0,1.0,2.0,60.0,0.0,10.0,2014-04-06,19861.0,9704.5,13525.0,10321.5,9417.5,8423.0,43375.0,8118.0,21824.0,96.0,0.1897801473671593,-0.1644675950838366,2014-04-06,74.0,13.40000057220459,60.60000228881836,0.3,5.2,19.0,0.0,143.09719848632812,25.559999465942383,12.670000076293944,1.5810000896453855,0.7999999523162842,2.629999876022339,-2.8499999046325684,2014-04-06,11.0,0.0,1.0,268.0,1.0,2014-04-06,261.578,778.0,20.0,2014-04-06,140.7,2014-04-06,19861.0,9704.5,13525.0,10321.5,0.1897801473671593,-0.1644675950838366,2014-04-06
-28.44555556,32.325,04-06-2015,0.0,0.0,0.0,-1.0,-1.0,2015-04-06,262.369,1212.0,20.0,0.0,1.0,2.0,60.0,0.0,10.0,2015-04-06,18028.0,9642.5,13008.5,10395.0,9441.0,8353.0,42550.0,7997.5,21824.0,177.0,0.1617289320638597,-0.1486027106970988,2015-04-06,65.9000015258789,24.5,41.400001525878906,1.0,20.8,15.300000190734863,0.0,139.59689331054688,24.729999542236328,14.059999465942385,1.6250001192092896,0.75,1.96999990940094,-4.349999904632568,2015-04-06,11.0,0.0,1.0,268.0,1.0,2015-04-06,262.369,1212.0,20.0,2015-04-06,162.3,2015-04-06,18028.0,9642.5,13008.5,10395.0,0.1617289320638597,-0.1486027106970988,2015-04-06
-28.44555556,32.325,07-05-2014,0.0,0.0,0.0,-1.0,-1.0,2014-07-05,239.355,517.0,20.0,0.0,1.0,2.0,60.0,0.0,10.0,2014-07-05,19741.0,9472.5,12878.5,9961.0,9145.0,8308.5,43914.0,8034.0,21824.0,96.0,0.210380293995922,-0.1523869178112829,2014-07-05,86.9000015258789,51.0,35.900001525878906,0.2,4.0,27.5,0.0,153.29605102539062,27.279998779296875,16.059999465942383,1.912000060081482,0.8299999833106995,2.799999952316284,-2.109999895095825,2014-07-05,11.0,0.0,1.0,268.0,1.0,2014-07-05,239.355,517.0,20.0,2014-07-05,140.7,2014-07-05,19741.0,9472.5,12878.5,9961.0,0.210380293995922,-0.1523869178112829,2014-07-05
-28.44555556,32.325,07-05-2015,0.0,0.0,0.0,-1.0,-1.0,2015-07-05,187.922,496.0,32.0,0.0,1.0,2.0,60.0,0.0,10.0,2015-07-05,18028.0,9642.5,13008.5,10395.0,9441.0,8353.0,42550.0,7997.5,21824.0,177.0,0.1617289320638597,-0.1486027106970988,2015-07-05,84.5999984741211,21.200000762939453,63.400001525878906,0.6000000000000001,12.1,19.899999618530273,0.0,156.40264892578125,28.44999885559082,16.35999870300293,1.918000102043152,0.9699999690055848,2.059999942779541,-4.019999980926514,2015-07-05,11.0,0.0,1.0,268.0,1.0,2015-07-05,187.922,496.0,32.0,2015-07-05,162.3,2015-07-05,18028.0,9642.5,13008.5,10395.0,0.1617289320638597,-0.1486027106970988,2015-07-05
-28.44555556,32.325,09-04-2014,0.0,0.0,0.0,-1.0,-1.0,2014-09-04,115.434,360.5,20.0,0.0,1.0,2.0,60.0,0.0,10.0,2014-09-04,20760.0,9620.5,13106.0,9973.0,9295.5,8350.0,45894.0,8053.0,21824.0,96.0,0.2260083859918495,-0.1533672144852918,2014-09-04,97.0,97.0,0.0,18.5,115.5,74.80000305175781,0.0,179.399169921875,27.849998474121097,17.619998931884766,2.1410000324249268,0.75,2.4700000286102295,-1.559999942779541,2014-09-04,11.0,0.0,1.0,268.0,1.0,2014-09-04,115.434,360.5,20.0,2014-09-04,140.7,2014-09-04,20760.0,9620.5,13106.0,9973.0,0.2260083859918495,-0.1533672144852918,2014-09-04
-28.44555556,32.325,09-04-2015,0.0,0.0,0.0,-1.0,-1.0,2015-09-04,171.338,485.0,20.0,0.0,1.0,2.0,60.0,0.0,10.0,2015-09-04,18028.0,9642.5,13008.5,10395.0,9441.0,8353.0,42550.0,7997.5,21824.0,177.0,0.1617289320638597,-0.1486027106970988,2015-09-04,85.5999984741211,85.5999984741211,0.0,5.300000000000001,105.5,29.700000762939453,0.0,167.902587890625,27.01999855041504,18.219999313354492,2.2330000400543213,0.6100000143051147,1.659999966621399,-3.5399999618530273,2015-09-04,11.0,0.0,1.0,268.0,1.0,2015-09-04,171.338,485.0,20.0,2015-09-04,162.3,2015-09-04,18028.0,9642.5,13008.5,10395.0,0.1617289320638597,-0.1486027106970988,2015-09-04
-28.44555556,32.325,11-03-2015,0.0,0.0,0.0,-1.0,-1.0,2015-11-03,156.135,445.0,20.0,0.0,1.0,2.0,60.0,0.0,10.0,2015-11-03,18028.0,9642.5,13008.5,10395.0,9441.0,8353.0,42550.0,7997.5,21824.0,177.0,0.1617289320638597,-0.1486027106970988,2015-11-03,130.1999969482422,68.5999984741211,61.60000228881836,3.4000000000000004,67.5,15.0,0.0,224.8970642089844,30.549999237060547,20.59000015258789,2.5250000953674316,0.8899999856948853,2.3999998569488525,-3.649999856948853,2015-11-03,11.0,0.0,1.0,268.0,1.0,2015-11-03,156.135,445.0,20.0,2015-11-03,162.3,2015-11-03,18028.0,9642.5,13008.5,10395.0,0.1617289320638597,-0.1486027106970988,2015-11-03
-28.44555556,32.325,12-03-2014,0.0,0.0,0.0,-1.0,-1.0,2014-12-03,92.126,322.32,10.0,0.0,1.0,2.0,60.0,0.0,10.0,2014-12-03,20760.0,9620.5,13106.0,9973.0,9295.5,8350.0,45894.0,8053.0,21824.0,96.0,0.2260083859918495,-0.1533672144852918,2014-12-03,112.8000030517578,112.8000030517578,0.0,66.7,246.8,74.80000305175781,0.0,189.400146484375,28.68000030517578,21.03999900817871,2.505000114440918,0.7199999690055847,2.6499998569488525,-1.6200000047683716,2014-12-03,11.0,0.0,1.0,268.0,1.0,2014-12-03,92.126,322.32,10.0,2014-12-03,140.7,2014-12-03,20760.0,9620.5,13106.0,9973.0,0.2260083859918495,-0.1533672144852918,2014-12-03
-28.404444,30.013056,02-11-2014,0.0,0.0,0.0,-1.0,-1.0,2014-02-11,76.135,250.6,20.0,253.0,0.0,0.0,0.0,0.0,0.0,2014-02-11,14954.5,10377.5,17596.5,15824.0,10900.5,9497.0,48138.5,9254.5,21824.0,96.0,-0.0811649411692418,-0.258061056695502,2014-02-11,144.10000610351562,144.10000610351562,0.0,56.2,242.2,46.400001525878906,0.0,257.0984191894531,26.75,12.899999618530272,1.5150001049041748,1.0,2.679999828338623,2.8499999046325684,2014-02-11,130.0,1.0,1.0,327.0,1.0,2014-02-11,76.135,250.6,20.0,2014-02-11,165.0,2014-02-11,14954.5,10377.5,17596.5,15824.0,-0.0811649411692418,-0.258061056695502,2014-02-11
-28.404444,30.013056,07-10-2015,0.0,0.0,0.0,-1.0,-1.0,2015-07-10,64.952,232.5,20.0,253.0,0.0,0.0,0.0,0.0,0.0,2015-07-10,13696.0,10187.0,17778.5,15153.5,10887.5,9477.5,48263.5,9209.5,21824.0,96.0,-0.1297081764603087,-0.2714594768554101,2015-07-10,155.1999969482422,24.100000381469727,131.10000610351562,1.3,25.1,3.4000000953674316,0.0,261.5975036621094,30.059999465942383,12.799999237060549,1.4660000801086426,1.409999966621399,2.369999885559082,-2.7799999713897705,2015-07-10,130.0,1.0,1.0,327.0,1.0,2015-07-10,64.952,232.5,20.0,2015-07-10,181.5,2015-07-10,13696.0,10187.0,17778.5,15153.5,-0.1297081764603087,-0.2714594768554101,2015-07-10
-28.404444,30.013056,08-01-2014,0.0,0.0,0.0,-1.0,-1.0,2014-08-01,44.491,109.9,11.0,253.0,0.0,0.0,0.0,0.0,0.0,2014-08-01,16087.0,10076.0,16615.5,12893.5,9916.0,8967.5,48181.5,8718.5,21824.0,96.0,-0.0161608439721733,-0.2450030908716249,2014-08-01,163.6999969482422,62.20000076293945,101.5,3.0,60.5,11.300000190734863,0.0,282.40179443359375,30.35999870300293,16.989999771118164,1.9600000381469729,1.1899999380111694,1.919999957084656,-2.8899998664855957,2014-08-01,130.0,1.0,1.0,327.0,1.0,2014-08-01,44.491,109.9,11.0,2014-08-01,100.200005,2014-08-01,16087.0,10076.0,16615.5,12893.5,-0.0161608439721733,-0.2450030908716249,2014-08-01
-28.404444,30.013056,10-04-2013,0.0,0.0,0.0,-1.0,-1.0,2013-10-04,24.408,89.8,12.0,253.0,0.0,0.0,0.0,0.0,0.0,2013-10-04,14053.5,9036.0,12698.5,10256.5,9279.0,8176.5,41815.5,7869.0,21824.0,96.0,0.0506504186602869,-0.1685108928201699,2013-10-04,101.4000015258789,38.70000076293945,62.70000076293945,2.0,39.1,7.200000286102295,0.0,185.00299072265625,26.489999771118164,9.289999961853027,1.340000033378601,0.9899999499320984,2.069999933242798,-2.309999942779541,2013-10-04,130.0,1.0,1.0,327.0,1.0,2013-10-04,24.408,89.8,12.0,2013-10-04,144.7,2013-10-04,14053.5,9036.0,12698.5,10256.5,0.0506504186602869,-0.1685108928201699,2013-10-04
-28.404444,30.013056,10-12-2014,0.0,0.0,0.0,-1.0,-1.0,2014-10-12,87.148,239.6,20.0,253.0,0.0,0.0,0.0,0.0,0.0,2014-10-12,16258.0,10645.5,17880.5,15513.0,11018.5,9562.5,49154.0,9261.5,21824.0,96.0,-0.0475269856613499,-0.2536282689476258,2014-10-12,160.8000030517578,134.40000915527344,26.399999618530273,5.5,110.6,17.100000381469727,0.0,270.3973388671875,29.11999893188477,15.559999465942385,1.7330000400543213,1.1799999475479126,2.4800000190734863,3.609999895095825,2014-10-12,130.0,1.0,1.0,327.0,1.0,2014-10-12,87.148,239.6,20.0,2014-10-12,165.0,2014-10-12,16258.0,10645.5,17880.5,15513.0,-0.0475269856613499,-0.2536282689476258,2014-10-12
-28.404444,30.013056,12-03-2013,0.0,0.0,0.0,-1.0,-1.0,2013-12-03,45.766,155.5,10.0,253.0,0.0,0.0,0.0,0.0,0.0,2013-12-03,14053.5,9036.0,12698.5,10256.5,9279.0,8176.5,41815.5,7869.0,21824.0,96.0,0.0506504186602869,-0.1685108928201699,2013-12-03,126.5999984741211,36.10000228881836,90.5,1.8,35.5,8.699999809265137,0.0,215.2961578369141,29.420000076293945,14.149999618530272,1.7660000324249268,1.100000023841858,1.8899999856948853,-2.2899999618530273,2013-12-03,130.0,1.0,1.0,327.0,1.0,2013-12-03,45.766,155.5,10.0,2013-12-03,144.7,2013-12-03,14053.5,9036.0,12698.5,10256.5,0.0506504186602869,-0.1685108928201699,2013-12-03
-28.404444,30.013056,12-08-2015,0.0,0.0,0.0,-1.0,-1.0,2015-12-08,53.119,376.0,20.0,253.0,0.0,0.0,0.0,0.0,0.0,2015-12-08,13090.0,9845.5,16901.5,14224.5,10703.5,9190.0,42995.0,8931.0,21824.0,96.0,-0.1270860077021818,-0.2638052865741943,2015-12-08,97.3000030517578,18.30000114440918,79.0,0.9,18.8,4.0,0.0,193.9995880126953,24.299999237060547,4.599999904632568,0.812000036239624,1.1399999856948853,2.069999933242798,-1.7599999904632568,2015-12-08,130.0,1.0,1.0,327.0,1.0,2015-12-08,53.119,376.0,20.0,2015-12-08,181.5,2015-12-08,13090.0,9845.5,16901.5,14224.5,-0.1270860077021818,-0.2638052865741943,2015-12-08
-28.376944,24.303056,01-01-2015,0.0,0.0,0.0,-1.0,-1.0,2015-01-01,220.81,1413.0,20.0,253.0,0.0,0.0,0.0,0.0,0.0,2015-01-01,15034.0,10576.5,15592.0,13417.5,10708.0,9258.5,49533.5,8669.0,21824.0,160.0,-0.0182198132305883,-0.191661730706765,2015-01-01,225.6000061035156,34.0,191.6000061035156,1.8,35.7,0.2000000029802322,0.0,308.1026306152344,35.70000076293945,18.100000381469727,1.5000001192092896,2.4800000190734863,2.929999828338623,-1.6699999570846558,2015-01-01,130.0,0.0,1.0,295.0,1.0,2015-01-01,220.81,1413.0,20.0,2015-01-01,225.6,2015-01-01,15034.0,10576.5,15592.0,13417.5,-0.0182198132305883,-0.191661730706765,2015-01-01
-28.376944,24.303056,04-07-2013,0.0,0.0,0.0,-1.0,-1.0,2013-04-07,231.84,1428.0,17.0,253.0,0.0,0.0,0.0,0.0,0.0,2013-04-07,13073.0,10007.5,13789.0,11712.5,10624.0,8778.0,41067.5,8107.5,21824.0,224.0,-0.0266547539274811,-0.1589099237282787,2013-04-07,82.30000305175781,6.300000190734863,76.0,0.3,6.7,0.2000000029802322,0.0,166.39614868164062,22.26999855041504,1.829999923706055,0.6450000405311584,1.0499999523162842,2.3299999237060547,-3.009999990463257,2013-04-07,130.0,0.0,1.0,295.0,1.0,2013-04-07,231.84,1428.0,17.0,2013-04-07,200.90001,2013-04-07,13073.0,10007.5,13789.0,11712.5,-0.0266547539274811,-0.1589099237282787,2013-04-07
-28.376944,24.303056,04-12-2014,0.0,0.0,0.0,-1.0,-1.0,2014-04-12,126.102,813.0,20.0,253.0,0.0,0.0,0.0,0.0,0.0,2014-04-12,15293.0,10709.5,15628.5,13592.0,10789.0,9147.0,48608.0,8521.5,21824.0,160.0,-0.0108500557864268,-0.1867643708709842,2014-04-12,212.6999969482422,33.400001525878906,179.3000030517578,1.8,35.2,0.2000000029802322,0.0,314.1031799316406,33.57999801635742,17.10999870300293,1.3450000286102295,2.25,2.740000009536743,-1.1699999570846558,2014-04-12,130.0,0.0,1.0,295.0,1.0,2014-04-12,126.102,813.0,20.0,2014-04-12,225.6,2014-04-12,15293.0,10709.5,15628.5,13592.0,-0.0108500557864268,-0.1867643708709842,2014-04-12
-28.376944,24.303056,05-06-2014,0.0,0.0,0.0,-1.0,-1.0,2014-05-06,206.436,1227.0,20.0,253.0,0.0,0.0,0.0,0.0,0.0,2014-05-06,12400.0,9906.0,13465.5,12163.5,10334.5,8870.0,40226.0,8334.5,21824.0,96.0,-0.0411938682801413,-0.1523008792760407,2014-05-06,76.9000015258789,0.6000000238418579,76.30000305175781,0.0,0.7000000000000001,0.2000000029802322,0.0,156.29718017578125,20.899999618530273,1.0299999713897705,0.6450000405311584,0.9300000071525574,2.3399999141693115,-2.509999990463257,2014-05-06,130.0,0.0,1.0,295.0,1.0,2014-05-06,206.436,1227.0,20.0,2014-05-06,212.7,2014-05-06,12400.0,9906.0,13465.5,12163.5,-0.0411938682801413,-0.1523008792760407,2014-05-06
-28.376944,24.303056,07-11-2013,0.0,0.0,0.0,-1.0,-1.0,2013-07-11,249.045,1297.0,10.0,253.0,0.0,0.0,0.0,0.0,0.0,2013-07-11,14895.5,11108.0,17454.5,14907.5,12018.5,9456.5,50659.5,8832.5,21824.0,160.0,-0.0791035548686241,-0.2221969365426688,2013-07-11,230.1000061035156,20.0,210.1000061035156,1.1,21.0,0.2000000029802322,0.0,326.0,33.98999786376953,13.90999984741211,1.1220000982284546,2.3499999046325684,3.809999942779541,-3.740000009536743,2013-07-11,130.0,0.0,1.0,295.0,1.0,2013-07-11,249.045,1297.0,10.0,2013-07-11,214.8,2013-07-11,14895.5,11108.0,17454.5,14907.5,-0.0791035548686241,-0.2221969365426688,2013-07-11
-28.376944,24.303056,09-10-2014,0.0,0.0,0.0,-1.0,-1.0,2014-09-10,206.721,1504.0,20.0,253.0,0.0,0.0,0.0,0.0,0.0,2014-09-10,14277.0,10806.0,16422.5,14297.0,11265.0,9447.0,48119.5,8671.0,21824.0,160.0,-0.0698871317122426,-0.2062728391207734,2014-09-10,214.6000061035156,9.199999809265137,205.40000915527344,0.5,9.7,0.2000000029802322,0.0,301.999755859375,32.459999084472656,11.639999389648438,0.9860000610351562,2.1499998569488525,3.799999952316284,-2.9600000381469727,2014-09-10,130.0,0.0,1.0,295.0,1.0,2014-09-10,206.721,1504.0,20.0,2014-09-10,225.6,2014-09-10,14277.0,10806.0,16422.5,14297.0,-0.0698871317122426,-0.2062728391207734,2014-09-10
-28.376944,24.303056,11-09-2014,0.0,0.0,0.0,-1.0,-1.0,2014-11-09,206.528,1442.0,20.0,253.0,0.0,0.0,0.0,0.0,0.0,2014-11-09,13072.5,10570.5,15684.5,13778.0,11193.5,9256.5,46413.5,8648.5,21824.0,224.0,-0.0908300587682995,-0.1947819462959429,2014-11-09,153.5,3.4000000953674316,150.10000610351562,0.2,3.5,0.2000000029802322,0.0,249.1009521484375,29.849998474121097,7.109999656677246,0.7400000095367432,1.8799999952316284,2.859999895095825,-2.4600000381469727,2014-11-09,130.0,0.0,1.0,295.0,1.0,2014-11-09,206.528,1442.0,20.0,2014-11-09,225.6,2014-11-09,13072.5,10570.5,15684.5,13778.0,-0.0908300587682995,-0.1947819462959429,2014-11-09
-28.376944,24.303056,12-02-2015,0.0,0.0,0.0,-1.0,-1.0,2015-12-02,205.772,1405.0,20.0,253.0,0.0,0.0,0.0,0.0,0.0,2015-12-02,14600.5,10461.0,15249.0,13276.0,10761.0,9072.0,48195.0,8509.5,21824.0,160.0,-0.0217256570461816,-0.186231038506417,2015-12-02,191.3000030517578,63.5,127.8000030517578,3.3000000000000003,66.8,0.2000000029802322,0.0,315.1036682128906,33.90999984741211,15.549999237060549,1.4870001077651978,2.059999942779541,2.879999876022339,-1.8799999952316284,2015-12-02,130.0,0.0,1.0,295.0,1.0,2015-12-02,205.772,1405.0,20.0,2015-12-02,230.7,2015-12-02,14600.5,10461.0,15249.0,13276.0,-0.0217256570461816,-0.186231038506417,2015-12-02
-28.376944,24.303056,12-09-2013,0.0,0.0,0.0,-1.0,-1.0,2013-12-09,263.853,1428.0,17.0,253.0,0.0,0.0,0.0,0.0,0.0,2013-12-09,12608.5,10487.5,14761.5,13373.5,11133.0,9311.0,43285.0,8758.0,21824.0,160.0,-0.078662769455608,-0.1692740306546787,2013-12-09,148.1999969482422,0.0,148.1999969482422,0.0,0.0,0.2000000029802322,0.0,255.4013671875,26.979999542236328,5.5,0.6680000424385071,1.569999933242798,3.0399999618530273,-3.15999984741211,2013-12-09,130.0,0.0,1.0,295.0,1.0,2013-12-09,263.853,1428.0,17.0,2013-12-09,214.8,2013-12-09,12608.5,10487.5,14761.5,13373.5,-0.078662769455608,-0.1692740306546787,2013-12-09
-28.308889,31.9025,05-06-2014,0.0,0.0,0.0,-1.0,-1.0,2014-05-06,118.401,357.8,20.0,0.0,1.0,1.0,50.0,0.0,10.0,2014-05-06,14219.0,9472.5,13553.0,10907.5,9788.5,8558.0,44025.5,8170.5,21824.0,96.0,0.0239809880455133,-0.1772165642439896,2014-05-06,69.80000305175781,12.40000057220459,57.400001525878906,0.3,6.2,15.600000381469728,0.0,146.7001953125,25.459999084472656,10.829999923706056,1.3730000257492063,0.9099999666213988,1.8600000143051147,-2.3899998664855957,2014-05-06,40.0,0.0,1.0,270.0,1.0,2014-05-06,118.401,357.8,20.0,2014-05-06,150.3,2014-05-06,14219.0,9472.5,13553.0,10907.5,0.0239809880455133,-0.1772165642439896,2014-05-06
-28.308889,31.9025,08-04-2014,0.0,0.0,0.0,-1.0,-1.0,2014-08-04,70.145,235.6,20.0,0.0,1.0,1.0,50.0,0.0,10.0,2014-08-04,16429.0,9666.5,13502.5,10503.5,9456.5,8444.0,46680.5,8148.0,21824.0,160.0,0.0977732489183632,-0.1655660580948674,2014-08-04,96.20000457763672,84.80000305175781,11.40000057220459,3.4000000000000004,68.5,44.0,0.0,183.49685668945312,28.529998779296875,16.81999969482422,1.974000096321106,0.949999988079071,1.5499999523162842,-1.3899999856948853,2014-08-04,40.0,0.0,1.0,270.0,1.0,2014-08-04,70.145,235.6,20.0,2014-08-04,150.3,2014-08-04,16429.0,9666.5,13502.5,10503.5,0.0977732489183632,-0.1655660580948674,2014-08-04
-28.308889,31.9025,09-04-2015,0.0,0.0,0.0,-1.0,-1.0,2015-09-04,155.105,367.0,20.0,0.0,1.0,1.0,50.0,0.0,10.0,2015-09-04,16616.0,9368.0,13440.0,10679.0,9316.0,8422.0,45056.0,8256.5,21824.0,96.0,0.1056694170881018,-0.1785338477727105,2015-09-04,85.0999984741211,62.20000076293945,22.899999618530273,3.2,63.1,10.300000190734863,0.0,172.3037109375,27.61999893188477,17.420000076293945,2.063000202178955,0.7899999618530273,0.8899999856948853,-2.7200000286102295,2015-09-04,40.0,0.0,1.0,270.0,1.0,2015-09-04,155.105,367.0,20.0,2015-09-04,171.8,2015-09-04,16616.0,9368.0,13440.0,10679.0,0.1056694170881018,-0.1785338477727105,2015-09-04
-28.308889,31.9025,12-03-2015,0.0,0.0,0.0,-1.0,-1.0,2015-12-03,114.961,337.1,168.0,0.0,1.0,1.0,50.0,0.0,10.0,2015-12-03,16550.5,9930.5,14754.0,12006.0,10414.0,8881.0,48746.5,8632.5,21824.0,96.0,0.0573879154754107,-0.1954060240231716,2015-12-03,131.0,62.400001525878906,68.5999984741211,3.1,61.8,12.600000381469728,0.0,226.9020233154297,31.36999893188477,20.10999870300293,2.372000217437744,1.1200000047683716,1.649999976158142,-2.7300000190734863,2015-12-03,40.0,0.0,1.0,270.0,1.0,2015-12-03,114.961,337.1,168.0,2015-12-03,171.8,2015-12-03,16550.5,9930.5,14754.0,12006.0,0.0573879154754107,-0.1954060240231716,2015-12-03
-28.141944,26.417778,01-07-2015,0.0,0.0,0.0,-1.0,-1.0,2015-01-07,154.131,1154.0,20.0,253.0,0.0,0.0,0.0,0.0,0.0,2015-01-07,11981.5,9362.5,14261.0,12654.5,9923.5,8620.5,41058.5,8175.0,21824.0,160.0,-0.0868629132132987,-0.2073570808728587,2015-01-07,73.4000015258789,13.199999809265137,60.20000076293945,0.7000000000000001,13.9,0.5,0.0,157.5029296875,18.299999237060547,1.090000033378601,0.6630000472068787,0.7199999690055847,2.690000057220459,-2.190000057220459,2015-01-07,100.0,0.0,1.0,329.0,1.0,2015-01-07,154.131,1154.0,20.0,2015-01-07,220.40001,2015-01-07,11981.5,9362.5,14261.0,12654.5,-0.0868629132132987,-0.2073570808728587,2015-01-07
-28.141944,26.417778,01-09-2014,0.0,0.0,0.0,-1.0,-1.0,2014-01-09,202.032,1126.0,20.0,253.0,0.0,0.0,0.0,0.0,0.0,2014-01-09,13907.5,10434.5,17488.0,15229.5,11515.0,9232.0,44986.0,8618.0,21824.0,160.0,-0.1140450064499686,-0.2526099024084511,2014-01-09,145.1999969482422,0.9000000357627869,144.3000030517578,0.0,0.9,0.6000000238418579,0.0,253.19862365722656,27.86999893188477,6.659999847412109,0.7230000495910645,1.649999976158142,2.7799999713897705,-3.179999828338623,2014-01-09,100.0,0.0,1.0,329.0,1.0,2014-01-09,202.032,1126.0,20.0,2014-01-09,196.0,2014-01-09,13907.5,10434.5,17488.0,15229.5,-0.1140450064499686,-0.2526099024084511,2014-01-09
-28.141944,26.417778,03-06-2014,0.0,0.0,0.0,-1.0,-1.0,2014-03-06,205.389,981.0,40.0,253.0,0.0,0.0,0.0,0.0,0.0,2014-03-06,13937.5,9738.0,15905.5,13620.0,10564.0,8776.5,42651.0,8309.0,21824.0,96.0,-0.0659451127567601,-0.2405092908534317,2014-03-06,71.5,0.0,71.5,0.0,0.0,0.6000000238418579,0.0,157.096923828125,18.88999938964844,-1.3899999856948853,0.5830000042915344,0.7899999618530273,2.2899999618530273,-3.18999981880188,2014-03-06,100.0,0.0,1.0,329.0,1.0,2014-03-06,205.389,981.0,40.0,2014-03-06,191.90001,2014-03-06,13937.5,9738.0,15905.5,13620.0,-0.0659451127567601,-0.2405092908534317,2014-03-06
-28.141944,26.417778,03-09-2015,0.0,0.0,0.0,-1.0,-1.0,2015-03-09,191.128,470.0,20.0,253.0,0.0,0.0,0.0,0.0,0.0,2015-03-09,13145.0,10037.0,16643.5,14602.5,10832.0,9025.5,44192.0,8539.5,21824.0,96.0,-0.1174446514594554,-0.2476152995633506,2015-03-09,145.1999969482422,16.600000381469727,128.60000610351562,0.9,17.5,0.4000000059604645,0.0,238.80133056640625,26.34000015258789,7.87999963760376,0.7730000615119934,1.4800000190734863,3.419999837875366,-1.46999990940094,2015-03-09,100.0,0.0,1.0,329.0,1.0,2015-03-09,191.128,470.0,20.0,2015-03-09,220.40001,2015-03-09,13145.0,10037.0,16643.5,14602.5,-0.1174446514594554,-0.2476152995633506,2015-03-09
-28.141944,26.417778,04-11-2014,0.0,0.0,0.0,-1.0,-1.0,2014-04-11,127.838,292.6,112.0,253.0,0.0,0.0,0.0,0.0,0.0,2014-04-11,15347.5,10608.5,18169.5,15777.0,11337.0,9462.0,47218.5,8990.5,21824.0,96.0,-0.084196079601396,-0.2627354228924864,2014-04-11,174.5,153.6999969482422,20.80000114440918,8.1,161.8,0.5,0.0,274.0003356933594,27.34000015258789,12.59000015258789,1.128000020980835,1.4299999475479126,3.490000009536743,-1.649999976158142,2014-04-11,100.0,0.0,1.0,329.0,1.0,2014-04-11,127.838,292.6,112.0,2014-04-11,196.0,2014-04-11,15347.5,10608.5,18169.5,15777.0,-0.084196079601396,-0.2627354228924864,2014-04-11
-28.141944,26.417778,06-08-2015,0.0,0.0,0.0,-1.0,-1.0,2015-06-08,187.848,459.0,20.0,253.0,0.0,0.0,0.0,0.0,0.0,2015-06-08,12879.5,9976.5,16024.0,14413.5,10675.5,9220.0,42121.5,8745.0,21824.0,96.0,-0.1087930527444769,-0.232591680929212,2015-06-08,106.8000030517578,20.399999618530273,86.4000015258789,1.1,21.5,0.4000000059604645,0.0,201.0984344482422,22.0,0.6499999761581421,0.5330000519752502,1.1200000047683716,2.7100000381469727,-1.6399999856948853,2015-06-08,100.0,0.0,1.0,329.0,1.0,2015-06-08,187.848,459.0,20.0,2015-06-08,220.40001,2015-06-08,12879.5,9976.5,16024.0,14413.5,-0.1087930527444769,-0.232591680929212,2015-06-08
-28.141944,26.417778,08-09-2015,0.0,0.0,0.0,-1.0,-1.0,2015-08-09,174.957,434.0,20.0,253.0,0.0,0.0,0.0,0.0,0.0,2015-08-09,13148.0,10036.5,16657.5,14627.0,10844.5,9044.5,44189.0,8523.5,21824.0,113.0,-0.1177467245978087,-0.248033265902449,2015-08-09,145.1999969482422,16.600000381469727,128.60000610351562,0.9,17.5,0.4000000059604645,0.0,238.80133056640625,26.34000015258789,7.87999963760376,0.7730000615119934,1.4800000190734863,3.419999837875366,-1.46999990940094,2015-08-09,100.0,0.0,1.0,329.0,1.0,2015-08-09,174.957,434.0,20.0,2015-08-09,220.40001,2015-08-09,13148.0,10036.5,16657.5,14627.0,-0.1177467245978087,-0.248033265902449,2015-08-09
-28.141944,26.417778,09-06-2015,0.0,0.0,0.0,-1.0,-1.0,2015-09-06,192.87,458.0,20.0,253.0,0.0,0.0,0.0,0.0,0.0,2015-09-06,12750.0,9538.5,15521.5,13594.5,10266.5,8813.5,40400.0,8491.5,21824.0,96.0,-0.0980315865801245,-0.2387470071827604,2015-09-06,70.0,28.600000381469727,41.400001525878906,1.5,30.1,0.5,0.0,148.09756469726562,18.10999870300293,0.4399999976158142,0.6620000600814819,0.699999988079071,2.5399999618530273,-2.5799999237060547,2015-09-06,100.0,0.0,1.0,329.0,1.0,2015-09-06,192.87,458.0,20.0,2015-09-06,220.40001,2015-09-06,12750.0,9538.5,15521.5,13594.5,-0.0980315865801245,-0.2387470071827604,2015-09-06
-28.141944,26.417778,09-09-2014,0.0,0.0,0.0,-1.0,-1.0,2014-09-09,202.912,488.0,33.0,253.0,0.0,0.0,0.0,0.0,0.0,2014-09-09,13929.0,10402.5,17508.0,15235.5,11512.5,9189.0,44976.5,8547.0,21824.0,160.0,-0.1138467411012497,-0.2545816090718538,2014-09-09,145.1999969482422,0.9000000357627869,144.3000030517578,0.0,0.9,0.6000000238418579,0.0,253.19862365722656,27.86999893188477,6.659999847412109,0.7230000495910645,1.649999976158142,2.7799999713897705,-3.179999828338623,2014-09-09,100.0,0.0,1.0,329.0,1.0,2014-09-09,202.912,488.0,33.0,2014-09-09,196.0,2014-09-09,13929.0,10402.5,17508.0,15235.5,-0.1138467411012497,-0.2545816090718538,2014-09-09
-28.141944,26.417778,09-12-2013,0.0,0.0,0.0,-1.0,-1.0,2013-09-12,238.895,587.15,20.0,253.0,0.0,0.0,0.0,0.0,0.0,2013-09-12,30946.0,26725.5,31135.0,27149.5,27715.5,26023.0,41646.5,25438.0,22280.0,224.0,-0.0030444097227815,-0.0762091582340282,2013-09-12,180.10000610351562,110.5999984741211,69.5,5.800000000000001,116.4,0.699999988079071,0.0,278.30145263671875,29.459999084472656,15.34999942779541,1.4130001068115234,1.5299999713897705,2.7899999618530273,-2.700000047683716,2013-09-12,100.0,0.0,1.0,329.0,1.0,2013-09-12,238.895,587.15,20.0,2013-09-12,189.0,2013-09-12,30946.0,26725.5,31135.0,27149.5,-0.0030444097227815,-0.0762091582340282,2013-09-12
-28.141944,26.417778,10-03-2015,0.0,0.0,0.0,-1.0,-1.0,2015-10-03,151.02,350.0,167.0,253.0,0.0,0.0,0.0,0.0,0.0,2015-10-03,15993.5,9951.5,16205.5,13426.5,10346.5,8679.0,45802.5,8196.0,21824.0,96.0,-0.0065840554054473,-0.2390946974041356,2015-10-03,146.90000915527344,62.400001525878906,84.5,3.3000000000000003,65.7,0.5,0.0,231.59654235839844,29.35999870300293,14.019999504089355,1.4940000772476196,1.3600000143051147,2.6499998569488525,-2.7699999809265137,2015-10-03,100.0,0.0,1.0,329.0,1.0,2015-10-03,151.02,350.0,167.0,2015-10-03,220.40001,2015-10-03,15993.5,9951.5,16205.5,13426.5,-0.0065840554054473,-0.2390946974041356,2015-10-03
-28.141944,26.417778,10-11-2015,0.0,0.0,0.0,-1.0,-1.0,2015-10-11,210.889,525.0,20.0,253.0,0.0,0.0,0.0,0.0,0.0,2015-10-11,15030.5,10466.0,17905.5,15596.5,11323.0,9313.0,51295.5,8902.0,21824.0,96.0,-0.0872905027932958,-0.262217366018715,2015-10-11,212.6000061035156,21.200000762939453,191.40000915527344,1.1,22.3,0.4000000059604645,0.0,330.8009948730469,30.01999855041504,11.75,1.1150000095367432,1.709999918937683,4.049999713897705,-3.2100000381469727,2015-10-11,100.0,0.0,1.0,329.0,1.0,2015-10-11,210.889,525.0,20.0,2015-10-11,220.40001,2015-10-11,15030.5,10466.0,17905.5,15596.5,-0.0872905027932958,-0.262217366018715,2015-10-11
-28.141944,26.417778,11-03-2015,0.0,0.0,0.0,-1.0,-1.0,2015-11-03,140.021,623.0,24.0,253.0,0.0,0.0,0.0,0.0,0.0,2015-11-03,15993.5,9951.5,16205.5,13426.5,10346.5,8679.0,45802.5,8196.0,21824.0,96.0,-0.0065840554054473,-0.2390946974041356,2015-11-03,146.90000915527344,62.400001525878906,84.5,3.3000000000000003,65.7,0.5,0.0,231.59654235839844,29.35999870300293,14.019999504089355,1.4940000772476196,1.3600000143051147,2.6499998569488525,-2.7699999809265137,2015-11-03,100.0,0.0,1.0,329.0,1.0,2015-11-03,140.021,623.0,24.0,2015-11-03,220.40001,2015-11-03,15993.5,9951.5,16205.5,13426.5,-0.0065840554054473,-0.2390946974041356,2015-11-03
-28.141944,26.417778,11-11-2014,0.0,0.0,0.0,-1.0,-1.0,2014-11-11,163.779,920.0,32.0,253.0,0.0,0.0,0.0,0.0,0.0,2014-11-11,15364.5,10596.0,18187.5,15836.5,11342.0,9360.0,47201.0,8832.0,21824.0,160.0,-0.084138054363376,-0.2637448538225015,2014-11-11,174.5,153.6999969482422,20.80000114440918,8.1,161.8,0.5,0.0,274.0003356933594,27.34000015258789,12.59000015258789,1.128000020980835,1.4299999475479126,3.490000009536743,-1.649999976158142,2014-11-11,100.0,0.0,1.0,329.0,1.0,2014-11-11,163.779,920.0,32.0,2014-11-11,196.0,2014-11-11,15364.5,10596.0,18187.5,15836.5,-0.084138054363376,-0.2637448538225015,2014-11-11
-28.1175,26.719444,01-04-2014,0.0532173913043478,0.0532173913043478,0.0,0.5078260869565221,104.7784347826087,2014-01-04,170.7835,1184.0,20.0,253.0,0.0,0.0,0.0,0.0,0.0,2014-01-04,14919.5,9391.5,12876.5,10727.5,9498.0,8210.0,44301.5,7728.5,21824.0,160.0,0.0734997841416028,-0.1565026046344523,2014-01-04,106.5,21.30000114440918,85.20000457763672,1.1,22.4,0.6000000238418579,0.0,207.90155029296875,25.3799991607666,8.199999809265137,1.1019999980926514,1.069999933242798,1.9299999475479128,-3.0,2014-01-04,130.0,0.0,1.0,343.0,1.0,2014-01-04,170.7835,1184.0,20.0,2014-01-04,186.2,2014-01-04,14919.5,9391.5,12876.5,10727.5,0.0734997841416028,-0.1565026046344523,2014-01-04
-28.1175,26.719444,01-07-2014,0.0532173913043478,0.0532173913043478,0.0,0.5078260869565221,104.7784347826087,2014-01-07,203.017,1255.0,59.0,253.0,0.0,0.0,0.0,0.0,0.0,2014-01-07,13418.5,10094.5,14952.5,12274.5,11130.5,8692.5,41434.0,7716.5,21824.0,224.0,-0.054069296112227,-0.1939553639158374,2014-01-07,74.9000015258789,0.0,74.9000015258789,0.0,0.0,0.6000000238418579,0.0,172.30038452148438,18.709999084472656,-0.7799999713897705,0.5390000343322754,0.8299999833106995,2.240000009536743,-3.0899999141693115,2014-01-07,130.0,0.0,1.0,343.0,1.0,2014-01-07,203.017,1255.0,59.0,2014-01-07,186.2,2014-01-07,13418.5,10094.5,14952.5,12274.5,-0.054069296112227,-0.1939553639158374,2014-01-07
-28.1175,26.719444,03-06-2014,0.0532173913043478,0.0532173913043478,0.0,0.5078260869565221,104.7784347826087,2014-03-06,199.658,1218.0,20.0,253.0,0.0,0.0,0.0,0.0,0.0,2014-03-06,12941.0,9615.5,14068.0,11898.0,10308.0,8555.0,42226.0,7822.0,21824.0,130.0,-0.0417268317968083,-0.188000084446977,2014-03-06,73.0,0.0,73.0,0.0,0.0,0.6000000238418579,0.0,157.7977294921875,19.149999618530273,-0.6399999856948853,0.581000030040741,0.8199999928474426,2.319999933242798,-3.0999999046325684,2014-03-06,130.0,0.0,1.0,343.0,1.0,2014-03-06,199.658,1218.0,20.0,2014-03-06,186.2,2014-03-06,12941.0,9615.5,14068.0,11898.0,-0.0417268317968083,-0.188000084446977,2014-03-06
-28.1175,26.719444,06-08-2014,0.0532173913043478,0.0532173913043478,0.0,0.5078260869565221,104.7784347826087,2014-06-08,146.339,1217.0,20.0,253.0,0.0,0.0,0.0,0.0,0.0,2014-06-08,13846.5,10581.5,15429.5,12960.5,11680.5,8903.0,42397.5,8059.5,21824.0,224.0,-0.05407159448012,-0.1863826842489709,2014-06-08,104.8000030517578,8.40000057220459,96.4000015258789,0.4,8.8,0.6000000238418579,0.0,188.6993408203125,21.779998779296875,3.5799999237060547,0.6440000534057617,1.059999942779541,3.009999990463257,-2.869999885559082,2014-06-08,130.0,0.0,1.0,343.0,1.0,2014-06-08,146.339,1217.0,20.0,2014-06-08,191.5,2014-06-08,13846.5,10581.5,15429.5,12960.5,-0.05407159448012,-0.1863826842489709,2014-06-08
-28.1175,26.719444,09-06-2015,0.0532173913043478,0.0532173913043478,0.0,0.5610434782608699,104.7784347826087,2015-09-06,184.962,1387.0,65.0,253.0,0.0,0.0,0.0,0.0,0.0,2015-09-06,11953.0,9509.0,14325.0,12192.0,10011.0,8577.5,39960.0,8056.5,21824.0,96.0,-0.0902656214323765,-0.202064277922295,2015-09-06,71.5999984741211,28.100000381469727,43.5,1.5,29.6,0.5,0.0,148.30133056640625,18.350000381469727,1.1999999284744265,0.656000018119812,0.7400000095367432,2.5299999713897705,-2.609999895095825,2015-09-06,130.0,0.0,1.0,343.0,1.0,2015-09-06,184.962,1387.0,65.0,2015-09-06,216.3,2015-09-06,11953.0,9509.0,14325.0,12192.0,-0.0902656214323765,-0.202064277922295,2015-09-06
-28.1175,26.719444,09-09-2014,0.0532173913043478,0.0532173913043478,0.0,0.5078260869565221,104.7784347826087,2014-09-09,192.759,1215.0,20.0,253.0,0.0,0.0,0.0,0.0,0.0,2014-09-09,13742.0,10401.0,15597.5,13065.5,11568.0,8933.0,44286.0,8082.5,21824.0,209.0,-0.0632423865437377,-0.1998769159759209,2014-09-09,148.6999969482422,0.9000000357627869,147.8000030517578,0.0,1.0,0.6000000238418579,0.0,253.0996856689453,27.959999084472656,7.289999961853027,0.7380000352859497,1.6699999570846558,2.9600000381469727,-3.119999885559082,2014-09-09,130.0,0.0,1.0,343.0,1.0,2014-09-09,192.759,1215.0,20.0,2014-09-09,191.5,2014-09-09,13742.0,10401.0,15597.5,13065.5,-0.0632423865437377,-0.1998769159759209,2014-09-09
-28.1175,26.719444,09-12-2013,0.0532173913043478,0.0532173913043478,0.0,0.4546086956521741,104.7784347826087,2013-09-12,161.611,1310.83,10.0,253.0,0.0,0.0,0.0,0.0,0.0,2013-09-12,9542.0,7916.5,9047.0,8295.0,7720.0,7210.5,44619.0,6964.0,23888.0,224.0,0.0266286513529505,-0.0666430866271697,2013-09-12,175.0,114.0999984741211,60.900001525878906,6.0,120.1,0.699999988079071,0.0,273.3033142089844,29.03999900817871,15.630000114440918,1.4310001134872437,1.4800000190734863,2.65999984741211,-2.619999885559082,2013-09-12,130.0,0.0,1.0,343.0,1.0,2013-09-12,161.611,1310.83,10.0,2013-09-12,184.7,2013-09-12,9542.0,7916.5,9047.0,8295.0,0.0266286513529505,-0.0666430866271697,2013-09-12
-28.1175,26.719444,10-03-2015,0.0532173913043478,0.0532173913043478,0.0,0.5610434782608699,104.7784347826087,2015-10-03,150.803,1098.0,187.0,253.0,0.0,0.0,0.0,0.0,0.0,2015-10-03,14160.0,9627.5,13998.5,11588.0,9866.0,8335.5,45583.0,7762.0,21824.0,160.0,0.0057353907345916,-0.1850080419876399,2015-10-03,144.0,63.0,81.0,3.3000000000000003,66.3,0.5,0.0,228.00228881835935,29.149999618530273,14.34999942779541,1.4980000257492063,1.350000023841858,2.5399999618530273,-2.7799999713897705,2015-10-03,130.0,0.0,1.0,343.0,1.0,2015-10-03,150.803,1098.0,187.0,2015-10-03,216.3,2015-10-03,14160.0,9627.5,13998.5,11588.0,0.0057353907345916,-0.1850080419876399,2015-10-03
-28.1175,26.719444,10-11-2014,0.0532173913043478,0.0532173913043478,0.0,0.5078260869565221,104.7784347826087,2014-10-11,191.819,1344.0,33.0,253.0,0.0,0.0,0.0,0.0,0.0,2014-10-11,14292.5,10241.0,15373.0,13030.0,10743.0,8877.5,46694.5,8241.0,21824.0,160.0,-0.0364227806711498,-0.2003591785742164,2014-10-11,170.3000030517578,156.8000030517578,13.5,8.200000000000001,165.0,0.5,0.0,270.9002685546875,27.079999923706055,12.929999351501465,1.1510000228881836,1.399999976158142,3.319999933242798,-1.6399999856948853,2014-10-11,130.0,0.0,1.0,343.0,1.0,2014-10-11,191.819,1344.0,33.0,2014-10-11,191.5,2014-10-11,14292.5,10241.0,15373.0,13030.0,-0.0364227806711498,-0.2003591785742164,2014-10-11
-28.1175,26.719444,11-03-2015,0.0532173913043478,0.0532173913043478,0.0,0.5610434782608699,104.7784347826087,2015-11-03,218.393,1324.0,187.0,253.0,0.0,0.0,0.0,0.0,0.0,2015-11-03,14160.0,9627.5,13998.5,11588.0,9866.0,8335.5,45583.0,7762.0,21824.0,160.0,0.0057353907345916,-0.1850080419876399,2015-11-03,144.0,63.0,81.0,3.3000000000000003,66.3,0.5,0.0,228.00228881835935,29.149999618530273,14.34999942779541,1.4980000257492063,1.350000023841858,2.5399999618530273,-2.7799999713897705,2015-11-03,130.0,0.0,1.0,343.0,1.0,2015-11-03,218.393,1324.0,187.0,2015-11-03,216.3,2015-11-03,14160.0,9627.5,13998.5,11588.0,0.0057353907345916,-0.1850080419876399,2015-11-03
-28.1175,26.719444,12-03-2015,0.0532173913043478,0.0532173913043478,0.0,0.5610434782608699,104.7784347826087,2015-12-03,161.338,1080.0,187.0,253.0,0.0,0.0,0.0,0.0,0.0,2015-12-03,14160.0,9627.5,13998.5,11588.0,9866.0,8335.5,45583.0,7762.0,21824.0,160.0,0.0057353907345916,-0.1850080419876399,2015-12-03,144.0,63.0,81.0,3.3000000000000003,66.3,0.5,0.0,228.00228881835935,29.149999618530273,14.34999942779541,1.4980000257492063,1.350000023841858,2.5399999618530273,-2.7799999713897705,2015-12-03,130.0,0.0,1.0,343.0,1.0,2015-12-03,161.338,1080.0,187.0,2015-12-03,216.3,2015-12-03,14160.0,9627.5,13998.5,11588.0,0.0057353907345916,-0.1850080419876399,2015-12-03
-28.1175,26.719444,12-11-2015,0.0532173913043478,0.0532173913043478,0.0,0.5610434782608699,104.7784347826087,2015-12-11,230.248,1487.0,65.0,253.0,0.0,0.0,0.0,0.0,0.0,2015-12-11,15070.0,10621.5,17161.5,14577.0,11473.0,9246.5,50449.0,8590.0,21824.0,96.0,-0.0648899368630065,-0.2353957455998264,2015-12-11,207.90000915527344,22.5,185.40000915527344,1.2000000000000002,23.6,0.4000000059604645,0.0,328.6982421875,29.75,12.029999732971191,1.1440000534057615,1.659999966621399,3.879999876022339,-3.2899999618530273,2015-12-11,130.0,0.0,1.0,343.0,1.0,2015-12-11,230.248,1487.0,65.0,2015-12-11,216.3,2015-12-11,15070.0,10621.5,17161.5,14577.0,-0.0648899368630065,-0.2353957455998264,2015-12-11
-28.116667,26.725278,01-04-2014,0.0,0.0,0.0,-1.0,-1.0,2014-01-04,149.417,1349.0,20.0,253.0,0.0,0.0,0.0,0.0,0.0,2014-01-04,15745.5,9236.0,12760.5,10345.0,9064.0,8100.5,44320.0,7822.5,21824.0,96.0,0.1047147968848659,-0.1602300365967305,2014-01-04,106.5,21.30000114440918,85.20000457763672,1.1,22.4,0.6000000238418579,0.0,207.90155029296875,25.3799991607666,8.199999809265137,1.1019999980926514,1.069999933242798,1.9299999475479128,-3.0,2014-01-04,120.0,0.0,1.0,338.0,1.0,2014-01-04,149.417,1349.0,20.0,2014-01-04,186.2,2014-01-04,15745.5,9236.0,12760.5,10345.0,0.1047147968848659,-0.1602300365967305,2014-01-04
-28.116667,26.725278,01-09-2014,0.0,0.0,0.0,-1.0,-1.0,2014-01-09,171.469,1465.0,20.0,253.0,0.0,0.0,0.0,0.0,0.0,2014-01-09,13778.5,10376.0,16611.0,13969.0,11443.5,9049.5,44208.0,8337.5,21824.0,160.0,-0.0932065351519436,-0.2310371660429087,2014-01-09,148.6999969482422,0.9000000357627869,147.8000030517578,0.0,1.0,0.6000000238418579,0.0,253.0996856689453,27.959999084472656,7.289999961853027,0.7380000352859497,1.6699999570846558,2.9600000381469727,-3.119999885559082,2014-01-09,120.0,0.0,1.0,338.0,1.0,2014-01-09,171.469,1465.0,20.0,2014-01-09,191.5,2014-01-09,13778.5,10376.0,16611.0,13969.0,-0.0932065351519436,-0.2310371660429087,2014-01-09
-28.116667,26.725278,02-07-2014,0.0,0.0,0.0,-1.0,-1.0,2014-02-07,170.114,1264.0,20.0,253.0,0.0,0.0,0.0,0.0,0.0,2014-02-07,14016.5,10120.0,15793.0,12931.5,11157.0,8810.5,41633.5,8020.5,21824.0,224.0,-0.059595095523239,-0.2189248639678917,2014-02-07,74.9000015258789,0.0,74.9000015258789,0.0,0.0,0.6000000238418579,0.0,172.30038452148438,18.709999084472656,-0.7799999713897705,0.5390000343322754,0.8299999833106995,2.240000009536743,-3.0899999141693115,2014-02-07,120.0,0.0,1.0,338.0,1.0,2014-02-07,170.114,1264.0,20.0,2014-02-07,186.2,2014-02-07,14016.5,10120.0,15793.0,12931.5,-0.059595095523239,-0.2189248639678917,2014-02-07
-28.116667,26.725278,05-11-2014,0.0,0.0,0.0,-1.0,-1.0,2014-05-11,142.2485,1470.5,20.0,253.0,0.0,0.0,0.0,0.0,0.0,2014-05-11,15088.0,9923.0,14964.5,12650.0,10279.0,8592.0,46461.0,8078.0,21824.0,160.0,0.0041094750852674,-0.2025715720743337,2014-05-11,170.3000030517578,156.8000030517578,13.5,8.200000000000001,165.0,0.5,0.0,270.9002685546875,27.079999923706055,12.929999351501465,1.1510000228881836,1.399999976158142,3.319999933242798,-1.6399999856948853,2014-05-11,120.0,0.0,1.0,338.0,1.0,2014-05-11,142.2485,1470.5,20.0,2014-05-11,191.5,2014-05-11,15088.0,9923.0,14964.5,12650.0,0.0041094750852674,-0.2025715720743337,2014-05-11
-28.116667,26.725278,05-12-2013,0.0,0.0,0.0,-1.0,-1.0,2013-05-12,223.0,1455.0,10.0,253.0,0.0,0.0,0.0,0.0,0.0,2013-05-12,23005.0,18971.5,21302.0,18373.5,19450.5,18158.5,41339.5,17803.5,22280.0,177.0,0.0384363644570834,-0.0578668355121852,2013-05-12,175.0,114.0999984741211,60.900001525878906,6.0,120.1,0.699999988079071,0.0,273.3033142089844,29.03999900817871,15.630000114440918,1.4310001134872437,1.4800000190734863,2.65999984741211,-2.619999885559082,2013-05-12,120.0,0.0,1.0,338.0,1.0,2013-05-12,223.0,1455.0,10.0,2013-05-12,184.7,2013-05-12,23005.0,18971.5,21302.0,18373.5,0.0384363644570834,-0.0578668355121852,2013-05-12
-28.116667,26.725278,08-09-2015,0.0,0.0,0.0,-1.0,-1.0,2015-08-09,178.016,1428.0,20.0,253.0,0.0,0.0,0.0,0.0,0.0,2015-08-09,12806.5,9737.5,15602.0,13411.0,10477.0,8639.5,44516.0,8039.5,21824.0,160.0,-0.098403646795853,-0.2314370843939295,2015-08-09,147.1999969482422,18.399999618530273,128.8000030517578,1.0,19.3,0.4000000059604645,0.0,238.2960205078125,26.38999938964844,8.420000076293945,0.7780000567436218,1.5,3.5,-1.4900000095367432,2015-08-09,120.0,0.0,1.0,338.0,1.0,2015-08-09,178.016,1428.0,20.0,2015-08-09,216.3,2015-08-09,12806.5,9737.5,15602.0,13411.0,-0.098403646795853,-0.2314370843939295,2015-08-09
-28.116667,26.725278,08-10-2014,0.0,0.0,0.0,-1.0,-1.0,2014-08-10,243.0,1450.0,20.0,253.0,0.0,0.0,0.0,0.0,0.0,2014-08-10,15418.0,10521.0,16257.0,13484.0,11195.0,9109.0,47181.5,8392.5,21824.0,160.0,-0.026487766377269,-0.214205691239076,2014-08-10,190.1000061035156,11.0,179.10000610351562,0.6000000000000001,11.6,0.5,0.0,297.0033874511719,29.3799991607666,11.219999313354492,1.0540000200271606,1.6699999570846558,3.5299999713897705,-3.849999904632568,2014-08-10,120.0,0.0,1.0,338.0,1.0,2014-08-10,243.0,1450.0,20.0,2014-08-10,191.5,2014-08-10,15418.0,10521.0,16257.0,13484.0,-0.026487766377269,-0.214205691239076,2014-08-10
-28.116667,26.725278,09-06-2015,0.0,0.0,0.0,-1.0,-1.0,2015-09-06,155.153,1428.0,20.0,253.0,0.0,0.0,0.0,0.0,0.0,2015-09-06,12568.5,9432.0,14915.5,12731.0,10031.0,8444.5,40178.0,8018.0,21824.0,96.0,-0.0853951389899574,-0.2252181948865377,2015-09-06,71.5999984741211,28.100000381469727,43.5,1.5,29.6,0.5,0.0,148.30133056640625,18.350000381469727,1.1999999284744265,0.656000018119812,0.7400000095367432,2.5299999713897705,-2.609999895095825,2015-09-06,120.0,0.0,1.0,338.0,1.0,2015-09-06,155.153,1428.0,20.0,2015-09-06,216.3,2015-09-06,12568.5,9432.0,14915.5,12731.0,-0.0853951389899574,-0.2252181948865377,2015-09-06
-28.116667,26.725278,09-09-2014,0.0,0.0,0.0,-1.0,-1.0,2014-09-09,149.076,1465.0,20.0,253.0,0.0,0.0,0.0,0.0,0.0,2014-09-09,13790.0,10381.5,16621.0,13956.5,11464.5,9083.0,44306.0,8350.5,21824.0,160.0,-0.0930913156423659,-0.2310711971113777,2014-09-09,148.6999969482422,0.9000000357627869,147.8000030517578,0.0,1.0,0.6000000238418579,0.0,253.0996856689453,27.959999084472656,7.289999961853027,0.7380000352859497,1.6699999570846558,2.9600000381469727,-3.119999885559082,2014-09-09,120.0,0.0,1.0,338.0,1.0,2014-09-09,149.076,1465.0,20.0,2014-09-09,191.5,2014-09-09,13790.0,10381.5,16621.0,13956.5,-0.0930913156423659,-0.2310711971113777,2014-09-09
-28.116667,26.725278,09-12-2013,0.0,0.0,0.0,-1.0,-1.0,2013-09-12,196.369,1261.76,10.0,253.0,0.0,0.0,0.0,0.0,0.0,2013-09-12,23005.0,18971.5,21302.0,18373.5,19450.5,18158.5,41339.5,17803.5,22280.0,177.0,0.0384363644570834,-0.0578668355121852,2013-09-12,175.0,114.0999984741211,60.900001525878906,6.0,120.1,0.699999988079071,0.0,273.3033142089844,29.03999900817871,15.630000114440918,1.4310001134872437,1.4800000190734863,2.65999984741211,-2.619999885559082,2013-09-12,120.0,0.0,1.0,338.0,1.0,2013-09-12,196.369,1261.76,10.0,2013-09-12,184.7,2013-09-12,23005.0,18971.5,21302.0,18373.5,0.0384363644570834,-0.0578668355121852,2013-09-12
-28.116667,26.725278,10-03-2015,0.0,0.0,0.0,-1.0,-1.0,2015-10-03,136.588,1082.0,20.0,253.0,0.0,0.0,0.0,0.0,0.0,2015-10-03,14947.5,9340.5,13439.0,10838.0,9259.5,8117.0,45251.0,7746.0,21824.0,160.0,0.0531414580874709,-0.1799205425931202,2015-10-03,144.0,63.0,81.0,3.3000000000000003,66.3,0.5,0.0,228.00228881835935,29.149999618530273,14.34999942779541,1.4980000257492063,1.350000023841858,2.5399999618530273,-2.7799999713897705,2015-10-03,120.0,0.0,1.0,338.0,1.0,2015-10-03,136.588,1082.0,20.0,2015-10-03,216.3,2015-10-03,14947.5,9340.5,13439.0,10838.0,0.0531414580874709,-0.1799205425931202,2015-10-03
-28.116667,26.725278,10-05-2013,0.0,0.0,0.0,-1.0,-1.0,2013-10-05,189.0,1036.0,26.0,253.0,0.0,0.0,0.0,0.0,0.0,2013-10-05,14711.0,9546.5,14208.0,11694.0,9784.0,8393.5,42213.0,8030.0,21824.0,96.0,0.0173934091773573,-0.1962365025574093,2013-10-05,82.20000457763672,0.2000000029802322,82.0,0.0,0.1,0.9000000357627869,0.0,172.29940795898438,23.01999855041504,4.239999771118164,0.8010000586509705,1.0299999713897705,1.71999990940094,-3.899999856948853,2013-10-05,120.0,0.0,1.0,338.0,1.0,2013-10-05,189.0,1036.0,26.0,2013-10-05,175.0,2013-10-05,14711.0,9546.5,14208.0,11694.0,0.0173934091773573,-0.1962365025574093,2013-10-05
-28.116667,26.725278,10-11-2014,0.0,0.0,0.0,-1.0,-1.0,2014-10-11,124.315,1470.5,20.0,253.0,0.0,0.0,0.0,0.0,0.0,2014-10-11,15097.5,9954.5,14918.0,12588.0,10286.5,8700.5,46592.0,8213.5,21824.0,160.0,0.0059802435408372,-0.1995577444969336,2014-10-11,170.3000030517578,156.8000030517578,13.5,8.200000000000001,165.0,0.5,0.0,270.9002685546875,27.079999923706055,12.929999351501465,1.1510000228881836,1.399999976158142,3.319999933242798,-1.6399999856948853,2014-10-11,120.0,0.0,1.0,338.0,1.0,2014-10-11,124.315,1470.5,20.0,2014-10-11,191.5,2014-10-11,15097.5,9954.5,14918.0,12588.0,0.0059802435408372,-0.1995577444969336,2014-10-11
-28.116667,26.725278,10-11-2015,0.0,0.0,0.0,-1.0,-1.0,2015-10-11,190.554,1428.0,20.0,253.0,0.0,0.0,0.0,0.0,0.0,2015-10-11,15195.5,10161.5,15712.5,12895.0,10834.0,8817.5,50263.5,8282.5,21824.0,96.0,-0.0167270609550924,-0.2145396923552593,2015-10-11,207.90000915527344,22.5,185.40000915527344,1.2000000000000002,23.6,0.4000000059604645,0.0,328.6982421875,29.75,12.029999732971191,1.1440000534057615,1.659999966621399,3.879999876022339,-3.2899999618530273,2015-10-11,120.0,0.0,1.0,338.0,1.0,2015-10-11,190.554,1428.0,20.0,2015-10-11,216.3,2015-10-11,15195.5,10161.5,15712.5,12895.0,-0.0167270609550924,-0.2145396923552593,2015-10-11
-28.116667,26.725278,11-03-2015,0.0,0.0,0.0,-1.0,-1.0,2015-11-03,154.418,1082.0,20.0,253.0,0.0,0.0,0.0,0.0,0.0,2015-11-03,14947.5,9340.5,13439.0,10838.0,9259.5,8117.0,45251.0,7746.0,21824.0,160.0,0.0531414580874709,-0.1799205425931202,2015-11-03,144.0,63.0,81.0,3.3000000000000003,66.3,0.5,0.0,228.00228881835935,29.149999618530273,14.34999942779541,1.4980000257492063,1.350000023841858,2.5399999618530273,-2.7799999713897705,2015-11-03,120.0,0.0,1.0,338.0,1.0,2015-11-03,154.418,1082.0,20.0,2015-11-03,216.3,2015-11-03,14947.5,9340.5,13439.0,10838.0,0.0531414580874709,-0.1799205425931202,2015-11-03
-28.068333,31.55,01-10-2013,0.0,0.0,0.0,-1.0,-1.0,2013-01-10,68.579,210.6,11.0,253.0,0.0,0.0,0.0,0.0,0.0,2013-01-10,13629.0,9914.5,15724.5,13781.0,10561.0,8841.5,45485.0,8547.5,21824.0,224.0,-0.0713884204609328,-0.226607902024259,2013-01-10,139.5,73.0,66.5,3.8,76.3,5.5,0.0,232.5012664794922,28.979999542236328,15.0,1.7320001125335691,1.1299999952316284,2.4600000381469727,-2.75,2013-01-10,120.0,0.0,1.0,320.0,1.0,2013-01-10,68.579,210.6,11.0,2013-01-10,162.5,2013-01-10,13629.0,9914.5,15724.5,13781.0,-0.0713884204609328,-0.226607902024259,2013-01-10
-28.068333,31.55,02-06-2015,0.0,0.0,0.0,-1.0,-1.0,2015-02-06,90.031,237.1,22.0,253.0,0.0,0.0,0.0,0.0,0.0,2015-02-06,14544.0,9430.5,14627.0,12197.0,9953.0,8351.0,43484.0,8023.0,21824.0,160.0,-0.0028452915566829,-0.216003325366309,2015-02-06,62.60000228881836,7.700000286102295,54.900001525878906,0.3,6.9,7.800000190734863,0.0,149.70315551757812,24.51999855041504,10.869999885559082,1.2660000324249268,0.9300000071525574,1.2599999904632568,-1.8799999952316284,2015-02-06,120.0,0.0,1.0,320.0,1.0,2015-02-06,90.031,237.1,22.0,2015-02-06,176.1,2015-02-06,14544.0,9430.5,14627.0,12197.0,-0.0028452915566829,-0.216003325366309,2015-02-06
-28.068333,31.55,07-04-2015,0.0,0.0,0.0,-1.0,-1.0,2015-07-04,83.29,195.5,20.0,253.0,0.0,0.0,0.0,0.0,0.0,2015-07-04,15911.5,9414.0,14266.0,11848.5,9554.0,8353.0,44655.0,8150.5,21824.0,96.0,0.0545273796702839,-0.2048986486486478,2015-07-04,90.5,40.400001525878906,50.10000228881836,2.0,40.0,10.600000381469728,0.0,178.40008544921875,27.760000228881836,16.44999885559082,1.9230000972747805,0.8899999856948853,1.1399999856948853,0.5699999928474426,2015-07-04,120.0,0.0,1.0,320.0,1.0,2015-07-04,83.29,195.5,20.0,2015-07-04,176.1,2015-07-04,15911.5,9414.0,14266.0,11848.5,0.0545273796702839,-0.2048986486486478,2015-07-04
-28.068333,31.55,08-04-2014,0.0,0.0,0.0,-1.0,-1.0,2014-08-04,74.108,185.1,20.0,253.0,0.0,0.0,0.0,0.0,0.0,2014-08-04,17184.5,9311.5,13023.5,10241.5,8619.0,8014.5,45490.5,7812.0,21824.0,224.0,0.1377449682203385,-0.1661965524960816,2014-08-04,101.3000030517578,61.400001525878906,39.900001525878906,2.2,43.900000000000006,22.0,0.0,189.400146484375,28.649999618530273,15.81999969482422,1.8320001363754272,1.0399999618530271,1.6899999380111694,-0.7099999785423279,2014-08-04,120.0,0.0,1.0,320.0,1.0,2014-08-04,74.108,185.1,20.0,2014-08-04,154.90001,2014-08-04,17184.5,9311.5,13023.5,10241.5,0.1377449682203385,-0.1661965524960816,2014-08-04
-28.068333,31.55,09-07-2013,0.0,0.0,0.0,-1.0,-1.0,2013-09-07,67.281,238.7,10.0,253.0,0.0,0.0,0.0,0.0,0.0,2013-09-07,13807.0,9512.0,14340.5,12357.0,9931.0,8435.5,42499.0,8037.5,21824.0,224.0,-0.0189537259081622,-0.2024316109422484,2013-09-07,60.400001525878906,16.200000762939453,44.20000076293945,0.8,15.9,7.599999904632568,0.0,148.79856872558594,24.85999870300293,10.09999942779541,1.1740000247955322,1.0199999809265137,0.959999978542328,1.069999933242798,2013-09-07,120.0,0.0,1.0,320.0,1.0,2013-09-07,67.281,238.7,10.0,2013-09-07,162.5,2013-09-07,13807.0,9512.0,14340.5,12357.0,-0.0189537259081622,-0.2024316109422484,2013-09-07
-28.068333,31.55,10-03-2015,0.0,0.0,0.0,-1.0,-1.0,2015-10-03,63.96,192.3,20.0,253.0,0.0,0.0,0.0,0.0,0.0,2015-10-03,16233.5,9479.0,15098.0,12499.0,9963.5,8433.5,47833.5,8169.5,21824.0,96.0,0.0362414822143847,-0.2286283923993969,2015-10-03,131.40000915527344,45.60000228881836,85.80000305175781,2.2,44.0,12.90000057220459,0.0,229.5997314453125,31.59000015258789,19.399999618530273,2.2350001335144043,1.2300000190734863,1.4199999570846558,0.9199999570846558,2015-10-03,120.0,0.0,1.0,320.0,1.0,2015-10-03,63.96,192.3,20.0,2015-10-03,176.1,2015-10-03,16233.5,9479.0,15098.0,12499.0,0.0362414822143847,-0.2286283923993969,2015-10-03
-28.068333,31.55,11-06-2013,0.0,0.0,0.0,-1.0,-1.0,2013-11-06,68.792,231.2,10.0,253.0,0.0,0.0,0.0,0.0,0.0,2013-11-06,13795.5,9202.0,14146.0,12271.0,9666.5,8398.5,44855.5,8170.5,21824.0,96.0,-0.012544065279244,-0.2117526126434803,2013-11-06,62.60000228881836,2.6000001430511475,60.0,0.1,1.3,8.600000381469727,0.0,146.90023803710938,24.11999893188477,10.6899995803833,1.283000111579895,0.8700000047683716,1.459999918937683,1.2899999618530271,2013-11-06,120.0,0.0,1.0,320.0,1.0,2013-11-06,68.792,231.2,10.0,2013-11-06,140.8,2013-11-06,13795.5,9202.0,14146.0,12271.0,-0.012544065279244,-0.2117526126434803,2013-11-06
-28.058889,30.373611,03-06-2015,0.0,0.0,0.0,-1.0,-1.0,2015-03-06,94.136,204.9,20.0,253.0,0.0,0.0,0.0,0.0,0.0,2015-03-06,14104.0,9367.0,13729.5,11006.0,9551.0,8515.5,40901.5,8307.5,21824.0,96.0,0.0134550092514415,-0.188881432251639,2015-03-06,67.30000305175781,33.900001525878906,33.400001525878906,1.7000000000000002,34.7,6.300000190734863,0.0,155.09860229492188,20.299999237060547,3.4800000190734863,0.8330000638961792,0.7599999904632568,2.0399999618530273,-1.909999966621399,2015-03-06,130.0,0.0,1.0,316.0,1.0,2015-03-06,94.136,204.9,20.0,2015-03-06,176.40001,2015-03-06,14104.0,9367.0,13729.5,11006.0,0.0134550092514415,-0.188881432251639,2015-03-06
-28.058889,30.373611,07-10-2015,0.0,0.0,0.0,-1.0,-1.0,2015-07-10,140.965,510.0,56.0,253.0,0.0,0.0,0.0,0.0,0.0,2015-07-10,14368.0,9492.0,14243.5,11373.0,9646.5,8673.5,47142.0,8413.0,21824.0,96.0,0.0043513971654754,-0.2001853763350247,2015-07-10,157.0,34.60000228881836,122.4000015258789,1.8,36.0,4.200000286102295,0.0,265.19989013671875,29.67999839782715,12.75,1.4520000219345093,1.3799999952316284,2.5799999237060547,-2.5899999141693115,2015-07-10,130.0,0.0,1.0,316.0,1.0,2015-07-10,140.965,510.0,56.0,2015-07-10,176.40001,2015-07-10,14368.0,9492.0,14243.5,11373.0,0.0043513971654754,-0.2001853763350247,2015-07-10
-28.058889,30.373611,08-01-2014,0.0,0.0,0.0,-1.0,-1.0,2014-08-01,65.049,204.41,58.0,253.0,0.0,0.0,0.0,0.0,0.0,2014-08-01,16123.0,9540.5,12912.5,10117.0,9367.5,8533.0,47391.5,8219.0,21824.0,96.0,0.1105715417333949,-0.1501803767870656,2014-08-01,157.90000915527344,71.80000305175781,86.0999984741211,3.4000000000000004,67.4,14.600000381469728,0.0,285.5018615722656,28.68000030517578,15.75,1.9290001392364504,0.9399999976158142,2.0,-2.7699999809265137,2014-08-01,130.0,0.0,1.0,316.0,1.0,2014-08-01,65.049,204.41,58.0,2014-08-01,97.8,2014-08-01,16123.0,9540.5,12912.5,10117.0,0.1105715417333949,-0.1501803767870656,2014-08-01
-28.058889,30.373611,09-09-2015,0.0,0.0,0.0,-1.0,-1.0,2015-09-09,118.418,490.0,65.0,253.0,0.0,0.0,0.0,0.0,0.0,2015-09-09,13290.5,9706.5,14284.0,11556.5,9931.5,8533.5,44156.5,8039.0,21824.0,224.0,-0.036029665089122,-0.1908046935245193,2015-09-09,116.8000030517578,39.20000076293945,77.5999984741211,2.0,40.7,4.599999904632568,0.0,216.1029815673828,25.309999465942383,9.420000076293944,1.0509999990463257,1.159999966621399,2.419999837875366,-1.649999976158142,2015-09-09,130.0,0.0,1.0,316.0,1.0,2015-09-09,118.418,490.0,65.0,2015-09-09,176.40001,2015-09-09,13290.5,9706.5,14284.0,11556.5,-0.036029665089122,-0.1908046935245193,2015-09-09
-28.058889,30.373611,10-04-2013,0.0,0.0,0.0,-1.0,-1.0,2013-10-04,51.901,191.2,10.0,253.0,0.0,0.0,0.0,0.0,0.0,2013-10-04,14651.0,9340.5,12300.0,9825.0,9446.5,8289.0,43434.5,7984.5,21824.0,96.0,0.0872323846981556,-0.1367574686351972,2013-10-04,99.0,51.79999923706055,47.20000076293945,2.6,51.5,10.199999809265137,0.0,186.39669799804688,25.85999870300293,9.09999942779541,1.3320000171661377,0.9199999570846558,2.0399999618530273,0.6399999856948853,2013-10-04,130.0,0.0,1.0,316.0,1.0,2013-10-04,51.901,191.2,10.0,2013-10-04,139.90001,2013-10-04,14651.0,9340.5,12300.0,9825.0,0.0872323846981556,-0.1367574686351972,2013-10-04
-28.058889,30.373611,10-05-2015,0.0,0.0,0.0,-1.0,-1.0,2015-10-05,79.533,315.1,128.0,253.0,0.0,0.0,0.0,0.0,0.0,2015-10-05,14977.5,9576.5,13004.0,10393.0,9706.0,8647.5,42868.5,8167.5,21824.0,96.0,0.0705287422046707,-0.1517902615088233,2015-10-05,85.0,6.599999904632568,78.4000015258789,0.3,5.6000000000000005,7.200000286102295,0.0,172.00216674804688,25.8799991607666,6.799999713897705,1.0750000476837158,1.100000023841858,1.75,-2.669999837875366,2015-10-05,130.0,0.0,1.0,316.0,1.0,2015-10-05,79.533,315.1,128.0,2015-10-05,176.40001,2015-10-05,14977.5,9576.5,13004.0,10393.0,0.0705287422046707,-0.1517902615088233,2015-10-05
-28.058889,30.373611,10-12-2014,0.0,0.0,0.0,-1.0,-1.0,2014-10-12,109.765,398.0,147.0,253.0,0.0,0.0,0.0,0.0,0.0,2014-10-12,15512.0,9895.5,13735.5,11087.5,9782.5,8732.5,46554.5,8451.5,21824.0,96.0,0.0607402342080517,-0.1624984131014338,2014-10-12,155.6999969482422,151.5,4.200000286102295,7.6,151.8,45.400001525878906,0.0,272.499755859375,27.979999542236328,14.679999351501465,1.7190001010894775,1.0099999904632568,2.509999990463257,3.0,2014-10-12,130.0,0.0,1.0,316.0,1.0,2014-10-12,109.765,398.0,147.0,2014-10-12,159.1,2014-10-12,15512.0,9895.5,13735.5,11087.5,0.0607402342080517,-0.1624984131014338,2014-10-12
-28.058889,30.373611,12-08-2015,0.0,0.0,0.0,-1.0,-1.0,2015-12-08,114.022,422.0,76.0,253.0,0.0,0.0,0.0,0.0,0.0,2015-12-08,12769.0,9574.5,14537.0,12104.0,10107.0,8750.0,42431.0,8314.5,21824.0,128.0,-0.0647476745037718,-0.205814652759056,2015-12-08,95.9000015258789,15.5,80.4000015258789,0.8,15.7,5.0,0.0,195.99639892578125,23.709999084472656,4.819999694824219,0.8380000591278076,1.069999933242798,2.109999895095825,-1.7300000190734863,2015-12-08,130.0,0.0,1.0,316.0,1.0,2015-12-08,114.022,422.0,76.0,2015-12-08,176.40001,2015-12-08,12769.0,9574.5,14537.0,12104.0,-0.0647476745037718,-0.205814652759056,2015-12-08
-27.935,26.126667,01-04-2014,0.0,0.0,0.0,-1.0,-1.0,2014-01-04,122.43,468.0,68.0,253.0,0.0,0.0,0.0,0.0,0.0,2014-01-04,15295.5,9778.0,14832.0,12083.5,10050.5,8413.5,44288.5,7871.0,21824.0,160.0,0.0153846153846153,-0.2053636733035343,2014-01-04,112.9000015258789,23.0,89.9000015258789,1.2000000000000002,24.200000000000003,0.6000000238418579,0.0,211.6034698486328,26.299999237060547,7.440000057220459,1.1170001029968262,1.1200000047683716,2.25,-3.2699999809265137,2014-01-04,100.0,0.0,1.0,330.0,1.0,2014-01-04,122.43,468.0,68.0,2014-01-04,194.8,2014-01-04,15295.5,9778.0,14832.0,12083.5,0.0153846153846153,-0.2053636733035343,2014-01-04
-27.935,26.126667,01-07-2015,0.0,0.0,0.0,-1.0,-1.0,2015-01-07,169.55,1146.0,20.0,253.0,0.0,0.0,0.0,0.0,0.0,2015-01-07,12462.5,9843.5,15242.5,13375.0,10495.0,8719.0,41214.5,8178.0,21824.0,160.0,-0.1003428983937913,-0.2152196444231834,2015-01-07,81.30000305175781,10.5,70.80000305175781,0.6000000000000001,11.0,0.5,0.0,161.79808044433594,19.420000076293945,0.8399999737739563,0.6630000472068787,0.7899999618530273,3.059999942779541,-2.3399999141693115,2015-01-07,100.0,0.0,1.0,330.0,1.0,2015-01-07,169.55,1146.0,20.0,2015-01-07,222.8,2015-01-07,12462.5,9843.5,15242.5,13375.0,-0.1003428983937913,-0.2152196444231834,2015-01-07
-27.935,26.126667,01-09-2015,0.0,0.0,0.0,-1.0,-1.0,2015-01-09,170.756,1255.0,20.0,253.0,0.0,0.0,0.0,0.0,0.0,2015-01-09,12920.5,10181.5,16431.0,14434.0,11044.5,8992.5,43940.0,8384.0,21824.0,160.0,-0.1196020646304273,-0.234833255049318,2015-01-09,147.6999969482422,18.80000114440918,128.90000915527344,1.0,19.8,0.5,0.0,239.39630126953125,26.709999084472656,7.619999885559082,0.7690000534057617,1.5099999904632568,3.4700000286102295,-1.4299999475479126,2015-01-09,100.0,0.0,1.0,330.0,1.0,2015-01-09,170.756,1255.0,20.0,2015-01-09,222.8,2015-01-09,12920.5,10181.5,16431.0,14434.0,-0.1196020646304273,-0.234833255049318,2015-01-09
-27.935,26.126667,02-09-2014,0.0,0.0,0.0,-1.0,-1.0,2014-02-09,201.336,1100.0,150.0,253.0,0.0,0.0,0.0,0.0,0.0,2014-02-09,14367.5,10888.5,17734.5,15171.5,12184.0,9286.5,44353.0,8424.0,21824.0,209.0,-0.1048844308765805,-0.2391782831988253,2014-02-09,147.3000030517578,1.100000023841858,146.1999969482422,0.1,1.1,0.6000000238418579,0.0,255.10317993164065,28.189998626708984,6.37999963760376,0.7170000076293945,1.6799999475479126,2.799999952316284,-3.119999885559082,2014-02-09,100.0,0.0,1.0,330.0,1.0,2014-02-09,201.336,1100.0,150.0,2014-02-09,197.0,2014-02-09,14367.5,10888.5,17734.5,15171.5,-0.1048844308765805,-0.2391782831988253,2014-02-09
-27.935,26.126667,03-06-2014,0.0,0.0,0.0,-1.0,-1.0,2014-03-06,210.58,1015.0,43.0,253.0,0.0,0.0,0.0,0.0,0.0,2014-03-06,13298.0,10079.0,16043.0,13685.5,10936.0,8836.5,42474.0,8260.0,21824.0,96.0,-0.0935550935550932,-0.228313299134828,2014-03-06,72.80000305175781,0.0,72.80000305175781,0.0,0.0,0.6000000238418579,0.0,159.49615478515625,19.439998626708984,-2.009999990463257,0.5990000367164612,0.7999999523162842,2.309999942779541,-3.25,2014-03-06,100.0,0.0,1.0,330.0,1.0,2014-03-06,210.58,1015.0,43.0,2014-03-06,194.8,2014-03-06,13298.0,10079.0,16043.0,13685.5,-0.0935550935550932,-0.228313299134828,2014-03-06
-27.935,26.126667,03-09-2015,0.0,0.0,0.0,-1.0,-1.0,2015-03-09,182.833,1285.0,20.0,253.0,0.0,0.0,0.0,0.0,0.0,2015-03-09,12920.5,10181.5,16431.0,14434.0,11044.5,8992.5,43940.0,8384.0,21824.0,160.0,-0.1196020646304273,-0.234833255049318,2015-03-09,147.6999969482422,18.80000114440918,128.90000915527344,1.0,19.8,0.5,0.0,239.39630126953125,26.709999084472656,7.619999885559082,0.7690000534057617,1.5099999904632568,3.4700000286102295,-1.4299999475479126,2015-03-09,100.0,0.0,1.0,330.0,1.0,2015-03-09,182.833,1285.0,20.0,2015-03-09,222.8,2015-03-09,12920.5,10181.5,16431.0,14434.0,-0.1196020646304273,-0.234833255049318,2015-03-09
-27.935,26.126667,05-08-2015,0.0,0.0,0.0,-1.0,-1.0,2015-05-08,201.392,1313.0,42.0,253.0,0.0,0.0,0.0,0.0,0.0,2015-05-08,12774.5,10130.0,16031.0,14240.5,11024.0,8963.5,41930.5,8413.0,21824.0,160.0,-0.1130513270035232,-0.2255647719888375,2015-05-08,108.0999984741211,23.0,85.0999984741211,1.2000000000000002,24.200000000000003,0.5,0.0,203.39678955078125,22.5,0.1899999976158142,0.5380000472068787,1.1399999856948853,2.65999984741211,-1.6699999570846558,2015-05-08,100.0,0.0,1.0,330.0,1.0,2015-05-08,201.392,1313.0,42.0,2015-05-08,222.8,2015-05-08,12774.5,10130.0,16031.0,14240.5,-0.1130513270035232,-0.2255647719888375,2015-05-08
-27.935,26.126667,06-08-2014,0.0,0.0,0.0,-1.0,-1.0,2014-06-08,108.906,1195.0,112.0,253.0,0.0,0.0,0.0,0.0,0.0,2014-06-08,14462.5,10830.0,17208.0,14595.5,12146.5,9139.0,42528.0,8228.0,21824.0,224.0,-0.0866895060071672,-0.227476995506098,2014-06-08,106.3000030517578,10.600000381469728,95.70000457763672,0.6000000000000001,11.2,0.6000000238418579,0.0,190.99964904785156,22.34000015258789,2.6499998569488525,0.6430000066757202,1.079999923706055,3.0,-2.90999984741211,2014-06-08,100.0,0.0,1.0,330.0,1.0,2014-06-08,108.906,1195.0,112.0,2014-06-08,197.0,2014-06-08,14462.5,10830.0,17208.0,14595.5,-0.0866895060071672,-0.227476995506098,2014-06-08
-27.935,26.126667,09-06-2015,0.0,0.0,0.0,-1.0,-1.0,2015-09-06,171.905,1132.0,20.0,253.0,0.0,0.0,0.0,0.0,0.0,2015-09-06,12811.5,9827.0,15233.5,13163.0,10675.0,8792.5,40180.0,8224.0,21824.0,160.0,-0.0863612052059187,-0.2157379142475201,2015-09-06,71.5,24.80000114440918,46.70000076293945,1.3,26.1,0.5,0.0,151.39840698242188,18.709999084472656,-0.2299999892711639,0.6770000457763672,0.7099999785423279,2.559999942779541,-2.7200000286102295,2015-09-06,100.0,0.0,1.0,330.0,1.0,2015-09-06,171.905,1132.0,20.0,2015-09-06,222.8,2015-09-06,12811.5,9827.0,15233.5,13163.0,-0.0863612052059187,-0.2157379142475201,2015-09-06
-27.935,26.126667,11-11-2014,0.0,0.0,0.0,-1.0,-1.0,2014-11-11,149.392,1046.0,23.0,253.0,0.0,0.0,0.0,0.0,0.0,2014-11-11,14703.5,10991.0,18198.5,15800.0,12019.5,9360.0,47074.5,8730.0,21824.0,160.0,-0.1062245456203267,-0.2469209818599145,2014-11-11,179.3000030517578,130.3000030517578,49.0,6.9,137.20000000000002,0.6000000238418579,0.0,278.2958984375,27.69999885559082,12.09999942779541,1.1190000772476196,1.4499999284744265,3.679999828338623,-1.7899999618530271,2014-11-11,100.0,0.0,1.0,330.0,1.0,2014-11-11,149.392,1046.0,23.0,2014-11-11,197.0,2014-11-11,14703.5,10991.0,18198.5,15800.0,-0.1062245456203267,-0.2469209818599145,2014-11-11
-27.935,26.126667,12-11-2015,0.0,0.0,0.0,-1.0,-1.0,2015-12-11,116.312,286.3,20.0,253.0,0.0,0.0,0.0,0.0,0.0,2015-12-11,14289.0,10678.5,17691.5,15490.0,11579.0,9103.0,50483.0,8492.5,21824.0,160.0,-0.1063929582089082,-0.247197744095875,2015-12-11,216.3000030517578,18.899999618530273,197.40000915527344,1.0,19.9,0.4000000059604645,0.0,332.6021728515625,30.329999923706055,11.300000190734863,1.1060000658035278,1.7400000095367432,4.179999828338623,-3.15999984741211,2015-12-11,100.0,0.0,1.0,330.0,1.0,2015-12-11,116.312,286.3,20.0,2015-12-11,222.8,2015-12-11,14289.0,10678.5,17691.5,15490.0,-0.1063929582089082,-0.247197744095875,2015-12-11
-27.902778,24.615556,02-01-2015,0.0,0.0,0.0,-1.0,-1.0,2015-02-01,211.393,1056.0,20.0,253.0,0.0,0.0,0.0,0.0,0.0,2015-02-01,14804.5,9665.5,13542.5,10987.5,9684.0,8213.5,46567.0,7771.5,21824.0,160.0,0.044519702261262,-0.1670544639779379,2015-02-01,223.6999969482422,37.10000228881836,186.6000061035156,2.0,39.0,0.2000000029802322,0.0,309.2029113769531,35.40999984741211,18.299999237060547,1.5520000457763672,2.3999998569488525,2.919999837875366,-1.899999976158142,2015-02-01,120.0,0.0,1.0,290.0,1.0,2015-02-01,211.393,1056.0,20.0,2015-02-01,191.1,2015-02-01,14804.5,9665.5,13542.5,10987.5,0.044519702261262,-0.1670544639779379,2015-02-01
-27.902778,24.615556,04-12-2014,0.0,0.0,0.0,-1.0,-1.0,2014-04-12,175.066,930.0,20.0,253.0,0.0,0.0,0.0,0.0,0.0,2014-04-12,18381.0,10446.5,16236.5,13048.0,10319.5,8853.5,48615.5,8402.5,21824.0,96.0,0.0619484364844368,-0.2169920923434388,2014-04-12,210.3000030517578,40.79999923706055,169.5,2.1,43.0,0.2000000029802322,0.0,307.3011779785156,33.65999984741211,17.239999771118164,1.3950001001358032,2.2200000286102295,2.759999990463257,-1.2799999713897705,2014-04-12,120.0,0.0,1.0,290.0,1.0,2014-04-12,175.066,930.0,20.0,2014-04-12,223.7,2014-04-12,18381.0,10446.5,16236.5,13048.0,0.0619484364844368,-0.2169920923434388,2014-04-12
-27.902778,24.615556,04-12-2015,0.0,0.0,0.0,-1.0,-1.0,2015-04-12,173.9,1104.0,20.0,253.0,0.0,0.0,0.0,0.0,0.0,2015-04-12,15955.5,11177.5,19430.0,16694.0,12307.5,9600.0,51472.0,9029.0,21824.0,96.0,-0.0981899365559336,-0.2696234583027027,2015-04-12,230.90000915527344,11.0,219.90000915527344,0.6000000000000001,11.6,0.2000000029802322,0.0,324.9002380371094,36.5099983215332,18.329999923706055,1.5170000791549685,2.609999895095825,2.919999837875366,-3.3499999046325684,2015-04-12,120.0,0.0,1.0,290.0,1.0,2015-04-12,173.9,1104.0,20.0,2015-04-12,230.90001,2015-04-12,15955.5,11177.5,19430.0,16694.0,-0.0981899365559336,-0.2696234583027027,2015-04-12
-27.902778,24.615556,05-06-2014,0.0,0.0,0.0,-1.0,-1.0,2014-05-06,233.343,1484.0,21.0,253.0,0.0,0.0,0.0,0.0,0.0,2014-05-06,15211.5,10445.0,16721.0,14322.5,11487.0,9067.5,40695.5,8424.5,21824.0,96.0,-0.0472715885070068,-0.2310240742104092,2014-05-06,77.4000015258789,0.4000000059604645,77.0,0.0,0.4,0.2000000029802322,0.0,159.49615478515625,21.260000228881836,1.309999942779541,0.6480000019073486,0.959999978542328,2.2300000190734863,-2.75,2014-05-06,120.0,0.0,1.0,290.0,1.0,2014-05-06,233.343,1484.0,21.0,2014-05-06,210.3,2014-05-06,15211.5,10445.0,16721.0,14322.5,-0.0472715885070068,-0.2310240742104092,2014-05-06
-27.902778,24.615556,05-06-2015,0.0,0.0,0.0,-1.0,-1.0,2015-05-06,182.441,1137.0,24.0,253.0,0.0,0.0,0.0,0.0,0.0,2015-05-06,17891.5,11893.5,19103.0,15818.5,13098.5,9663.5,41206.0,8767.0,54596.0,224.0,-0.0327481112057196,-0.2325907763779774,2015-05-06,76.9000015258789,21.0,55.900001525878906,1.1,22.1,0.2000000029802322,0.0,152.19712829589844,20.719999313354492,2.7100000381469727,0.706000030040741,0.8899999856948853,2.369999885559082,-2.180000066757202,2015-05-06,120.0,0.0,1.0,290.0,1.0,2015-05-06,182.441,1137.0,24.0,2015-05-06,230.90001,2015-05-06,17891.5,11893.5,19103.0,15818.5,-0.0327481112057196,-0.2325907763779774,2015-05-06
-27.902778,24.615556,07-06-2013,0.0,0.0,0.0,-1.0,-1.0,2013-07-06,183.798,1241.0,10.0,253.0,0.0,0.0,0.0,0.0,0.0,2013-07-06,14614.0,10234.0,16973.5,14291.5,11112.5,8860.5,41604.0,8344.5,21824.0,96.0,-0.074697269489513,-0.2477074336120546,2013-07-06,74.70000457763672,0.0,74.70000457763672,0.0,0.0,0.3000000119209289,0.0,163.40048217773438,20.19999885559082,1.9799998998641968,0.7200000286102295,0.8199999928474426,2.419999837875366,-3.7300000190734863,2013-07-06,120.0,0.0,1.0,290.0,1.0,2013-07-06,183.798,1241.0,10.0,2013-07-06,198.40001,2013-07-06,14614.0,10234.0,16973.5,14291.5,-0.074697269489513,-0.2477074336120546,2013-07-06
-27.902778,24.615556,08-05-2015,0.0,0.0,0.0,-1.0,-1.0,2015-08-05,169.219,1016.0,20.0,253.0,0.0,0.0,0.0,0.0,0.0,2015-08-05,17308.0,10922.5,18272.5,14500.5,11893.5,9153.5,44622.5,8378.5,21824.0,224.0,-0.0271075448630569,-0.2517554375749263,2015-08-05,99.5999984741211,2.299999952316284,97.3000030517578,0.1,2.4000000000000004,0.2000000029802322,0.0,183.39614868164065,27.53999900817871,7.019999980926514,0.971000075340271,1.3799999952316284,2.0999999046325684,-3.119999885559082,2015-08-05,120.0,0.0,1.0,290.0,1.0,2015-08-05,169.219,1016.0,20.0,2015-08-05,230.90001,2015-08-05,17308.0,10922.5,18272.5,14500.5,-0.0271075448630569,-0.2517554375749263,2015-08-05
-27.902778,24.615556,10-10-2014,0.0,0.0,0.0,-1.0,-1.0,2014-10-10,175.475,1058.0,20.0,253.0,0.0,0.0,0.0,0.0,0.0,2014-10-10,16244.5,11537.0,19459.0,16977.0,12751.5,9850.5,47372.0,9082.0,21824.0,160.0,-0.0900331900233868,-0.255581365337462,2014-10-10,217.8000030517578,9.0,208.8000030517578,0.5,9.5,0.2000000029802322,0.0,305.2976989746094,32.56999969482422,12.559999465942385,1.0110000371932983,2.190000057220459,3.839999914169311,-3.119999885559082,2014-10-10,120.0,0.0,1.0,290.0,1.0,2014-10-10,175.475,1058.0,20.0,2014-10-10,223.7,2014-10-10,16244.5,11537.0,19459.0,16977.0,-0.0900331900233868,-0.255581365337462,2014-10-10
-27.902778,24.615556,11-04-2013,0.0,0.0,0.0,-1.0,-1.0,2013-11-04,180.388,1231.0,68.0,253.0,0.0,0.0,0.0,0.0,0.0,2013-11-04,16599.5,10298.5,16323.0,13262.5,10493.5,8783.0,44390.0,8346.5,21824.0,96.0,0.0083985116561621,-0.2263020490956549,2013-11-04,127.5999984741211,7.599999904632568,120.0,0.4,8.0,0.3000000119209289,0.0,211.0989990234375,27.86999893188477,9.25,1.14900004863739,1.319999933242798,2.65999984741211,-3.5199999809265137,2013-11-04,120.0,0.0,1.0,290.0,1.0,2013-11-04,180.388,1231.0,68.0,2013-11-04,198.40001,2013-11-04,16599.5,10298.5,16323.0,13262.5,0.0083985116561621,-0.2263020490956549,2013-11-04
-27.902778,24.615556,11-10-2013,0.0,0.0,0.0,-1.0,-1.0,2013-11-10,193.2325,1122.0,20.5,253.0,0.0,0.0,0.0,0.0,0.0,2013-11-10,15230.0,10972.5,19044.5,16857.5,12155.0,9418.0,49806.5,8749.5,21824.0,177.0,-0.111292651971582,-0.2689142819069185,2013-11-10,207.1999969482422,16.200000762939453,191.0,0.9,17.1,0.2000000029802322,0.0,303.70062255859375,31.559999465942383,11.149999618530272,0.9450000524520874,2.049999952316284,3.629999876022339,-3.619999885559082,2013-11-10,120.0,0.0,1.0,290.0,1.0,2013-11-10,193.2325,1122.0,20.5,2013-11-10,211.90001,2013-11-10,15230.0,10972.5,19044.5,16857.5,-0.111292651971582,-0.2689142819069185,2013-11-10
-27.902778,24.615556,12-09-2014,0.0,0.0,0.0,-1.0,-1.0,2014-12-09,175.392,1026.0,20.0,253.0,0.0,0.0,0.0,0.0,0.0,2014-12-09,15039.0,11072.0,18411.0,16192.5,12220.0,9608.0,47197.0,8905.5,21824.0,160.0,-0.100807174887892,-0.2489231082318616,2014-12-09,153.6999969482422,2.299999952316284,151.40000915527344,0.1,2.5,0.2000000029802322,0.0,254.50131225585935,30.059999465942383,8.139999389648438,0.7230000495910645,1.959999918937683,2.7100000381469727,-2.5899999141693115,2014-12-09,120.0,0.0,1.0,290.0,1.0,2014-12-09,175.392,1026.0,20.0,2014-12-09,223.7,2014-12-09,15039.0,11072.0,18411.0,16192.5,-0.100807174887892,-0.2489231082318616,2014-12-09
-27.671111,27.236944,01-04-2014,0.8204412175370008,0.8204412175370008,0.0208740575258307,16.15316950572466,1635.856325048869,2014-01-04,63.718,181.8,91.0,253.0,0.0,0.0,0.0,0.0,0.0,2014-01-04,15061.5,10715.0,13177.0,11028.0,11173.5,9176.5,44073.0,8616.0,21824.0,160.0,0.066735131115321,-0.1030470450359948,2014-01-04,109.0,21.80000114440918,87.20000457763672,1.1,22.9,0.699999988079071,0.0,210.10292053222656,25.549999237060547,8.119999885559082,1.1069999933242798,1.079999923706055,2.059999942779541,-2.559999942779541,2014-01-04,100.0,0.0,1.0,321.0,1.0,2014-01-04,63.718,181.8,91.0,2014-01-04,177.90001,2014-01-04,15061.5,10715.0,13177.0,11028.0,0.066735131115321,-0.1030470450359948,2014-01-04
-27.671111,27.236944,01-06-2015,0.8204412175370008,0.8204412175370008,0.0208740575258307,16.973610723261665,1635.856325048869,2015-01-06,136.506,349.0,20.0,253.0,0.0,0.0,0.0,0.0,0.0,2015-01-06,13872.0,9598.5,13012.0,11679.0,9867.0,8362.5,42383.5,7888.5,21824.0,160.0,0.0319892873084361,-0.1509696822272831,2015-01-06,75.80000305175781,26.600000381469727,49.20000076293945,1.4,28.0,0.5,0.0,151.39840698242188,19.100000381469727,1.4399999380111694,0.6350000500679016,0.8100000023841858,2.569999933242798,-2.679999828338623,2015-01-06,100.0,0.0,1.0,321.0,1.0,2015-01-06,136.506,349.0,20.0,2015-01-06,209.5,2015-01-06,13872.0,9598.5,13012.0,11679.0,0.0319892873084361,-0.1509696822272831,2015-01-06
-27.671111,27.236944,01-07-2014,0.8204412175370008,0.8204412175370008,0.0208740575258307,16.15316950572466,1635.856325048869,2014-01-07,129.0,341.0,74.0,253.0,0.0,0.0,0.0,0.0,0.0,2014-01-07,12731.0,10403.0,13740.5,12166.0,10874.0,9348.0,41455.5,8812.5,21824.0,160.0,-0.0381353531156147,-0.138235964131132,2014-01-07,82.4000015258789,0.0,82.4000015258789,0.0,0.0,0.699999988079071,0.0,176.2001953125,19.559999465942383,-0.3899999856948852,0.5400000214576721,0.8999999761581421,2.5299999713897705,-2.740000009536743,2014-01-07,100.0,0.0,1.0,321.0,1.0,2014-01-07,129.0,341.0,74.0,2014-01-07,177.90001,2014-01-07,12731.0,10403.0,13740.5,12166.0,-0.0381353531156147,-0.138235964131132,2014-01-07
-27.671111,27.236944,01-07-2015,0.8204412175370008,0.8204412175370008,0.0208740575258307,16.973610723261665,1635.856325048869,2015-01-07,159.263,400.0,20.0,253.0,0.0,0.0,0.0,0.0,0.0,2015-01-07,11880.5,9836.5,13732.5,12354.0,10554.5,9167.0,41105.0,8762.5,21824.0,96.0,-0.0723070315855227,-0.1653018795875931,2015-01-07,82.80000305175781,8.90000057220459,73.9000015258789,0.5,9.4,0.5,0.0,163.59927368164062,19.56999969482422,2.2899999618530273,0.6640000343322754,0.8399999737739563,2.93999981880188,-2.2899999618530273,2015-01-07,100.0,0.0,1.0,321.0,1.0,2015-01-07,159.263,400.0,20.0,2015-01-07,209.5,2015-01-07,11880.5,9836.5,13732.5,12354.0,-0.0723070315855227,-0.1653018795875931,2015-01-07
-27.671111,27.236944,01-08-2014,0.8204412175370008,0.8204412175370008,0.0208740575258307,16.15316950572466,1635.856325048869,2014-01-08,132.0,343.0,20.0,253.0,0.0,0.0,0.0,0.0,0.0,2014-01-08,12623.0,10253.0,14341.5,12656.0,11033.0,9418.5,42721.5,8908.0,21824.0,96.0,-0.0637319438521016,-0.1662363536563046,2014-01-08,108.20000457763672,9.199999809265137,99.0,0.5,9.6,0.699999988079071,0.0,191.50259399414065,22.799999237060547,3.619999885559082,0.6490000486373901,1.1399999856948853,2.929999828338623,-2.549999952316284,2014-01-08,100.0,0.0,1.0,321.0,1.0,2014-01-08,132.0,343.0,20.0,2014-01-08,183.40001,2014-01-08,12623.0,10253.0,14341.5,12656.0,-0.0637319438521016,-0.1662363536563046,2014-01-08
-27.671111,27.236944,02-09-2013,0.8204412175370008,0.8173694498743368,0.0330913152750628,15.33272828818766,1635.856325048869,2013-02-09,177.406,457.0,10.0,253.0,0.0,0.0,0.0,0.0,0.0,2013-02-09,13419.0,10177.5,14526.5,13133.0,11111.0,9436.5,42637.5,8850.5,21824.0,96.0,-0.0396307097743821,-0.1760443652849734,2013-02-09,149.0,0.9000000357627869,148.10000610351562,0.0,1.0,0.9000000357627869,0.0,256.20233154296875,26.559999465942383,6.759999752044678,0.7550000548362732,1.4800000190734863,3.309999942779541,-3.899999856948853,2013-02-09,100.0,0.0,1.0,321.0,1.0,2013-02-09,177.406,457.0,10.0,2013-02-09,178.40001,2013-02-09,13419.0,10177.5,14526.5,13133.0,-0.0396307097743821,-0.1760443652849734,2013-02-09
-27.671111,27.236944,02-09-2014,0.8204412175370008,0.8204412175370008,0.0208740575258307,16.15316950572466,1635.856325048869,2014-02-09,135.0,388.0,59.0,253.0,0.0,0.0,0.0,0.0,0.0,2014-02-09,12677.5,10096.5,14054.5,13341.0,10682.5,9284.0,44223.0,8872.5,21824.0,96.0,-0.0515112973215619,-0.1638855533932335,2014-02-09,148.1999969482422,0.4000000059604645,147.8000030517578,0.0,0.4,0.6000000238418579,0.0,254.30343627929688,28.149999618530273,7.449999809265137,0.7700000405311584,1.659999966621399,2.879999876022339,-2.919999837875366,2014-02-09,100.0,0.0,1.0,321.0,1.0,2014-02-09,135.0,388.0,59.0,2014-02-09,183.40001,2014-02-09,12677.5,10096.5,14054.5,13341.0,-0.0515112973215619,-0.1638855533932335,2014-02-09
-27.671111,27.236944,02-12-2014,0.8204412175370008,0.8204412175370008,0.0208740575258307,16.15316950572466,1635.856325048869,2014-02-12,148.0,369.0,36.0,253.0,0.0,0.0,0.0,0.0,0.0,2014-02-12,17799.5,10242.5,14272.0,11887.0,9875.5,8579.0,46543.5,8327.0,21824.0,224.0,0.1099886191790215,-0.1643721063044314,2014-02-12,177.90000915527344,76.4000015258789,101.5,4.0,80.4,0.6000000238418579,0.0,285.9965515136719,29.739999771118164,15.309999465942385,1.5150001049041748,1.459999918937683,2.700000047683716,-1.319999933242798,2014-02-12,100.0,0.0,1.0,321.0,1.0,2014-02-12,148.0,369.0,36.0,2014-02-12,183.40001,2014-02-12,17799.5,10242.5,14272.0,11887.0,0.1099886191790215,-0.1643721063044314,2014-02-12
-27.671111,27.236944,03-03-2015,0.8204412175370008,0.8204412175370008,0.0208740575258307,16.973610723261665,1635.856325048869,2015-03-03,86.0,234.0,65.0,253.0,0.0,0.0,0.0,0.0,0.0,2015-03-03,15074.0,10345.0,13462.5,11134.0,10589.0,9037.0,45892.5,8559.0,21824.0,96.0,0.0564715364533139,-0.1309461304210852,2015-03-03,138.90000915527344,62.79999923706055,76.0999984741211,3.3000000000000003,66.10000000000001,0.6000000238418579,0.0,227.20358276367188,28.78999900817871,13.649999618530272,1.5080000162124634,1.2599999904632568,2.3899998664855957,-2.90999984741211,2015-03-03,100.0,0.0,1.0,321.0,1.0,2015-03-03,86.0,234.0,65.0,2015-03-03,209.5,2015-03-03,15074.0,10345.0,13462.5,11134.0,0.0564715364533139,-0.1309461304210852,2015-03-03
-27.671111,27.236944,03-11-2014,0.8204412175370008,0.8204412175370008,0.0208740575258307,16.15316950572466,1635.856325048869,2014-03-11,140.025,386.0,41.0,253.0,0.0,0.0,0.0,0.0,0.0,2014-03-11,15258.5,10282.5,15341.5,13159.0,10806.5,9255.5,48472.0,8847.0,21824.0,160.0,-0.0027124183006535,-0.1974320949110201,2014-03-11,166.3000030517578,152.0,14.300000190734863,8.0,159.9,0.6000000238418579,0.0,269.4986572265625,27.1299991607666,12.859999656677246,1.222000002861023,1.329999923706055,3.2300000190734863,-1.6999999284744265,2014-03-11,100.0,0.0,1.0,321.0,1.0,2014-03-11,140.025,386.0,41.0,2014-03-11,183.40001,2014-03-11,15258.5,10282.5,15341.5,13159.0,-0.0027124183006535,-0.1974320949110201,2014-03-11
-27.671111,27.236944,04-02-2015,0.8204412175370008,0.8204412175370008,0.0208740575258307,16.973610723261665,1635.856325048869,2015-04-02,96.0,238.0,79.0,253.0,0.0,0.0,0.0,0.0,0.0,2015-04-02,16358.0,11013.5,14774.5,11893.5,11312.0,9472.0,46960.0,8843.5,21824.0,96.0,0.0508632458042237,-0.1458430277648513,2015-04-02,161.10000610351562,36.5,124.5999984741211,1.9,38.400000000000006,0.6000000238418579,0.0,299.2026062011719,30.279998779296875,13.34999942779541,1.493000030517578,1.4399999380111694,2.40999984741211,-2.8999998569488525,2015-04-02,100.0,0.0,1.0,321.0,1.0,2015-04-02,96.0,238.0,79.0,2015-04-02,209.5,2015-04-02,16358.0,11013.5,14774.5,11893.5,0.0508632458042237,-0.1458430277648513,2015-04-02
-27.671111,27.236944,04-03-2015,0.8204412175370008,0.8204412175370008,0.0208740575258307,16.973610723261665,1635.856325048869,2015-04-03,90.436,239.9,65.0,253.0,0.0,0.0,0.0,0.0,0.0,2015-04-03,15145.0,10121.5,13134.0,10747.5,9964.5,8746.0,44891.5,8241.5,21824.0,160.0,0.0711128399165456,-0.1295392487798579,2015-04-03,138.90000915527344,62.79999923706055,76.0999984741211,3.3000000000000003,66.10000000000001,0.6000000238418579,0.0,227.20358276367188,28.78999900817871,13.649999618530272,1.5080000162124634,1.2599999904632568,2.3899998664855957,-2.90999984741211,2015-04-03,100.0,0.0,1.0,321.0,1.0,2015-04-03,90.436,239.9,65.0,2015-04-03,209.5,2015-04-03,15145.0,10121.5,13134.0,10747.5,0.0711128399165456,-0.1295392487798579,2015-04-03
-27.671111,27.236944,04-09-2014,0.8204412175370008,0.8204412175370008,0.0208740575258307,16.15316950572466,1635.856325048869,2014-04-09,141.432,385.0,59.0,253.0,0.0,0.0,0.0,0.0,0.0,2014-04-09,12677.5,10096.5,14054.5,13341.0,10682.5,9284.0,44223.0,8872.5,21824.0,96.0,-0.0515112973215619,-0.1638855533932335,2014-04-09,148.1999969482422,0.4000000059604645,147.8000030517578,0.0,0.4,0.6000000238418579,0.0,254.30343627929688,28.149999618530273,7.449999809265137,0.7700000405311584,1.659999966621399,2.879999876022339,-2.919999837875366,2014-04-09,100.0,0.0,1.0,321.0,1.0,2014-04-09,141.432,385.0,59.0,2014-04-09,183.40001,2014-04-09,12677.5,10096.5,14054.5,13341.0,-0.0515112973215619,-0.1638855533932335,2014-04-09
-27.671111,27.236944,05-01-2015,0.8204412175370008,0.8204412175370008,0.0208740575258307,16.973610723261665,1635.856325048869,2015-05-01,147.967,384.0,20.0,253.0,0.0,0.0,0.0,0.0,0.0,2015-05-01,16313.5,10067.5,14893.0,11913.5,10058.5,8794.5,46744.5,8384.0,21824.0,160.0,0.0455193629532307,-0.1933254542176631,2015-05-01,183.40000915527344,38.60000228881836,144.8000030517578,2.0,40.6,0.6000000238418579,0.0,294.00274658203125,30.979999542236328,15.449999809265137,1.6050000190734863,1.5299999713897705,2.309999942779541,-2.190000057220459,2015-05-01,100.0,0.0,1.0,321.0,1.0,2015-05-01,147.967,384.0,20.0,2015-05-01,90.200005,2015-05-01,16313.5,10067.5,14893.0,11913.5,0.0455193629532307,-0.1933254542176631,2015-05-01
-27.671111,27.236944,07-05-2013,0.8204412175370008,0.8173694498743368,0.0330913152750628,15.33272828818766,1635.856325048869,2013-07-05,136.634,354.7,20.0,253.0,0.0,0.0,0.0,0.0,0.0,2013-07-05,14474.5,9509.5,13050.5,10975.0,9566.0,8604.0,41733.5,8143.5,21824.0,96.0,0.0517347865576746,-0.1569592198581553,2013-07-05,82.5999984741211,0.0,82.5999984741211,0.0,0.0,1.0,0.0,174.10162353515625,23.11999893188477,3.819999933242798,0.8240000605583191,1.0,1.6999999284744265,-3.6999998092651367,2013-07-05,100.0,0.0,1.0,321.0,1.0,2013-07-05,136.634,354.7,20.0,2013-07-05,167.2,2013-07-05,14474.5,9509.5,13050.5,10975.0,0.0517347865576746,-0.1569592198581553,2013-07-05
-27.671111,27.236944,08-09-2014,0.8204412175370008,0.8204412175370008,0.0208740575258307,16.15316950572466,1635.856325048869,2014-08-09,107.303,386.0,20.0,253.0,0.0,0.0,0.0,0.0,0.0,2014-08-09,12677.5,10096.5,14054.5,13341.0,10682.5,9284.0,44223.0,8872.5,21824.0,96.0,-0.0515112973215619,-0.1638855533932335,2014-08-09,148.1999969482422,0.4000000059604645,147.8000030517578,0.0,0.4,0.6000000238418579,0.0,254.30343627929688,28.149999618530273,7.449999809265137,0.7700000405311584,1.659999966621399,2.879999876022339,-2.919999837875366,2014-08-09,100.0,0.0,1.0,321.0,1.0,2014-08-09,107.303,386.0,20.0,2014-08-09,183.40001,2014-08-09,12677.5,10096.5,14054.5,13341.0,-0.0515112973215619,-0.1638855533932335,2014-08-09
-27.671111,27.236944,08-09-2015,0.8204412175370008,0.8204412175370008,0.0208740575258307,16.973610723261665,1635.856325048869,2015-08-09,159.708,425.0,173.0,253.0,0.0,0.0,0.0,0.0,0.0,2015-08-09,13070.5,9962.5,13863.5,12604.0,10382.5,9094.5,43095.5,8671.0,21824.0,96.0,-0.0294423405361252,-0.1637286997397794,2015-08-09,143.10000610351562,27.0,116.0999984741211,1.4,28.5,0.5,0.0,236.79638671875,26.559999465942383,8.559999465942383,0.8130000233650208,1.4900000095367432,3.240000009536743,-1.319999933242798,2015-08-09,100.0,0.0,1.0,321.0,1.0,2015-08-09,159.708,425.0,173.0,2015-08-09,209.5,2015-08-09,13070.5,9962.5,13863.5,12604.0,-0.0294423405361252,-0.1637286997397794,2015-08-09
-27.671111,27.236944,09-05-2013,0.8204412175370008,0.8173694498743368,0.0330913152750628,15.33272828818766,1635.856325048869,2013-09-05,185.0,377.0,20.0,253.0,0.0,0.0,0.0,0.0,0.0,2013-09-05,13500.0,9311.5,12869.5,10940.0,9740.5,8505.5,41952.5,8142.0,21824.0,96.0,0.0239101992832627,-0.1604075560164097,2013-09-05,82.5999984741211,0.0,82.5999984741211,0.0,0.0,1.0,0.0,174.10162353515625,23.11999893188477,3.819999933242798,0.8240000605583191,1.0,1.6999999284744265,-3.6999998092651367,2013-09-05,100.0,0.0,1.0,321.0,1.0,2013-09-05,185.0,377.0,20.0,2013-09-05,167.2,2013-09-05,13500.0,9311.5,12869.5,10940.0,0.0239101992832627,-0.1604075560164097,2013-09-05
-27.671111,27.236944,09-06-2014,0.8204412175370008,0.8204412175370008,0.0208740575258307,16.15316950572466,1635.856325048869,2014-09-06,117.0,330.0,24.0,253.0,0.0,0.0,0.0,0.0,0.0,2014-09-06,12861.0,10329.5,14336.5,12292.5,10800.5,9087.5,41255.0,8639.5,21824.0,96.0,-0.0542513098630386,-0.1624503364955803,2014-09-06,76.70000457763672,0.0,76.70000457763672,0.0,0.0,0.699999988079071,0.0,160.99673461914062,19.899999618530273,-0.2399999946355819,0.5730000138282776,0.8899999856948853,2.369999885559082,-2.7699999809265137,2014-09-06,100.0,0.0,1.0,321.0,1.0,2014-09-06,117.0,330.0,24.0,2014-09-06,177.90001,2014-09-06,12861.0,10329.5,14336.5,12292.5,-0.0542513098630386,-0.1624503364955803,2014-09-06
-27.671111,27.236944,09-10-2014,0.8204412175370008,0.8204412175370008,0.0208740575258307,16.15316950572466,1635.856325048869,2014-09-10,138.0,377.0,20.0,253.0,0.0,0.0,0.0,0.0,0.0,2014-09-10,14237.5,9991.0,14181.0,12916.0,10331.0,9100.0,46807.5,8758.0,21824.0,96.0,0.001988141527526,-0.1733410557670024,2014-09-10,188.40000915527344,12.699999809265137,175.6999969482422,0.7000000000000001,13.4,0.6000000238418579,0.0,298.3967590332031,29.459999084472656,11.179999351501465,1.0770000219345093,1.659999966621399,3.40999984741211,-3.7200000286102295,2014-09-10,100.0,0.0,1.0,321.0,1.0,2014-09-10,138.0,377.0,20.0,2014-09-10,183.40001,2014-09-10,14237.5,9991.0,14181.0,12916.0,0.001988141527526,-0.1733410557670024,2014-09-10
-27.671111,27.236944,09-12-2015,0.8204412175370008,0.8204412175370008,0.0208740575258307,16.973610723261665,1635.856325048869,2015-09-12,177.026,428.0,20.0,253.0,0.0,0.0,0.0,0.0,0.0,2015-09-12,15456.0,10382.5,15444.5,13077.0,10749.0,9287.5,48385.5,8586.0,21824.0,160.0,0.0003721622627465,-0.195996437836372,2015-09-12,209.5,18.100000381469727,191.40000915527344,1.0,19.0,0.5,0.0,320.001953125,32.93000030517578,16.299999237060547,1.6510000228881836,1.7999999523162842,3.1999998092651367,-4.289999961853027,2015-09-12,100.0,0.0,1.0,321.0,1.0,2015-09-12,177.026,428.0,20.0,2015-09-12,209.5,2015-09-12,15456.0,10382.5,15444.5,13077.0,0.0003721622627465,-0.195996437836372,2015-09-12
-27.671111,27.236944,10-01-2014,0.8204412175370008,0.8204412175370008,0.0208740575258307,16.15316950572466,1635.856325048869,2014-10-01,152.0,382.0,27.0,253.0,0.0,0.0,0.0,0.0,0.0,2014-10-01,18271.5,9789.0,13708.0,10975.0,9365.0,8532.0,46318.0,8092.5,21824.0,160.0,0.14270079269532,-0.1667872494360975,2014-10-01,178.40000915527344,48.79999923706055,129.60000610351562,2.6,51.400000000000006,0.800000011920929,0.0,283.6962585449219,31.09000015258789,16.760000228881836,1.7390000820159912,1.4900000095367432,2.509999990463257,-3.0199999809265137,2014-10-01,100.0,0.0,1.0,321.0,1.0,2014-10-01,152.0,382.0,27.0,2014-10-01,188.40001,2014-10-01,18271.5,9789.0,13708.0,10975.0,0.14270079269532,-0.1667872494360975,2014-10-01
-27.671111,27.236944,10-04-2013,0.8204412175370008,0.8173694498743368,0.0330913152750628,15.33272828818766,1635.856325048869,2013-10-04,178.0,387.0,158.0,253.0,0.0,0.0,0.0,0.0,0.0,2013-10-04,14327.0,9458.5,12455.5,11027.5,9492.5,8469.0,42901.5,8218.0,21824.0,96.0,0.0698777186595722,-0.1367618873779313,2013-10-04,112.20000457763672,31.600000381469727,80.5999984741211,1.7000000000000002,33.2,1.0,0.0,198.49954223632812,25.689998626708984,8.039999961853027,1.1450001001358032,1.0499999523162842,2.5199999809265137,-3.5,2013-10-04,100.0,0.0,1.0,321.0,1.0,2013-10-04,178.0,387.0,158.0,2013-10-04,167.2,2013-10-04,14327.0,9458.5,12455.5,11027.5,0.0698777186595722,-0.1367618873779313,2013-10-04
-27.671111,27.236944,10-06-2013,0.8204412175370008,0.8173694498743368,0.0330913152750628,15.33272828818766,1635.856325048869,2013-10-06,261.0,413.0,10.0,253.0,0.0,0.0,0.0,0.0,0.0,2013-10-06,13040.5,9646.5,13257.0,11896.5,10198.5,8850.5,41152.5,8183.5,21824.0,96.0,-0.0082327217416103,-0.1576396620603831,2013-10-06,75.80000305175781,0.0,75.80000305175781,0.0,0.0,1.0,0.0,162.50338745117188,19.6299991607666,1.4800000190734863,0.6520000100135803,0.8399999737739563,2.569999933242798,-3.75,2013-10-06,100.0,0.0,1.0,321.0,1.0,2013-10-06,261.0,413.0,10.0,2013-10-06,167.2,2013-10-06,13040.5,9646.5,13257.0,11896.5,-0.0082327217416103,-0.1576396620603831,2013-10-06
-27.671111,27.236944,10-06-2015,0.8204412175370008,0.8204412175370008,0.0208740575258307,16.973610723261665,1635.856325048869,2015-10-06,137.215,358.0,20.0,253.0,0.0,0.0,0.0,0.0,0.0,2015-10-06,12731.5,9767.0,13261.0,11895.0,10109.5,8850.0,40268.5,8456.5,21824.0,96.0,-0.0203712609406558,-0.1517283307278089,2015-10-06,75.80000305175781,26.600000381469727,49.20000076293945,1.4,28.0,0.5,0.0,151.39840698242188,19.100000381469727,1.4399999380111694,0.6350000500679016,0.8100000023841858,2.569999933242798,-2.679999828338623,2015-10-06,100.0,0.0,1.0,321.0,1.0,2015-10-06,137.215,358.0,20.0,2015-10-06,209.5,2015-10-06,12731.5,9767.0,13261.0,11895.0,-0.0203712609406558,-0.1517283307278089,2015-10-06
-27.671111,27.236944,10-09-2014,0.8204412175370008,0.8204412175370008,0.0208740575258307,16.15316950572466,1635.856325048869,2014-10-09,132.757,383.0,20.0,253.0,0.0,0.0,0.0,0.0,0.0,2014-10-09,13437.5,10379.5,14378.0,13143.0,10857.5,9498.5,45835.5,8960.0,21824.0,224.0,-0.0338120831910264,-0.1615066141573254,2014-10-09,148.1999969482422,0.4000000059604645,147.8000030517578,0.0,0.4,0.6000000238418579,0.0,254.30343627929688,28.149999618530273,7.449999809265137,0.7700000405311584,1.659999966621399,2.879999876022339,-2.919999837875366,2014-10-09,100.0,0.0,1.0,321.0,1.0,2014-10-09,132.757,383.0,20.0,2014-10-09,183.40001,2014-10-09,13437.5,10379.5,14378.0,13143.0,-0.0338120831910264,-0.1615066141573254,2014-10-09
-27.671111,27.236944,10-11-2014,0.8204412175370008,0.8204412175370008,0.0208740575258307,16.15316950572466,1635.856325048869,2014-10-11,138.891,363.8,46.0,253.0,0.0,0.0,0.0,0.0,0.0,2014-10-11,15162.5,10180.0,14273.0,12632.0,10189.5,9062.0,46363.0,8640.0,21824.0,160.0,0.0302186135788417,-0.1673823252770614,2014-10-11,166.3000030517578,152.0,14.300000190734863,8.0,159.9,0.6000000238418579,0.0,269.4986572265625,27.1299991607666,12.859999656677246,1.222000002861023,1.329999923706055,3.2300000190734863,-1.6999999284744265,2014-10-11,100.0,0.0,1.0,321.0,1.0,2014-10-11,138.891,363.8,46.0,2014-10-11,183.40001,2014-10-11,15162.5,10180.0,14273.0,12632.0,0.0302186135788417,-0.1673823252770614,2014-10-11
-27.671111,27.236944,10-11-2015,0.8204412175370008,0.8204412175370008,0.0208740575258307,16.973610723261665,1635.856325048869,2015-10-11,172.656,418.0,20.0,253.0,0.0,0.0,0.0,0.0,0.0,2015-10-11,14637.5,10047.0,14281.0,12455.5,10307.5,8978.0,48963.0,8597.5,21824.0,96.0,0.0123277486729947,-0.1740381453469246,2015-10-11,202.90000915527344,26.399999618530273,176.5,1.4,27.8,0.5,0.0,327.40234375,29.729999542236328,11.989999771118164,1.215000033378601,1.5899999141693115,3.7200000286102295,-3.2300000190734863,2015-10-11,100.0,0.0,1.0,321.0,1.0,2015-10-11,172.656,418.0,20.0,2015-10-11,209.5,2015-10-11,14637.5,10047.0,14281.0,12455.5,0.0123277486729947,-0.1740381453469246,2015-10-11
-27.671111,27.236944,10-12-2014,0.8204412175370008,0.8204412175370008,0.0208740575258307,16.15316950572466,1635.856325048869,2014-10-12,144.931,388.0,56.0,253.0,0.0,0.0,0.0,0.0,0.0,2014-10-12,17799.5,10242.5,14272.0,11887.0,9875.5,8579.0,46543.5,8327.0,21824.0,224.0,0.1099886191790215,-0.1643721063044314,2014-10-12,177.90000915527344,76.4000015258789,101.5,4.0,80.4,0.6000000238418579,0.0,285.9965515136719,29.739999771118164,15.309999465942385,1.5150001049041748,1.459999918937683,2.700000047683716,-1.319999933242798,2014-10-12,100.0,0.0,1.0,321.0,1.0,2014-10-12,144.931,388.0,56.0,2014-10-12,183.40001,2014-10-12,17799.5,10242.5,14272.0,11887.0,0.1099886191790215,-0.1643721063044314,2014-10-12
-27.671111,27.236944,11-03-2015,0.8204412175370008,0.8204412175370008,0.0208740575258307,16.973610723261665,1635.856325048869,2015-11-03,82.621,241.6,20.0,253.0,0.0,0.0,0.0,0.0,0.0,2015-11-03,15145.0,10121.5,13134.0,10747.5,9964.5,8746.0,44891.5,8241.5,21824.0,160.0,0.0711128399165456,-0.1295392487798579,2015-11-03,138.90000915527344,62.79999923706055,76.0999984741211,3.3000000000000003,66.10000000000001,0.6000000238418579,0.0,227.20358276367188,28.78999900817871,13.649999618530272,1.5080000162124634,1.2599999904632568,2.3899998664855957,-2.90999984741211,2015-11-03,100.0,0.0,1.0,321.0,1.0,2015-11-03,82.621,241.6,20.0,2015-11-03,209.5,2015-11-03,15145.0,10121.5,13134.0,10747.5,0.0711128399165456,-0.1295392487798579,2015-11-03
-27.671111,27.236944,11-08-2014,0.8204412175370008,0.8204412175370008,0.0208740575258307,16.15316950572466,1635.856325048869,2014-11-08,122.703,356.0,20.0,253.0,0.0,0.0,0.0,0.0,0.0,2014-11-08,12140.0,10125.0,13345.0,12590.0,10613.0,9189.5,42185.5,8628.5,21824.0,224.0,-0.0472827153227386,-0.1371964209629308,2014-11-08,108.20000457763672,9.199999809265137,99.0,0.5,9.6,0.699999988079071,0.0,191.50259399414065,22.799999237060547,3.619999885559082,0.6490000486373901,1.1399999856948853,2.929999828338623,-2.549999952316284,2014-11-08,100.0,0.0,1.0,321.0,1.0,2014-11-08,122.703,356.0,20.0,2014-11-08,183.40001,2014-11-08,12140.0,10125.0,13345.0,12590.0,-0.0472827153227386,-0.1371964209629308,2014-11-08
-27.602222,29.942778,01-05-2015,0.0,0.0,0.0,-1.0,-1.0,2015-01-05,69.03,172.8,20.0,253.0,0.0,0.0,0.0,0.0,0.0,2015-01-05,14913.0,9174.0,14157.0,11190.5,9645.5,8339.5,44031.0,8090.0,21824.0,96.0,0.0260061919504643,-0.2135785007072126,2015-01-05,90.9000015258789,3.299999952316284,87.5999984741211,0.1,2.4000000000000004,6.599999904632568,0.0,178.30227661132812,26.799999237060547,6.339999675750732,1.043000102043152,1.209999918937683,1.8399999141693115,-2.5,2015-01-05,130.0,0.0,1.0,356.0,1.0,2015-01-05,69.03,172.8,20.0,2015-01-05,185.90001,2015-01-05,14913.0,9174.0,14157.0,11190.5,0.0260061919504643,-0.2135785007072126,2015-01-05
-27.602222,29.942778,01-07-2015,0.0,0.0,0.0,-1.0,-1.0,2015-01-07,68.291,195.6,20.0,253.0,0.0,0.0,0.0,0.0,0.0,2015-01-07,14974.5,9849.5,15812.5,12562.0,11078.5,8974.0,41837.0,8523.0,21824.0,160.0,-0.0272192808653002,-0.2323669238562846,2015-01-07,81.70000457763672,10.800000190734863,70.9000015258789,0.5,10.7,5.300000190734863,0.0,159.40191650390625,21.689998626708984,3.899999856948853,0.7790000438690186,0.9300000071525574,2.5199999809265137,-1.649999976158142,2015-01-07,130.0,0.0,1.0,356.0,1.0,2015-01-07,68.291,195.6,20.0,2015-01-07,185.90001,2015-01-07,14974.5,9849.5,15812.5,12562.0,-0.0272192808653002,-0.2323669238562846,2015-01-07
-27.602222,29.942778,03-09-2014,0.0,0.0,0.0,-1.0,-1.0,2014-03-09,64.985,198.7,20.0,253.0,0.0,0.0,0.0,0.0,0.0,2014-03-09,14871.5,10486.0,16979.0,13962.0,11690.0,9368.0,45834.0,8834.0,21824.0,160.0,-0.0661685059889167,-0.2364099763335145,2014-03-09,137.40000915527344,1.7000000476837158,135.6999969482422,0.0,0.7000000000000001,6.599999904632568,0.0,250.09857177734375,28.170000076293945,8.630000114440918,1.0200001001358032,1.459999918937683,2.549999952316284,-2.069999933242798,2014-03-09,130.0,0.0,1.0,356.0,1.0,2014-03-09,64.985,198.7,20.0,2014-03-09,162.3,2014-03-09,14871.5,10486.0,16979.0,13962.0,-0.0661685059889167,-0.2364099763335145,2014-03-09
-27.602222,29.942778,06-08-2014,0.0,0.0,0.0,-1.0,-1.0,2014-06-08,58.444,182.0,20.0,253.0,0.0,0.0,0.0,0.0,0.0,2014-06-08,14961.5,10228.0,16872.0,13579.0,11669.5,9150.5,43919.5,8588.0,21824.0,113.0,-0.0600153925895674,-0.2451660516605157,2014-06-08,101.4000015258789,4.0,97.4000015258789,0.1,2.8000000000000003,7.599999904632568,0.0,199.401123046875,23.86999893188477,5.5,0.831000030040741,1.1100000143051147,2.379999876022339,-1.2699999809265137,2014-06-08,130.0,0.0,1.0,356.0,1.0,2014-06-08,58.444,182.0,20.0,2014-06-08,162.3,2014-06-08,14961.5,10228.0,16872.0,13579.0,-0.0600153925895674,-0.2451660516605157,2014-06-08
-27.602222,29.942778,07-11-2013,0.0,0.0,0.0,-1.0,-1.0,2013-07-11,56.81,187.5,53.0,253.0,0.0,0.0,0.0,0.0,0.0,2013-07-11,14904.0,10106.5,16794.5,13927.5,10630.5,9077.0,49280.0,8678.0,21824.0,128.0,-0.0596400460589615,-0.2486152931117793,2013-07-11,160.0,100.3000030517578,59.70000076293945,5.300000000000001,105.3,3.700000047683716,0.0,265.1973876953125,29.099998474121097,12.75999927520752,1.540000081062317,1.2200000286102295,3.2100000381469727,-3.419999837875366,2013-07-11,130.0,0.0,1.0,356.0,1.0,2013-07-11,56.81,187.5,53.0,2013-07-11,161.7,2013-07-11,14904.0,10106.5,16794.5,13927.5,-0.0596400460589615,-0.2486152931117793,2013-07-11
-27.602222,29.942778,09-04-2015,0.0,0.0,0.0,-1.0,-1.0,2015-09-04,46.995,137.8,65.0,253.0,0.0,0.0,0.0,0.0,0.0,2015-09-04,16028.5,9214.5,13380.5,10459.0,9148.5,8285.0,45330.0,8078.5,21824.0,96.0,0.0900404638035972,-0.18437707457402,2015-09-04,102.5999984741211,27.200000762939453,75.4000015258789,1.4,27.3,7.599999904632568,0.0,196.10235595703125,25.779998779296875,10.479999542236328,1.352000117301941,0.949999988079071,2.069999933242798,-2.2699999809265137,2015-09-04,130.0,0.0,1.0,356.0,1.0,2015-09-04,46.995,137.8,65.0,2015-09-04,185.90001,2015-09-04,16028.5,9214.5,13380.5,10459.0,0.0900404638035972,-0.18437707457402,2015-09-04
-27.602222,29.942778,09-10-2013,0.0,0.0,0.0,-1.0,-1.0,2013-09-10,74.43,183.47,61.0,253.0,0.0,0.0,0.0,0.0,0.0,2013-09-10,14746.0,10270.0,16978.5,14064.0,11192.5,9184.5,48005.0,8704.0,21824.0,96.0,-0.0703714794559407,-0.2461970383690836,2013-09-10,155.3000030517578,51.60000228881836,103.70000457763672,2.7,54.0,4.0,0.0,259.79876708984375,27.920000076293945,10.079999923706056,1.287000060081482,1.2200000286102295,2.990000009536743,-3.679999828338623,2013-09-10,130.0,0.0,1.0,356.0,1.0,2013-09-10,74.43,183.47,61.0,2013-09-10,161.7,2013-09-10,14746.0,10270.0,16978.5,14064.0,-0.0703714794559407,-0.2461970383690836,2013-09-10
-27.602222,29.942778,10-02-2015,0.0,0.0,0.0,-1.0,-1.0,2015-10-02,74.942,195.7,20.0,253.0,0.0,0.0,0.0,0.0,0.0,2015-10-02,16426.5,9370.0,13675.5,10819.5,9414.5,8209.5,47382.0,7907.5,21824.0,160.0,0.0913892764600355,-0.1868260614870574,2015-10-02,143.8000030517578,52.900001525878906,90.9000015258789,2.6,52.5,10.800000190734863,0.0,276.60205078125,29.439998626708984,13.469999313354492,1.633000135421753,1.209999918937683,2.0999999046325684,-1.9299999475479128,2015-10-02,130.0,0.0,1.0,356.0,1.0,2015-10-02,74.942,195.7,20.0,2015-10-02,185.90001,2015-10-02,16426.5,9370.0,13675.5,10819.5,0.0913892764600355,-0.1868260614870574,2015-10-02
-27.602222,29.942778,11-06-2014,0.0,0.0,0.0,-1.0,-1.0,2014-11-06,65.525,193.2,20.0,253.0,0.0,0.0,0.0,0.0,0.0,2014-11-06,14789.5,9863.0,16028.0,12856.0,11063.0,8883.0,42467.0,8366.5,21824.0,160.0,-0.0401882047537923,-0.2381136302189941,2014-11-06,81.30000305175781,3.0,78.30000305175781,0.0,0.0,10.800000190734863,0.0,162.59622192382812,22.439998626708984,1.919999957084656,0.7280000448226929,0.9899999499320984,2.4600000381469727,1.0299999713897705,2014-11-06,130.0,0.0,1.0,356.0,1.0,2014-11-06,65.525,193.2,20.0,2014-11-06,162.40001,2014-11-06,14789.5,9863.0,16028.0,12856.0,-0.0401882047537923,-0.2381136302189941,2014-11-06
-27.573056,24.746389,04-06-2015,0.0,0.0,0.0,-1.0,-1.0,2015-04-06,170.455,461.0,20.0,253.0,0.0,0.0,0.0,0.0,0.0,2015-04-06,14978.5,9925.0,14977.5,12563.0,10565.0,8656.0,42237.0,8075.5,21824.0,224.0,3.3382294031245715e-05,-0.2028912759763068,2015-04-06,77.30000305175781,20.399999618530273,56.900001525878906,1.1,21.5,0.3000000119209289,0.0,154.2998809814453,20.5,2.3399999141693115,0.7100000381469727,0.85999995470047,2.440000057220459,-2.4800000190734863,2015-04-06,130.0,0.0,1.0,296.0,1.0,2015-04-06,170.455,461.0,20.0,2015-04-06,235.0,2015-04-06,14978.5,9925.0,14977.5,12563.0,3.3382294031245715e-05,-0.2028912759763068,2015-04-06
-27.573056,24.746389,06-09-2013,0.0,0.0,0.0,-1.0,-1.0,2013-06-09,170.173,890.24,34.0,253.0,0.0,0.0,0.0,0.0,0.0,2013-06-09,14287.0,10519.0,16913.0,14756.5,11608.5,9233.5,45851.5,8680.0,21824.0,160.0,-0.0841666666666664,-0.2330854476523759,2013-06-09,151.10000610351562,0.1000000014901161,151.0,0.0,0.1,0.3000000119209289,0.0,258.9977722167969,27.11999893188477,6.679999828338623,0.6840000152587891,1.6100000143051147,3.0799999237060547,-3.549999952316284,2013-06-09,130.0,0.0,1.0,296.0,1.0,2013-06-09,170.173,890.24,34.0,2013-06-09,203.0,2013-06-09,14287.0,10519.0,16913.0,14756.5,-0.0841666666666664,-0.2330854476523759,2013-06-09
-27.573056,24.746389,07-05-2015,0.0,0.0,0.0,-1.0,-1.0,2015-07-05,172.405,476.0,20.0,253.0,0.0,0.0,0.0,0.0,0.0,2015-07-05,14668.0,9557.0,14331.0,11946.0,9951.0,8383.5,44299.0,7948.0,21824.0,177.0,0.0116210903824269,-0.1998492967180166,2015-07-05,98.0,1.899999976158142,96.0999984741211,0.1,2.0,0.3000000119209289,0.0,184.79800415039065,27.420000076293945,6.619999885559082,0.9780000448226928,1.350000023841858,2.0,-3.3999998569488525,2015-07-05,130.0,0.0,1.0,296.0,1.0,2015-07-05,172.405,476.0,20.0,2015-07-05,235.0,2015-07-05,14668.0,9557.0,14331.0,11946.0,0.0116210903824269,-0.1998492967180166,2015-07-05
-27.573056,24.746389,08-08-2013,0.0,0.0,0.0,-1.0,-1.0,2013-08-08,187.045,565.2,10.0,253.0,0.0,0.0,0.0,0.0,0.0,2013-08-08,13915.0,10270.5,16386.0,14124.0,11356.0,9003.5,43826.5,8453.0,21824.0,96.0,-0.0815484637470708,-0.2294187158854304,2013-08-08,118.8000030517578,0.0,118.8000030517578,0.0,0.0,0.3000000119209289,0.0,211.60362243652344,23.15999984741211,2.3499999046325684,0.5980000495910645,1.1899999380111694,3.119999885559082,-3.43999981880188,2013-08-08,130.0,0.0,1.0,296.0,1.0,2013-08-08,187.045,565.2,10.0,2013-08-08,203.0,2013-08-08,13915.0,10270.5,16386.0,14124.0,-0.0815484637470708,-0.2294187158854304,2013-08-08
-27.573056,24.746389,08-11-2013,0.0,0.0,0.0,-1.0,-1.0,2013-08-11,214.8,861.77,83.0,253.0,0.0,0.0,0.0,0.0,0.0,2013-08-11,15623.5,10106.5,16812.0,14615.5,11047.0,8790.5,49945.0,8343.5,21824.0,96.0,-0.0366419509488059,-0.2491037762133839,2013-08-11,220.90000915527344,25.0,195.90000915527344,1.3,26.3,0.3000000119209289,0.0,320.09674072265625,33.380001068115234,14.460000038146973,1.165000081062317,2.240000009536743,3.609999895095825,-4.230000019073486,2013-08-11,130.0,0.0,1.0,296.0,1.0,2013-08-11,214.8,861.77,83.0,2013-08-11,203.0,2013-08-11,15623.5,10106.5,16812.0,14615.5,-0.0366419509488059,-0.2491037762133839,2013-08-11
-27.573056,24.746389,10-10-2014,0.0,0.0,0.0,-1.0,-1.0,2014-10-10,162.733,768.0,110.0,253.0,0.0,0.0,0.0,0.0,0.0,2014-10-10,14991.5,10485.5,16027.5,14040.0,11141.5,8904.0,45968.0,8330.0,21824.0,160.0,-0.0333988845546277,-0.2090295326820797,2014-10-10,211.8000030517578,9.40000057220459,202.40000915527344,0.5,9.9,0.3000000119209289,0.0,304.8030090332031,32.09000015258789,12.369999885559082,1.0250000953674316,2.0999999046325684,3.7099997997283936,-3.1399998664855957,2014-10-10,130.0,0.0,1.0,296.0,1.0,2014-10-10,162.733,768.0,110.0,2014-10-10,215.40001,2014-10-10,14991.5,10485.5,16027.5,14040.0,-0.0333988845546277,-0.2090295326820797,2014-10-10
-27.573056,24.746389,10-11-2013,0.0,0.0,0.0,-1.0,-1.0,2013-10-11,182.276,903.0,82.0,253.0,0.0,0.0,0.0,0.0,0.0,2013-10-11,15623.5,10106.5,16812.0,14615.5,11047.0,8790.5,49945.0,8343.5,21824.0,96.0,-0.0366419509488059,-0.2491037762133839,2013-10-11,220.90000915527344,25.0,195.90000915527344,1.3,26.3,0.3000000119209289,0.0,320.09674072265625,33.380001068115234,14.460000038146973,1.165000081062317,2.240000009536743,3.609999895095825,-4.230000019073486,2013-10-11,130.0,0.0,1.0,296.0,1.0,2013-10-11,182.276,903.0,82.0,2013-10-11,203.0,2013-10-11,15623.5,10106.5,16812.0,14615.5,-0.0366419509488059,-0.2491037762133839,2013-10-11
-27.573056,24.746389,11-09-2015,0.0,0.0,0.0,-1.0,-1.0,2015-11-09,162.828,819.0,20.0,253.0,0.0,0.0,0.0,0.0,0.0,2015-11-09,13793.5,10124.5,15566.0,13628.0,10758.5,8996.5,45411.0,8517.0,21824.0,224.0,-0.060372281544304,-0.2118098129658815,2015-11-09,153.3000030517578,16.600000381469727,136.6999969482422,0.9,17.5,0.3000000119209289,0.0,240.39877319335935,28.5,9.300000190734863,0.7880000472068787,1.75,3.2300000190734863,-1.149999976158142,2015-11-09,130.0,0.0,1.0,296.0,1.0,2015-11-09,162.828,819.0,20.0,2015-11-09,235.0,2015-11-09,13793.5,10124.5,15566.0,13628.0,-0.060372281544304,-0.2118098129658815,2015-11-09
-27.5275,30.858056,02-12-2015,0.0,0.0,0.0,-1.0,-1.0,2015-02-12,64.8,155.0,20.0,253.0,0.0,0.0,0.0,0.0,0.0,2015-02-12,15296.5,10043.0,16381.0,14443.0,10596.5,8983.0,47731.5,8671.5,21824.0,96.0,-0.034235656222871,-0.2398577051165598,2015-02-12,166.3000030517578,28.899999618530273,137.40000915527344,1.5,29.9,5.300000190734863,0.0,289.2022705078125,29.969999313354492,16.399999618530273,1.9540001153945925,1.1100000143051147,2.40999984741211,-3.839999914169311,2015-02-12,130.0,0.0,1.0,300.0,1.0,2015-02-12,64.8,155.0,20.0,2015-02-12,166.3,2015-02-12,15296.5,10043.0,16381.0,14443.0,-0.034235656222871,-0.2398577051165598,2015-02-12
-27.5275,30.858056,03-04-2014,0.0,0.0,0.0,-1.0,-1.0,2014-03-04,26.651,86.1,20.0,253.0,0.0,0.0,0.0,0.0,0.0,2014-03-04,17183.5,9529.5,14154.0,11093.0,9353.0,8294.0,44754.5,7961.5,21824.0,160.0,0.0966733147187871,-0.1952625245424021,2014-03-04,95.3000030517578,81.9000015258789,13.40000057220459,3.1,61.8,49.70000076293945,0.0,198.50244140625,25.329999923706055,10.899999618530272,1.4440001249313354,0.8299999833106995,1.6200000047683716,2.40999984741211,2014-03-04,130.0,0.0,1.0,300.0,1.0,2014-03-04,26.651,86.1,20.0,2014-03-04,145.8,2014-03-04,17183.5,9529.5,14154.0,11093.0,0.0966733147187871,-0.1952625245424021,2014-03-04
-27.5275,30.858056,04-07-2013,0.0,0.0,0.0,-1.0,-1.0,2013-04-07,26.72,109.3,11.0,253.0,0.0,0.0,0.0,0.0,0.0,2013-04-07,14444.5,9478.5,15245.0,12430.5,10702.0,8686.5,41157.5,8309.5,21824.0,96.0,-0.0269623941123965,-0.2332396303112414,2013-04-07,66.5,7.599999904632568,58.900001525878906,0.3,6.6000000000000005,8.800000190734863,0.0,156.89649963378906,21.88999938964844,5.079999923706055,0.843000054359436,0.9199999570846558,1.4199999570846558,-2.3999998569488525,2013-04-07,130.0,0.0,1.0,300.0,1.0,2013-04-07,26.72,109.3,11.0,2013-04-07,130.6,2013-04-07,14444.5,9478.5,15245.0,12430.5,-0.0269623941123965,-0.2332396303112414,2013-04-07
-27.5275,30.858056,05-11-2015,0.0,0.0,0.0,-1.0,-1.0,2015-05-11,67.0,146.0,57.0,253.0,0.0,0.0,0.0,0.0,0.0,2015-05-11,15296.5,10043.0,16381.0,14443.0,10596.5,8983.0,47731.5,8671.5,21824.0,96.0,-0.034235656222871,-0.2398577051165598,2015-05-11,157.8000030517578,109.4000015258789,48.400001525878906,5.7,114.7,5.700000286102295,0.0,293.0002746582031,27.53999900817871,12.81999969482422,1.658000111579895,0.9300000071525574,3.0199999809265137,-2.3499999046325684,2015-05-11,130.0,0.0,1.0,300.0,1.0,2015-05-11,67.0,146.0,57.0,2015-05-11,166.3,2015-05-11,15296.5,10043.0,16381.0,14443.0,-0.034235656222871,-0.2398577051165598,2015-05-11
-27.5275,30.858056,06-06-2013,0.0,0.0,0.0,-1.0,-1.0,2013-06-06,30.868,105.6,12.0,253.0,0.0,0.0,0.0,0.0,0.0,2013-06-06,14637.0,9394.0,14800.5,11931.0,10070.0,8495.5,43041.0,8152.5,21824.0,96.0,-0.0055541401273885,-0.2234598772448274,2013-06-06,68.20000457763672,2.4000000953674316,65.80000305175781,0.0,0.6000000000000001,10.100000381469728,0.0,157.20086669921875,21.739999771118164,6.150000095367432,0.9540000557899476,0.8199999928474426,1.9900000095367432,-2.5,2013-06-06,130.0,0.0,1.0,300.0,1.0,2013-06-06,30.868,105.6,12.0,2013-06-06,130.6,2013-06-06,14637.0,9394.0,14800.5,11931.0,-0.0055541401273885,-0.2234598772448274,2013-06-06
-27.5275,30.858056,08-10-2015,0.0,0.0,0.0,-1.0,-1.0,2015-08-10,49.697,135.5,20.0,253.0,0.0,0.0,0.0,0.0,0.0,2015-08-10,14042.0,9929.5,15973.0,14451.0,10490.0,9034.5,46906.0,8784.5,21824.0,96.0,-0.0643344994169579,-0.2333172473699441,2015-08-10,149.0,89.70000457763672,59.29999923706055,4.7,93.8,6.200000286102295,0.0,261.49969482421875,29.19999885559082,13.380000114440918,1.561000108718872,1.25,2.3499999046325684,-1.899999976158142,2015-08-10,130.0,0.0,1.0,300.0,1.0,2015-08-10,49.697,135.5,20.0,2015-08-10,166.3,2015-08-10,14042.0,9929.5,15973.0,14451.0,-0.0643344994169579,-0.2333172473699441,2015-08-10
-27.5275,30.858056,09-01-2014,0.0,0.0,0.0,-1.0,-1.0,2014-09-01,38.093,97.9,37.0,253.0,0.0,0.0,0.0,0.0,0.0,2014-09-01,18636.0,9745.5,14370.0,11374.0,9269.5,8419.0,47110.0,8206.5,21824.0,96.0,0.1292492274131972,-0.1917646327051058,2014-09-01,151.6999969482422,89.0,62.70000076293945,4.1000000000000005,82.2,20.30000114440918,0.0,279.697509765625,28.13999938964844,16.799999237060547,2.0240001678466797,0.8499999642372131,1.809999942779541,-2.7200000286102295,2014-09-01,130.0,0.0,1.0,300.0,1.0,2014-09-01,38.093,97.9,37.0,2014-09-01,122.0,2014-09-01,18636.0,9745.5,14370.0,11374.0,0.1292492274131972,-0.1917646327051058,2014-09-01
-27.5275,30.858056,09-01-2015,0.0,0.0,0.0,-1.0,-1.0,2015-09-01,28.082,89.3,20.0,253.0,0.0,0.0,0.0,0.0,0.0,2015-09-01,18027.5,9853.5,14601.0,11835.5,9489.0,8584.0,47323.5,8368.5,21824.0,96.0,0.105015553886939,-0.1941360485800151,2015-09-01,152.90000915527344,135.40000915527344,17.5,5.5,110.8,42.70000076293945,0.0,273.30120849609375,28.35999870300293,15.579999923706056,1.8880001306533811,0.9399999976158142,1.809999942779541,1.9799998998641968,2015-09-01,130.0,0.0,1.0,300.0,1.0,2015-09-01,28.082,89.3,20.0,2015-09-01,108.200005,2015-09-01,18027.5,9853.5,14601.0,11835.5,0.105015553886939,-0.1941360485800151,2015-09-01
-27.5275,30.858056,11-12-2013,0.0,0.0,0.0,-1.0,-1.0,2013-11-12,16.603,66.48,20.0,253.0,0.0,0.0,0.0,0.0,0.0,2013-11-12,18636.0,9745.5,14370.0,11374.0,9269.5,8419.0,47110.0,8206.5,21824.0,96.0,0.1292492274131972,-0.1917646327051058,2013-11-12,130.60000610351562,130.60000610351562,0.0,8.200000000000001,164.20000000000002,31.200000762939453,0.0,232.5012664794922,26.239999771118164,15.75,1.8020000457763672,0.8100000023841858,1.9900000095367432,-2.0399999618530273,2013-11-12,130.0,0.0,1.0,300.0,1.0,2013-11-12,16.603,66.48,20.0,2013-11-12,151.7,2013-11-12,18636.0,9745.5,14370.0,11374.0,0.1292492274131972,-0.1917646327051058,2013-11-12
-27.5275,30.858056,11-12-2014,0.0,0.0,0.0,-1.0,-1.0,2014-11-12,30.104,80.6,20.0,253.0,0.0,0.0,0.0,0.0,0.0,2014-11-12,16508.0,10003.0,15316.0,13088.0,9966.5,8822.0,47554.5,8583.0,21824.0,96.0,0.0374560080442432,-0.20984241083771,2014-11-12,145.8000030517578,145.8000030517578,0.0,114.7,325.70000000000005,72.80000305175781,0.0,266.5964660644531,27.18000030517578,15.84999942779541,1.8390001058578491,0.8700000047683716,2.119999885559082,2.379999876022339,2014-11-12,130.0,0.0,1.0,300.0,1.0,2014-11-12,30.104,80.6,20.0,2014-11-12,152.90001,2014-11-12,16508.0,10003.0,15316.0,13088.0,0.0374560080442432,-0.20984241083771,2014-11-12
-27.495556,26.074722,01-07-2014,0.0,0.0,0.0,-1.0,-1.0,2014-01-07,217.28,635.0,20.0,253.0,0.0,0.0,0.0,0.0,0.0,2014-01-07,14266.0,10469.0,17841.5,14395.0,11781.0,8964.5,41879.5,8096.0,21824.0,224.0,-0.1113602740792646,-0.2604157468077206,2014-01-07,78.0,0.0,78.0,0.0,0.0,0.699999988079071,0.0,176.9010009765625,18.350000381469727,-1.9399999380111697,0.5550000071525574,0.7699999809265137,2.549999952316284,-3.2100000381469727,2014-01-07,130.0,0.0,1.0,338.0,1.0,2014-01-07,217.28,635.0,20.0,2014-01-07,192.0,2014-01-07,14266.0,10469.0,17841.5,14395.0,-0.1113602740792646,-0.2604157468077206,2014-01-07
-27.495556,26.074722,03-09-2013,0.0,0.0,0.0,-1.0,-1.0,2013-03-09,239.289,695.83,10.0,253.0,0.0,0.0,0.0,0.0,0.0,2013-03-09,14503.5,10533.0,19140.5,15806.5,11889.5,9168.5,43593.5,8480.5,21824.0,96.0,-0.137825466650814,-0.2900736347245849,2013-03-09,151.60000610351562,0.3000000119209289,151.3000030517578,0.0,0.3,0.9000000357627869,0.0,259.1018981933594,26.38999938964844,6.480000019073486,0.7100000381469727,1.5,3.379999876022339,-3.9599997997283936,2013-03-09,130.0,0.0,1.0,338.0,1.0,2013-03-09,239.289,695.83,10.0,2013-03-09,192.40001,2013-03-09,14503.5,10533.0,19140.5,15806.5,-0.137825466650814,-0.2900736347245849,2013-03-09
-27.495556,26.074722,05-09-2014,0.0,0.0,0.0,-1.0,-1.0,2014-05-09,223.543,749.0,20.0,253.0,0.0,0.0,0.0,0.0,0.0,2014-05-09,14754.5,10923.0,19445.5,16163.5,12371.5,9352.0,45552.5,8516.5,21824.0,160.0,-0.137163742690058,-0.2806361855211806,2014-05-09,151.0,0.9000000357627869,150.10000610351562,0.0,0.9,0.6000000238418579,0.0,257.99713134765625,28.3799991607666,7.339999675750732,0.734000027179718,1.71999990940094,2.8899998664855957,-2.919999837875366,2014-05-09,130.0,0.0,1.0,338.0,1.0,2014-05-09,223.543,749.0,20.0,2014-05-09,199.90001,2014-05-09,14754.5,10923.0,19445.5,16163.5,-0.137163742690058,-0.2806361855211806,2014-05-09
-27.495556,26.074722,09-10-2014,0.0,0.0,0.0,-1.0,-1.0,2014-09-10,241.174,779.0,20.0,253.0,0.0,0.0,0.0,0.0,0.0,2014-09-10,16032.0,11401.0,20464.0,16776.5,13079.5,9550.5,48278.0,8602.0,21824.0,160.0,-0.1214379658044713,-0.2844186411423183,2014-09-10,202.1999969482422,10.40000057220459,191.8000030517578,0.5,10.9,0.6000000238418579,0.0,302.99737548828125,30.670000076293945,11.399999618530272,1.061000108718872,1.829999923706055,3.7799999713897705,-3.639999866485596,2014-09-10,130.0,0.0,1.0,338.0,1.0,2014-09-10,241.174,779.0,20.0,2014-09-10,199.90001,2014-09-10,16032.0,11401.0,20464.0,16776.5,-0.1214379658044713,-0.2844186411423183,2014-09-10
-27.495556,26.074722,12-08-2014,0.0,0.0,0.0,-1.0,-1.0,2014-12-08,215.381,715.0,20.0,253.0,0.0,0.0,0.0,0.0,0.0,2014-12-08,14862.5,10903.0,19002.5,15428.5,12431.0,9220.0,43234.0,8291.5,21824.0,224.0,-0.1222501107337955,-0.2708364682081882,2014-12-08,107.5999984741211,11.40000057220459,96.20000457763672,0.6000000000000001,12.0,0.6000000238418579,0.0,192.3023376464844,22.850000381469727,3.5299999713897705,0.6550000309944153,1.1399999856948853,2.9600000381469727,-2.7699999809265137,2014-12-08,130.0,0.0,1.0,338.0,1.0,2014-12-08,215.381,715.0,20.0,2014-12-08,199.90001,2014-12-08,14862.5,10903.0,19002.5,15428.5,-0.1222501107337955,-0.2708364682081882,2014-12-08
-27.4,26.624722,04-03-2015,0.0,0.0,0.0,-1.0,-1.0,2015-04-03,153.17,725.0,26.0,253.0,0.0,0.0,0.0,0.0,0.0,2015-04-03,15388.5,9185.0,12433.0,10164.5,8880.0,7989.5,45422.5,7665.5,21824.0,96.0,0.106230792732239,-0.1502451660653152,2015-04-03,148.3000030517578,57.60000228881836,90.70000457763672,3.0,60.6,0.6000000238418579,0.0,232.1018524169922,29.689998626708984,14.809999465942385,1.537000060081482,1.399999976158142,2.619999885559082,-3.309999942779541,2015-04-03,130.0,1.0,1.0,337.0,1.0,2015-04-03,153.17,725.0,26.0,2015-04-03,218.2,2015-04-03,15388.5,9185.0,12433.0,10164.5,0.106230792732239,-0.1502451660653152,2015-04-03
-27.4,26.624722,04-11-2014,0.0,0.0,0.0,-1.0,-1.0,2014-04-11,238.26,1048.0,132.0,253.0,0.0,0.0,0.0,0.0,0.0,2014-04-11,15649.5,9833.5,14413.5,11877.0,9790.0,8509.5,46585.5,8078.0,21824.0,160.0,0.0411136613112462,-0.1888893471357273,2014-04-11,175.3000030517578,134.60000610351562,40.70000076293945,7.1000000000000005,141.70000000000002,0.6000000238418579,0.0,275.4019470214844,27.75,13.549999237060549,1.2110000848770142,1.4399999380111694,3.4499998092651367,-2.119999885559082,2014-04-11,130.0,1.0,1.0,337.0,1.0,2014-04-11,238.26,1048.0,132.0,2014-04-11,193.1,2014-04-11,15649.5,9833.5,14413.5,11877.0,0.0411136613112462,-0.1888893471357273,2014-04-11
-27.4,26.624722,05-05-2015,0.0,0.0,0.0,-1.0,-1.0,2015-05-05,184.561,470.0,26.0,253.0,0.0,0.0,0.0,0.0,0.0,2015-05-05,13908.5,9118.5,12852.5,10731.5,9121.5,8402.5,42872.5,8194.5,21824.0,96.0,0.0394604088038562,-0.1699512994401703,2015-05-05,93.0,2.799999952316284,90.20000457763672,0.1,2.9000000000000004,0.5,0.0,183.59991455078125,26.489999771118164,5.909999847412109,0.9380000233650208,1.2699999809265137,1.819999933242798,-3.889999866485596,2015-05-05,130.0,1.0,1.0,337.0,1.0,2015-05-05,184.561,470.0,26.0,2015-05-05,218.2,2015-05-05,13908.5,9118.5,12852.5,10731.5,0.0394604088038562,-0.1699512994401703,2015-05-05
-27.4,26.624722,09-09-2014,0.0,0.0,0.0,-1.0,-1.0,2014-09-09,229.73,782.0,132.0,253.0,0.0,0.0,0.0,0.0,0.0,2014-09-09,13093.0,10043.0,15435.5,13453.0,10791.0,8814.0,44074.5,8227.0,21824.0,160.0,-0.0821108715845555,-0.2116490374237093,2014-09-09,154.10000610351562,0.800000011920929,153.3000030517578,0.0,0.8,0.6000000238418579,0.0,258.0960693359375,28.81999969482422,8.0,0.7620000243186951,1.7699999809265137,2.9700000286102295,-2.90999984741211,2014-09-09,130.0,1.0,1.0,337.0,1.0,2014-09-09,229.73,782.0,132.0,2014-09-09,193.1,2014-09-09,13093.0,10043.0,15435.5,13453.0,-0.0821108715845555,-0.2116490374237093,2014-09-09
-27.4,26.624722,09-09-2015,0.0,0.0,0.0,-1.0,-1.0,2015-09-09,144.415,860.0,26.0,253.0,0.0,0.0,0.0,0.0,0.0,2015-09-09,12307.0,9260.0,14020.5,12208.0,9818.0,8440.5,43507.0,7944.5,21824.0,160.0,-0.0650840376032663,-0.2044844397671862,2015-09-09,151.8000030517578,26.399999618530273,125.4000015258789,1.4,27.8,0.5,0.0,238.80133056640625,27.31999969482422,9.179999351501465,0.8110000491142273,1.5999999046325684,3.490000009536743,-1.2300000190734863,2015-09-09,130.0,1.0,1.0,337.0,1.0,2015-09-09,144.415,860.0,26.0,2015-09-09,218.2,2015-09-09,12307.0,9260.0,14020.5,12208.0,-0.0650840376032663,-0.2044844397671862,2015-09-09
-27.4,26.624722,11-11-2014,0.0,0.0,0.0,-1.0,-1.0,2014-11-11,168.594,841.0,26.0,253.0,0.0,0.0,0.0,0.0,0.0,2014-11-11,15649.5,9833.5,14413.5,11877.0,9790.0,8509.5,46585.5,8078.0,21824.0,160.0,0.0411136613112462,-0.1888893471357273,2014-11-11,175.3000030517578,134.60000610351562,40.70000076293945,7.1000000000000005,141.70000000000002,0.6000000238418579,0.0,275.4019470214844,27.75,13.549999237060549,1.2110000848770142,1.4399999380111694,3.4499998092651367,-2.119999885559082,2014-11-11,130.0,1.0,1.0,337.0,1.0,2014-11-11,168.594,841.0,26.0,2014-11-11,193.1,2014-11-11,15649.5,9833.5,14413.5,11877.0,0.0411136613112462,-0.1888893471357273,2014-11-11
-27.4,26.624722,11-11-2015,0.0,0.0,0.0,-1.0,-1.0,2015-11-11,268.765,1105.0,26.0,253.0,0.0,0.0,0.0,0.0,0.0,2015-11-11,16280.5,10568.0,15761.5,13012.0,10420.5,8854.0,50026.5,8339.0,21824.0,160.0,0.0161974907933337,-0.1972502326287996,2015-11-11,210.5,26.200000762939453,184.3000030517578,1.4,27.5,0.5,0.0,330.00225830078125,30.309999465942383,12.710000038146973,1.2060000896453855,1.6999999284744265,3.879999876022339,-3.2699999809265137,2015-11-11,130.0,1.0,1.0,337.0,1.0,2015-11-11,268.765,1105.0,26.0,2015-11-11,218.2,2015-11-11,16280.5,10568.0,15761.5,13012.0,0.0161974907933337,-0.1972502326287996,2015-11-11
-27.4,26.624722,12-03-2015,0.0,0.0,0.0,-1.0,-1.0,2015-12-03,159.34,761.0,26.0,253.0,0.0,0.0,0.0,0.0,0.0,2015-12-03,15388.5,9185.0,12433.0,10164.5,8880.0,7989.5,45422.5,7665.5,21824.0,96.0,0.106230792732239,-0.1502451660653152,2015-12-03,148.3000030517578,57.60000228881836,90.70000457763672,3.0,60.6,0.6000000238418579,0.0,232.1018524169922,29.689998626708984,14.809999465942385,1.537000060081482,1.399999976158142,2.619999885559082,-3.309999942779541,2015-12-03,130.0,1.0,1.0,337.0,1.0,2015-12-03,159.34,761.0,26.0,2015-12-03,218.2,2015-12-03,15388.5,9185.0,12433.0,10164.5,0.106230792732239,-0.1502451660653152,2015-12-03
-27.4,26.624722,12-08-2014,0.0,0.0,0.0,-1.0,-1.0,2014-12-08,210.911,745.0,132.0,253.0,0.0,0.0,0.0,0.0,0.0,2014-12-08,12056.0,9638.0,14127.0,12449.5,10244.5,8709.0,42614.0,8192.5,21824.0,160.0,-0.0790971240881485,-0.1888912265937295,2014-12-08,111.5,11.199999809265137,100.3000030517578,0.6000000000000001,11.8,0.6000000238418579,0.0,191.7994079589844,23.209999084472656,3.9599997997283936,0.6570000052452087,1.1799999475479126,2.990000009536743,-2.6499998569488525,2014-12-08,130.0,1.0,1.0,337.0,1.0,2014-12-08,210.911,745.0,132.0,2014-12-08,193.1,2014-12-08,12056.0,9638.0,14127.0,12449.5,-0.0790971240881485,-0.1888912265937295,2014-12-08
-27.398611,26.614722,02-07-2013,0.8603414497621046,0.8375314861460955,0.1617688217184439,15.21886369997201,1716.404841869577,2013-02-07,198.829,723.0,104.0,253.0,0.0,0.0,0.0,0.0,0.0,2013-02-07,13916.5,9249.5,12863.5,10853.0,9646.5,8200.5,41379.5,7635.5,21824.0,160.0,0.0393203883495144,-0.1634332745443849,2013-02-07,84.20000457763672,1.399999976158142,82.80000305175781,0.1,1.4,0.9000000357627869,0.0,171.09793090820312,21.15999984741211,1.649999976158142,0.6270000338554382,0.9799999594688416,2.4600000381469727,-3.879999876022339,2013-02-07,130.0,0.0,1.0,334.0,1.0,2013-02-07,198.829,723.0,104.0,2013-02-07,177.90001,2013-02-07,13916.5,9249.5,12863.5,10853.0,0.0393203883495144,-0.1634332745443849,2013-02-07
-27.398611,26.614722,03-09-2013,0.8603414497621046,0.8375314861460955,0.1617688217184439,15.21886369997201,1716.404841869577,2013-03-09,205.57,721.0,184.0,253.0,0.0,0.0,0.0,0.0,0.0,2013-03-09,14163.0,9789.0,14700.0,12868.5,10607.0,8682.5,42572.0,8063.0,23888.0,145.0,-0.0186051346013927,-0.2005390175180685,2013-03-09,154.8000030517578,0.6000000238418579,154.1999969482422,0.0,0.6000000000000001,0.9000000357627869,0.0,258.5972900390625,27.079999923706055,7.25,0.7510000467300415,1.559999942779541,3.43999981880188,-3.990000009536743,2013-03-09,130.0,0.0,1.0,334.0,1.0,2013-03-09,205.57,721.0,184.0,2013-03-09,187.40001,2013-03-09,14163.0,9789.0,14700.0,12868.5,-0.0186051346013927,-0.2005390175180685,2013-03-09
-27.398611,26.614722,04-03-2015,0.8603414497621046,0.8424993003078644,0.1667366358802126,16.90386230058774,1716.404841869577,2015-04-03,140.43,660.0,182.0,253.0,0.0,0.0,0.0,0.0,0.0,2015-04-03,15596.5,9167.0,12600.5,10476.5,9054.0,8071.0,45474.5,7733.0,21824.0,96.0,0.1062524382026453,-0.1577351556219127,2015-04-03,148.3000030517578,57.60000228881836,90.70000457763672,3.0,60.6,0.6000000238418579,0.0,232.1018524169922,29.689998626708984,14.809999465942385,1.537000060081482,1.399999976158142,2.619999885559082,-3.309999942779541,2015-04-03,130.0,0.0,1.0,334.0,1.0,2015-04-03,140.43,660.0,182.0,2015-04-03,218.2,2015-04-03,15596.5,9167.0,12600.5,10476.5,0.1062524382026453,-0.1577351556219127,2015-04-03
-27.398611,26.614722,04-11-2014,0.8603414497621046,0.8424993003078644,0.1667366358802126,16.061363000279876,1716.404841869577,2014-04-11,180.98,787.0,185.0,253.0,0.0,0.0,0.0,0.0,0.0,2014-04-11,15705.0,9461.0,14034.5,11532.0,9491.5,8196.5,46763.0,7709.5,21824.0,177.0,0.0561710855932344,-0.1946542955033934,2014-04-11,175.3000030517578,134.60000610351562,40.70000076293945,7.1000000000000005,141.70000000000002,0.6000000238418579,0.0,275.4019470214844,27.75,13.549999237060549,1.2110000848770142,1.4399999380111694,3.4499998092651367,-2.119999885559082,2014-04-11,130.0,0.0,1.0,334.0,1.0,2014-04-11,180.98,787.0,185.0,2014-04-11,193.1,2014-04-11,15705.0,9461.0,14034.5,11532.0,0.0561710855932344,-0.1946542955033934,2014-04-11
-27.398611,26.614722,05-05-2015,0.8603414497621046,0.8424993003078644,0.1667366358802126,16.90386230058774,1716.404841869577,2015-05-05,166.93,436.0,20.0,253.0,0.0,0.0,0.0,0.0,0.0,2015-05-05,14435.5,8848.5,11916.5,10116.0,8800.5,8015.0,42786.5,7705.5,21824.0,96.0,0.0955904675166966,-0.1477486154587038,2015-05-05,93.0,2.799999952316284,90.20000457763672,0.1,2.9000000000000004,0.5,0.0,183.59991455078125,26.489999771118164,5.909999847412109,0.9380000233650208,1.2699999809265137,1.819999933242798,-3.889999866485596,2015-05-05,130.0,0.0,1.0,334.0,1.0,2015-05-05,166.93,436.0,20.0,2015-05-05,218.2,2015-05-05,14435.5,8848.5,11916.5,10116.0,0.0955904675166966,-0.1477486154587038,2015-05-05
-27.398611,26.614722,05-11-2013,0.8603414497621046,0.8375314861460955,0.1617688217184439,15.21886369997201,1716.404841869577,2013-05-11,242.712,1038.0,184.0,253.0,0.0,0.0,0.0,0.0,0.0,2013-05-11,15398.5,9647.0,14383.5,12254.5,10009.5,8380.5,48171.5,7840.5,21824.0,160.0,0.0340809885165535,-0.1971036807390599,2013-05-11,195.8000030517578,45.400001525878906,150.40000915527344,2.4000000000000004,47.7,0.800000011920929,0.0,300.600830078125,30.809999465942383,13.59999942779541,1.2650001049041748,1.75,3.5399999618530273,-4.639999866485596,2013-05-11,130.0,0.0,1.0,334.0,1.0,2013-05-11,242.712,1038.0,184.0,2013-05-11,187.40001,2013-05-11,15398.5,9647.0,14383.5,12254.5,0.0340809885165535,-0.1971036807390599,2013-05-11
-27.398611,26.614722,07-08-2013,0.8603414497621046,0.8375314861460955,0.1617688217184439,15.21886369997201,1716.404841869577,2013-07-08,204.623,732.0,184.0,253.0,0.0,0.0,0.0,0.0,0.0,2013-07-08,13933.5,9841.5,14006.0,12113.5,10501.5,8574.0,41640.5,7874.5,21824.0,224.0,-0.0025948925356573,-0.1746304644092665,2013-07-08,118.4000015258789,0.0,118.4000015258789,0.0,0.0,0.9000000357627869,0.0,212.30047607421875,23.029998779296875,2.2899999618530273,0.5980000495910645,1.1799999475479126,3.119999885559082,-3.839999914169311,2013-07-08,130.0,0.0,1.0,334.0,1.0,2013-07-08,204.623,732.0,184.0,2013-07-08,187.40001,2013-07-08,13933.5,9841.5,14006.0,12113.5,-0.0025948925356573,-0.1746304644092665,2013-07-08
-27.398611,26.614722,09-09-2014,0.8603414497621046,0.8424993003078644,0.1667366358802126,16.061363000279876,1716.404841869577,2014-09-09,246.421,738.0,180.0,253.0,0.0,0.0,0.0,0.0,0.0,2014-09-09,13781.0,9856.0,14679.5,12585.0,10748.0,8814.0,43884.0,8082.0,21824.0,177.0,-0.0315700707998804,-0.1965926922214742,2014-09-09,154.10000610351562,0.800000011920929,153.3000030517578,0.0,0.8,0.6000000238418579,0.0,258.0960693359375,28.81999969482422,8.0,0.7620000243186951,1.7699999809265137,2.9700000286102295,-2.90999984741211,2014-09-09,130.0,0.0,1.0,334.0,1.0,2014-09-09,246.421,738.0,180.0,2014-09-09,193.1,2014-09-09,13781.0,9856.0,14679.5,12585.0,-0.0315700707998804,-0.1965926922214742,2014-09-09
-27.398611,26.614722,09-09-2015,0.8603414497621046,0.8424993003078644,0.1667366358802126,16.90386230058774,1716.404841869577,2015-09-09,240.1,923.0,20.0,253.0,0.0,0.0,0.0,0.0,0.0,2015-09-09,13041.0,9335.0,13868.0,12143.0,9908.0,8475.0,43340.5,8032.5,21824.0,160.0,-0.0307332119365267,-0.1953626686204362,2015-09-09,151.8000030517578,26.399999618530273,125.4000015258789,1.4,27.8,0.5,0.0,238.80133056640625,27.31999969482422,9.179999351501465,0.8110000491142273,1.5999999046325684,3.490000009536743,-1.2300000190734863,2015-09-09,130.0,0.0,1.0,334.0,1.0,2015-09-09,240.1,923.0,20.0,2015-09-09,218.2,2015-09-09,13041.0,9335.0,13868.0,12143.0,-0.0307332119365267,-0.1953626686204362,2015-09-09
-27.398611,26.614722,11-06-2015,0.8603414497621046,0.8424993003078644,0.1667366358802126,16.90386230058774,1716.404841869577,2015-11-06,235.912,817.0,20.0,253.0,0.0,0.0,0.0,0.0,0.0,2015-11-06,13841.0,8777.5,12222.5,10296.0,8899.5,8001.5,40178.0,7634.0,21824.0,160.0,0.0620983367544648,-0.1640476190476182,2015-11-06,76.4000015258789,34.79999923706055,41.60000228881836,1.8,36.7,0.5,0.0,154.69924926757812,19.85999870300293,2.0299999713897705,0.6860000491142273,0.8299999833106995,2.4700000286102295,-2.7899999618530273,2015-11-06,130.0,0.0,1.0,334.0,1.0,2015-11-06,235.912,817.0,20.0,2015-11-06,218.2,2015-11-06,13841.0,8777.5,12222.5,10296.0,0.0620983367544648,-0.1640476190476182,2015-11-06
-27.398611,26.614722,11-09-2014,0.8603414497621046,0.8424993003078644,0.1667366358802126,16.061363000279876,1716.404841869577,2014-11-09,236.706,744.0,180.0,253.0,0.0,0.0,0.0,0.0,0.0,2014-11-09,13781.0,9856.0,14679.5,12585.0,10748.0,8814.0,43884.0,8082.0,21824.0,177.0,-0.0315700707998804,-0.1965926922214742,2014-11-09,154.10000610351562,0.800000011920929,153.3000030517578,0.0,0.8,0.6000000238418579,0.0,258.0960693359375,28.81999969482422,8.0,0.7620000243186951,1.7699999809265137,2.9700000286102295,-2.90999984741211,2014-11-09,130.0,0.0,1.0,334.0,1.0,2014-11-09,236.706,744.0,180.0,2014-11-09,193.1,2014-11-09,13781.0,9856.0,14679.5,12585.0,-0.0315700707998804,-0.1965926922214742,2014-11-09
-27.398611,26.614722,11-11-2014,0.8603414497621046,0.8424993003078644,0.1667366358802126,16.061363000279876,1716.404841869577,2014-11-11,194.428,870.0,185.0,253.0,0.0,0.0,0.0,0.0,0.0,2014-11-11,15705.0,9461.0,14034.5,11532.0,9491.5,8196.5,46763.0,7709.5,21824.0,177.0,0.0561710855932344,-0.1946542955033934,2014-11-11,175.3000030517578,134.60000610351562,40.70000076293945,7.1000000000000005,141.70000000000002,0.6000000238418579,0.0,275.4019470214844,27.75,13.549999237060549,1.2110000848770142,1.4399999380111694,3.4499998092651367,-2.119999885559082,2014-11-11,130.0,0.0,1.0,334.0,1.0,2014-11-11,194.428,870.0,185.0,2014-11-11,193.1,2014-11-11,15705.0,9461.0,14034.5,11532.0,0.0561710855932344,-0.1946542955033934,2014-11-11
-27.398611,26.614722,11-11-2015,0.8603414497621046,0.8424993003078644,0.1667366358802126,16.90386230058774,1716.404841869577,2015-11-11,259.5,1023.0,123.0,253.0,0.0,0.0,0.0,0.0,0.0,2015-11-11,15779.0,9723.0,14486.5,12245.0,10041.0,8547.5,49791.5,8052.5,21824.0,160.0,0.0427053906262905,-0.1967616018505124,2015-11-11,210.5,26.200000762939453,184.3000030517578,1.4,27.5,0.5,0.0,330.00225830078125,30.309999465942383,12.710000038146973,1.2060000896453855,1.6999999284744265,3.879999876022339,-3.2699999809265137,2015-11-11,130.0,0.0,1.0,334.0,1.0,2015-11-11,259.5,1023.0,123.0,2015-11-11,218.2,2015-11-11,15779.0,9723.0,14486.5,12245.0,0.0427053906262905,-0.1967616018505124,2015-11-11
-27.398611,26.614722,12-03-2015,0.8603414497621046,0.8424993003078644,0.1667366358802126,16.90386230058774,1716.404841869577,2015-12-03,186.434,728.0,182.0,253.0,0.0,0.0,0.0,0.0,0.0,2015-12-03,15596.5,9167.0,12600.5,10476.5,9054.0,8071.0,45474.5,7733.0,21824.0,96.0,0.1062524382026453,-0.1577351556219127,2015-12-03,148.3000030517578,57.60000228881836,90.70000457763672,3.0,60.6,0.6000000238418579,0.0,232.1018524169922,29.689998626708984,14.809999465942385,1.537000060081482,1.399999976158142,2.619999885559082,-3.309999942779541,2015-12-03,130.0,0.0,1.0,334.0,1.0,2015-12-03,186.434,728.0,182.0,2015-12-03,218.2,2015-12-03,15596.5,9167.0,12600.5,10476.5,0.1062524382026453,-0.1577351556219127,2015-12-03
-27.398611,26.614722,12-08-2014,0.8603414497621046,0.8424993003078644,0.1667366358802126,16.061363000279876,1716.404841869577,2014-12-08,182.437,747.0,180.0,253.0,0.0,0.0,0.0,0.0,0.0,2014-12-08,14023.0,9926.0,14156.0,11930.5,10669.0,8607.0,42410.5,7863.5,21824.0,224.0,-0.0047198268213918,-0.1756498629681913,2014-12-08,111.5,11.199999809265137,100.3000030517578,0.6000000000000001,11.8,0.6000000238418579,0.0,191.7994079589844,23.209999084472656,3.9599997997283936,0.6570000052452087,1.1799999475479126,2.990000009536743,-2.6499998569488525,2014-12-08,130.0,0.0,1.0,334.0,1.0,2014-12-08,182.437,747.0,180.0,2014-12-08,193.1,2014-12-08,14023.0,9926.0,14156.0,11930.5,-0.0047198268213918,-0.1756498629681913,2014-12-08
-27.38972222,26.46388889,08-07-2015,0.0,0.0,0.0,-1.0,-1.0,2015-08-07,89.795,731.0,20.0,109.0,1.0,80.0,100.0,12.0,1.0,2015-08-07,8809.5,9105.0,9137.0,8771.0,8730.5,7856.0,41605.0,7311.5,21952.0,224.0,-0.0182486835873289,-0.0017541936191207,2015-08-07,82.5,11.5,71.0,0.6000000000000001,12.1,0.5,0.0,165.89764404296875,20.28999900817871,2.4700000286102295,0.6880000233650208,0.8700000047683716,2.7300000190734863,-2.40999984741211,2015-08-07,130.0,0.0,1.0,71.0,1.0,2015-08-07,89.795,731.0,20.0,2015-08-07,219.6,2015-08-07,8809.5,9105.0,9137.0,8771.0,-0.0182486835873289,-0.0017541936191207,2015-08-07
-27.38972222,26.46388889,11-06-2015,0.0,0.0,0.0,-1.0,-1.0,2015-11-06,136.6,815.0,20.0,109.0,1.0,80.0,100.0,12.0,1.0,2015-11-06,8805.5,8895.0,8935.0,8584.0,8673.5,8030.0,40540.0,7780.0,21888.0,96.0,-0.0072996815196865,-0.0022434099831744,2015-11-06,75.30000305175781,35.10000228881836,40.20000076293945,1.8,37.0,0.5,0.0,155.09860229492188,19.739999771118164,1.6799999475479126,0.6890000104904175,0.8100000023841858,2.429999828338623,-2.8299999237060547,2015-11-06,130.0,0.0,1.0,71.0,1.0,2015-11-06,136.6,815.0,20.0,2015-11-06,219.6,2015-11-06,8805.5,8895.0,8935.0,8584.0,-0.0072996815196865,-0.0022434099831744,2015-11-06
-27.38972222,26.46388889,11-09-2014,0.0,0.0,0.0,-1.0,-1.0,2014-11-09,132.482,714.0,68.0,109.0,1.0,80.0,100.0,12.0,1.0,2014-11-09,9097.5,9388.5,8733.0,8489.5,9138.5,8348.5,43091.0,7834.5,21952.0,160.0,0.0204425002103136,0.0361725022763014,2014-11-09,154.1999969482422,0.800000011920929,153.40000915527344,0.0,0.8,0.6000000238418579,0.0,258.50006103515625,28.969999313354492,7.949999809265137,0.7600000500679016,1.7799999713897705,2.950000047683716,-2.919999837875366,2014-11-09,130.0,0.0,1.0,71.0,1.0,2014-11-09,132.482,714.0,68.0,2014-11-09,195.40001,2014-11-09,9097.5,9388.5,8733.0,8489.5,0.0204425002103136,0.0361725022763014,2014-11-09
-27.38972222,26.46388889,11-11-2015,0.0,0.0,0.0,-1.0,-1.0,2015-11-11,140.234,891.0,20.0,109.0,1.0,80.0,100.0,12.0,1.0,2015-11-11,8623.5,9232.5,8805.5,8604.5,8920.0,8066.0,48278.0,7596.0,21952.0,160.0,-0.0104423661713235,0.0236722474775472,2015-11-11,211.6000061035156,24.80000114440918,186.8000030517578,1.3,26.1,0.5,0.0,330.3038330078125,30.42999839782715,12.649999618530272,1.1990000009536743,1.71999990940094,3.899999856948853,-3.240000009536743,2015-11-11,130.0,0.0,1.0,71.0,1.0,2015-11-11,140.234,891.0,20.0,2015-11-11,219.6,2015-11-11,8623.5,9232.5,8805.5,8604.5,-0.0104423661713235,0.0236722474775472,2015-11-11
-27.38972222,26.46388889,12-03-2015,0.0,0.0,0.0,-1.0,-1.0,2015-12-03,134.896,670.0,120.0,109.0,1.0,80.0,100.0,12.0,1.0,2015-12-03,9241.0,8925.0,8426.0,8247.5,8804.5,8005.0,45283.0,7485.0,21952.0,160.0,0.0461312050716021,0.0287591493285687,2015-12-03,150.10000610351562,58.10000228881836,92.0,3.1,61.1,0.5,0.0,232.00405883789065,29.899999618530273,14.90999984741211,1.5390000343322754,1.4299999475479126,2.679999828338623,-3.319999933242798,2015-12-03,130.0,0.0,1.0,71.0,1.0,2015-12-03,134.896,670.0,120.0,2015-12-03,219.6,2015-12-03,9241.0,8925.0,8426.0,8247.5,0.0461312050716021,0.0287591493285687,2015-12-03
-27.363611,31.783333,04-12-2013,0.0,0.0,0.0,-1.0,-1.0,2013-04-12,118.269,200.38,10.0,253.0,0.0,0.0,0.0,0.0,0.0,2013-04-12,19192.0,9265.5,13023.5,9706.0,8791.5,8291.5,45526.0,8186.0,21824.0,96.0,0.1914761527835973,-0.1686033469424372,2013-04-12,132.8000030517578,87.5,45.29999923706055,4.6000000000000005,91.5,7.800000190734863,0.0,220.70278930664065,29.65999984741211,19.559999465942383,2.17900013923645,1.0499999523162842,1.6299999952316284,-1.6299999952316284,2013-04-12,120.0,0.0,1.0,260.0,1.0,2013-04-12,118.269,200.38,10.0,2013-04-12,154.3,2013-04-12,19192.0,9265.5,13023.5,9706.0,0.1914761527835973,-0.1686033469424372,2013-04-12
-27.363611,31.783333,06-08-2014,0.0,0.0,0.0,-1.0,-1.0,2014-06-08,211.098,557.0,20.0,253.0,0.0,0.0,0.0,0.0,0.0,2014-06-08,15464.0,9064.0,12347.0,9913.0,8817.0,8090.0,43002.5,7822.0,21824.0,224.0,0.1120779547660993,-0.1533323992340378,2014-06-08,93.9000015258789,7.599999904632568,86.30000305175781,0.4,7.300000000000001,8.5,0.0,190.80177307128903,27.28999900817871,12.309999465942385,1.4210001230239868,1.1200000047683716,1.6799999475479126,-1.6799999475479126,2014-06-08,120.0,0.0,1.0,260.0,1.0,2014-06-08,211.098,557.0,20.0,2014-06-08,156.90001,2014-06-08,15464.0,9064.0,12347.0,9913.0,0.1120779547660993,-0.1533323992340378,2014-06-08
-27.363611,31.783333,07-07-2015,0.0,0.0,0.0,-1.0,-1.0,2015-07-07,271.227,672.5,20.0,253.0,0.0,0.0,0.0,0.0,0.0,2015-07-07,15939.5,8934.0,12031.5,9487.5,8563.0,7964.5,42180.5,7678.5,21824.0,224.0,0.1397161345679448,-0.1477427201831573,2015-07-07,68.20000457763672,19.100000381469727,49.10000228881836,0.9,18.8,11.300000190734863,0.0,145.39984130859375,25.93000030517578,10.90999984741211,1.295000076293945,1.0399999618530271,1.309999942779541,-1.9900000095367432,2015-07-07,120.0,0.0,1.0,260.0,1.0,2015-07-07,271.227,672.5,20.0,2015-07-07,170.5,2015-07-07,15939.5,8934.0,12031.5,9487.5,0.1397161345679448,-0.1477427201831573,2015-07-07
-27.363611,31.783333,09-06-2015,0.0,0.0,0.0,-1.0,-1.0,2015-09-06,307.165,719.0,56.0,253.0,0.0,0.0,0.0,0.0,0.0,2015-09-06,16690.5,8789.0,11814.0,9432.0,8353.5,7930.5,41516.5,7824.0,21824.0,160.0,0.1710782508025042,-0.1468232781633735,2015-09-06,66.0999984741211,5.599999904632568,60.5,0.2,4.2,12.600000381469728,0.0,152.8002471923828,26.1299991607666,10.800000190734863,1.3390001058578491,1.0099999904632568,1.25,-2.3899998664855957,2015-09-06,120.0,0.0,1.0,260.0,1.0,2015-09-06,307.165,719.0,56.0,2015-09-06,170.5,2015-09-06,16690.5,8789.0,11814.0,9432.0,0.1710782508025042,-0.1468232781633735,2015-09-06
-27.363611,31.783333,10-07-2014,0.0,0.0,0.0,-1.0,-1.0,2014-10-07,286.56,612.0,20.0,253.0,0.0,0.0,0.0,0.0,0.0,2014-10-07,15191.5,8968.5,12389.5,9839.0,8783.5,8047.5,41590.5,7838.0,21824.0,224.0,0.1015916754287368,-0.1601741736117606,2014-10-07,73.0,3.700000047683716,69.30000305175781,0.2,3.0,9.100000381469728,0.0,160.50204467773438,25.969999313354492,9.300000190734863,1.2230000495910645,1.0499999523162842,1.4399999380111694,-1.3600000143051147,2014-10-07,120.0,0.0,1.0,260.0,1.0,2014-10-07,286.56,612.0,20.0,2014-10-07,156.90001,2014-10-07,15191.5,8968.5,12389.5,9839.0,0.1015916754287368,-0.1601741736117606,2014-10-07
-27.363611,31.783333,11-09-2013,0.0,0.0,0.0,-1.0,-1.0,2013-11-09,221.412,514.2,10.0,253.0,0.0,0.0,0.0,0.0,0.0,2013-11-09,14826.5,9109.0,12667.5,10257.0,8900.0,8237.5,43945.5,7954.0,21824.0,224.0,0.0785262239033968,-0.1634100980414659,2013-11-09,120.5999984741211,20.200000762939453,100.4000015258789,1.0,20.3,9.800000190734863,0.0,218.59620666503903,29.75,13.880000114440918,1.6100001335144043,1.2899999618530271,2.059999942779541,-2.490000009536743,2013-11-09,120.0,0.0,1.0,260.0,1.0,2013-11-09,221.412,514.2,10.0,2013-11-09,154.3,2013-11-09,14826.5,9109.0,12667.5,10257.0,0.0785262239033968,-0.1634100980414659,2013-11-09
-27.356667,27.286389,11-06-2015,0.0,0.0,0.0,-1.0,-1.0,2015-11-06,59.826,156.8,155.0,253.0,0.0,0.0,0.0,0.0,0.0,2015-11-06,13331.0,9242.0,13735.5,11449.0,9662.0,8438.5,40609.5,8105.0,21824.0,96.0,-0.0149446733046385,-0.1955608747687947,2015-11-06,74.20000457763672,24.200000762939453,50.0,1.3,25.5,0.6000000238418579,0.0,152.89804077148438,18.84000015258789,1.149999976158142,0.6510000228881836,0.7699999809265137,2.5299999713897705,-2.629999876022339,2015-11-06,130.0,0.0,1.0,330.0,1.0,2015-11-06,59.826,156.8,155.0,2015-11-06,208.3,2015-11-06,13331.0,9242.0,13735.5,11449.0,-0.0149446733046385,-0.1955608747687947,2015-11-06
-27.273889,28.49,01-09-2015,0.3393357623318385,0.3393357623318385,0.0316003363228699,6.619114349775782,675.8211182735427,2015-01-09,45.632,116.9,20.0,126.0,1.0,76.0,94.0,12.0,7.0,2015-01-09,10833.5,9330.5,9773.0,8873.5,9405.5,8553.0,44372.0,8147.5,21824.0,224.0,0.0514643437750222,-0.02316329468422,2015-01-09,126.0,41.900001525878906,84.0999984741211,2.2,43.900000000000006,2.799999952316284,0.0,231.3031311035156,24.86999893188477,6.339999675750732,0.8470000624656677,1.209999918937683,2.859999895095825,-1.25,2015-01-09,100.0,0.0,1.0,344.0,1.0,2015-01-09,45.632,116.9,20.0,2015-01-09,186.7,2015-01-09,10833.5,9330.5,9773.0,8873.5,0.0514643437750222,-0.02316329468422,2015-01-09
-27.273889,28.49,02-09-2015,0.3393357623318385,0.3393357623318385,0.0316003363228699,6.619114349775782,675.8211182735427,2015-02-09,53.417,122.4,20.0,126.0,1.0,76.0,94.0,12.0,7.0,2015-02-09,10833.5,9330.5,9773.0,8873.5,9405.5,8553.0,44372.0,8147.5,21824.0,224.0,0.0514643437750222,-0.02316329468422,2015-02-09,126.0,41.900001525878906,84.0999984741211,2.2,43.900000000000006,2.799999952316284,0.0,231.3031311035156,24.86999893188477,6.339999675750732,0.8470000624656677,1.209999918937683,2.859999895095825,-1.25,2015-02-09,100.0,0.0,1.0,344.0,1.0,2015-02-09,53.417,122.4,20.0,2015-02-09,186.7,2015-02-09,10833.5,9330.5,9773.0,8873.5,0.0514643437750222,-0.02316329468422,2015-02-09
-27.273889,28.49,02-10-2013,0.3393357623318385,0.3077354260089684,0.0,5.9541760089686075,675.8211182735427,2013-02-10,30.502,87.88,22.0,126.0,1.0,76.0,94.0,12.0,7.0,2013-02-10,11686.5,9306.5,10377.5,9195.5,9457.0,8255.0,46457.5,7763.0,21824.0,160.0,0.0593274111675124,-0.0544096728307251,2013-02-10,156.40000915527344,52.5,103.9000015258789,2.8000000000000003,55.2,1.3000000715255735,0.0,271.1006164550781,26.90999984741211,8.389999389648438,1.0890001058578491,1.2400000095367432,2.8999998569488525,-4.369999885559082,2013-02-10,100.0,0.0,1.0,344.0,1.0,2013-02-10,30.502,87.88,22.0,2013-02-10,160.1,2013-02-10,11686.5,9306.5,10377.5,9195.5,0.0593274111675124,-0.0544096728307251,2013-02-10
-27.273889,28.49,03-12-2013,0.3393357623318385,0.3077354260089684,0.0,5.9541760089686075,675.8211182735427,2013-03-12,51.84,137.05,10.0,126.0,1.0,76.0,94.0,12.0,7.0,2013-03-12,13554.5,9132.5,9633.0,8411.0,9226.5,8176.0,45016.0,7976.0,21824.0,96.0,0.1691212938005383,-0.0266712850710078,2013-03-12,146.1999969482422,146.1999969482422,0.0,7.800000000000001,157.0,4.200000286102295,0.0,249.4981231689453,26.11999893188477,13.489999771118164,1.4850000143051147,0.9899999499320984,2.4800000190734863,-2.65999984741211,2013-03-12,100.0,0.0,1.0,344.0,1.0,2013-03-12,51.84,137.05,10.0,2013-03-12,160.1,2013-03-12,13554.5,9132.5,9633.0,8411.0,0.1691212938005383,-0.0266712850710078,2013-03-12
-27.273889,28.49,03-12-2014,0.3393357623318385,0.3256025784753362,0.0178671524663677,6.279778587443946,675.8211182735427,2014-03-12,60.191,164.9,20.0,126.0,1.0,76.0,94.0,12.0,7.0,2014-03-12,12901.0,8987.5,9939.0,8570.0,8914.5,8029.0,45505.0,7791.0,21824.0,96.0,0.1296847635726789,-0.0502734261485216,2014-03-12,158.8000030517578,129.1999969482422,29.600000381469727,6.7,133.9,7.599999904632568,0.0,276.9024963378906,27.209999084472656,13.579999923706056,1.5140000581741333,1.079999923706055,2.559999942779541,-1.2999999523162842,2014-03-12,100.0,0.0,1.0,344.0,1.0,2014-03-12,60.191,164.9,20.0,2014-03-12,162.40001,2014-03-12,12901.0,8987.5,9939.0,8570.0,0.1296847635726789,-0.0502734261485216,2014-03-12
-27.273889,28.49,04-06-2015,0.3393357623318385,0.3393357623318385,0.0316003363228699,6.619114349775782,675.8211182735427,2015-04-06,41.118,106.4,20.0,126.0,1.0,76.0,94.0,12.0,7.0,2015-04-06,10698.5,9088.5,9427.5,8399.0,9239.5,8355.5,41690.5,8012.5,21824.0,96.0,0.0631521415084961,-0.0183084899546337,2015-04-06,66.4000015258789,31.100000381469727,35.29999923706055,1.6,32.4,3.5,0.0,152.49868774414062,17.84000015258789,-1.5299999713897705,0.6420000195503235,0.6599999666213989,2.200000047683716,-2.6499998569488525,2015-04-06,100.0,0.0,1.0,344.0,1.0,2015-04-06,41.118,106.4,20.0,2015-04-06,186.7,2015-04-06,10698.5,9088.5,9427.5,8399.0,0.0631521415084961,-0.0183084899546337,2015-04-06
-27.273889,28.49,04-09-2013,0.3393357623318385,0.3077354260089684,0.0,5.9541760089686075,675.8211182735427,2013-04-09,47.388,132.4,10.0,126.0,1.0,76.0,94.0,12.0,7.0,2013-04-09,11030.0,9341.0,10044.5,8977.0,9482.5,8377.5,44018.5,7840.0,21824.0,209.0,0.0467626752710619,-0.036290010574914,2013-04-09,136.40000915527344,2.9000000953674316,133.5,0.2,3.1,1.3000000715255735,0.0,248.80126953125,25.439998626708984,4.730000019073486,0.8200000524520874,1.2400000095367432,3.2300000190734863,-3.859999895095825,2013-04-09,100.0,0.0,1.0,344.0,1.0,2013-04-09,47.388,132.4,10.0,2013-04-09,160.1,2013-04-09,11030.0,9341.0,10044.5,8977.0,0.0467626752710619,-0.036290010574914,2013-04-09
-27.273889,28.49,05-06-2013,0.3393357623318385,0.3077354260089684,0.0,5.9541760089686075,675.8211182735427,2013-05-06,42.233,138.8,10.0,126.0,1.0,76.0,94.0,12.0,7.0,2013-05-06,9840.5,9156.5,9157.0,8282.0,9304.5,8430.5,40057.5,8141.5,21888.0,96.0,0.0359784182129225,-2.73022633576322e-05,2013-05-06,69.4000015258789,0.1000000014901161,69.30000305175781,0.0,0.0,1.5,0.0,160.7972869873047,19.10999870300293,-0.4899999797344208,0.6700000166893005,0.7400000095367432,2.3299999237060547,-3.40999984741211,2013-05-06,100.0,0.0,1.0,344.0,1.0,2013-05-06,42.233,138.8,10.0,2013-05-06,146.2,2013-05-06,9840.5,9156.5,9157.0,8282.0,0.0359784182129225,-2.73022633576322e-05,2013-05-06
-27.273889,28.49,05-11-2014,0.3393357623318385,0.3256025784753362,0.0178671524663677,6.279778587443946,675.8211182735427,2014-05-11,62.361,184.6,20.0,126.0,1.0,76.0,94.0,12.0,7.0,2014-05-11,13209.5,9557.0,10858.5,9260.5,9631.0,8588.0,45865.5,8210.0,21824.0,160.0,0.0976815688881498,-0.0637505816658908,2014-05-11,147.6999969482422,147.6999969482422,0.0,8.1,161.5,9.600000381469728,0.0,260.8992919921875,25.15999984741211,11.059999465942385,1.2790000438690186,0.9899999499320984,3.2100000381469727,-2.4600000381469727,2014-05-11,100.0,0.0,1.0,344.0,1.0,2014-05-11,62.361,184.6,20.0,2014-05-11,162.40001,2014-05-11,13209.5,9557.0,10858.5,9260.5,0.0976815688881498,-0.0637505816658908,2014-05-11
-27.273889,28.49,07-01-2014,0.3393357623318385,0.3256025784753362,0.0178671524663677,6.279778587443946,675.8211182735427,2014-07-01,43.423,99.95,10.0,126.0,1.0,76.0,94.0,12.0,7.0,2014-07-01,14143.5,8957.0,9463.0,8259.0,9170.5,8069.5,44560.0,7811.0,21824.0,96.0,0.1982716624658454,-0.0274701411509227,2014-07-01,160.10000610351562,64.30000305175781,95.8000030517578,3.4000000000000004,67.2,3.799999952316284,0.0,279.40069580078125,28.86999893188477,15.5,1.7450001239776611,1.1299999952316284,2.0399999618530273,-2.929999828338623,2014-07-01,100.0,0.0,1.0,344.0,1.0,2014-07-01,43.423,99.95,10.0,2014-07-01,72.4,2014-07-01,14143.5,8957.0,9463.0,8259.0,0.1982716624658454,-0.0274701411509227,2014-07-01
-27.273889,28.49,08-01-2014,0.3393357623318385,0.3256025784753362,0.0178671524663677,6.279778587443946,675.8211182735427,2014-08-01,63.111,127.98,37.0,126.0,1.0,76.0,94.0,12.0,7.0,2014-08-01,14143.5,8957.0,9463.0,8259.0,9170.5,8069.5,44560.0,7811.0,21824.0,96.0,0.1982716624658454,-0.0274701411509227,2014-08-01,160.10000610351562,64.30000305175781,95.8000030517578,3.4000000000000004,67.2,3.799999952316284,0.0,279.40069580078125,28.86999893188477,15.5,1.7450001239776611,1.1299999952316284,2.0399999618530273,-2.929999828338623,2014-08-01,100.0,0.0,1.0,344.0,1.0,2014-08-01,63.111,127.98,37.0,2014-08-01,94.1,2014-08-01,14143.5,8957.0,9463.0,8259.0,0.1982716624658454,-0.0274701411509227,2014-08-01
-27.273889,28.49,08-05-2013,0.3393357623318385,0.3077354260089684,0.0,5.9541760089686075,675.8211182735427,2013-08-05,42.031,118.8,68.0,126.0,1.0,76.0,94.0,12.0,7.0,2013-08-05,10892.0,9179.0,8961.5,8146.0,9241.0,8219.5,40988.5,7964.0,21824.0,96.0,0.0972372629511164,0.0119897466993742,2013-08-05,79.9000015258789,0.1000000014901161,79.80000305175781,0.0,0.0,1.5,0.0,172.20327758789062,21.88999938964844,1.5499999523162842,0.8240000605583191,0.8399999737739563,1.809999942779541,-3.179999828338623,2013-08-05,100.0,0.0,1.0,344.0,1.0,2013-08-05,42.031,118.8,68.0,2013-08-05,146.2,2013-08-05,10892.0,9179.0,8961.5,8146.0,0.0972372629511164,0.0119897466993742,2013-08-05
-27.273889,28.49,09-04-2014,0.3393357623318385,0.3256025784753362,0.0178671524663677,6.279778587443946,675.8211182735427,2014-09-04,74.747,153.6,20.0,126.0,1.0,76.0,94.0,12.0,7.0,2014-09-04,11943.5,8891.0,9107.0,8198.0,8794.5,7905.0,42694.0,7703.0,21824.0,96.0,0.1347473931735582,-0.0120013334814978,2014-09-04,101.8000030517578,32.400001525878906,69.4000015258789,1.5,29.6,10.300000190734863,0.0,206.3020477294922,23.959999084472656,6.119999885559082,1.076000094413757,0.8899999856948853,1.9799998998641968,-1.4800000190734863,2014-09-04,100.0,0.0,1.0,344.0,1.0,2014-09-04,74.747,153.6,20.0,2014-09-04,158.8,2014-09-04,11943.5,8891.0,9107.0,8198.0,0.1347473931735582,-0.0120013334814978,2014-09-04
-27.273889,28.49,11-03-2015,0.3393357623318385,0.3393357623318385,0.0316003363228699,6.619114349775782,675.8211182735427,2015-11-03,44.031,118.3,30.0,126.0,1.0,76.0,94.0,12.0,7.0,2015-11-03,11849.5,9010.0,9114.5,8086.5,8910.5,8174.0,43626.0,7947.0,21824.0,96.0,0.1304617439419952,-0.0057656762945184,2015-11-03,132.3000030517578,66.30000305175781,66.0,3.5,69.10000000000001,4.800000190734863,0.0,224.60365295410156,27.6299991607666,12.039999961853027,1.4550000429153442,1.1100000143051147,2.3299999237060547,-2.8499999046325684,2015-11-03,100.0,0.0,1.0,344.0,1.0,2015-11-03,44.031,118.3,30.0,2015-11-03,186.7,2015-11-03,11849.5,9010.0,9114.5,8086.5,0.1304617439419952,-0.0057656762945184,2015-11-03
-27.273889,28.49,11-06-2014,0.3393357623318385,0.3256025784753362,0.0178671524663677,6.279778587443946,675.8211182735427,2014-11-06,51.086,125.5,20.0,126.0,1.0,76.0,94.0,12.0,7.0,2014-11-06,10292.5,9139.0,9341.0,8368.5,9174.0,8537.0,39903.0,8147.5,21824.0,96.0,0.0484630860519008,-0.0109307359307358,2014-11-06,70.0999984741211,1.399999976158142,68.70000457763672,0.0,0.0,6.599999904632568,0.0,160.40310668945312,18.739999771118164,-2.93999981880188,0.5850000381469727,0.75,2.2100000381469727,-2.059999942779541,2014-11-06,100.0,0.0,1.0,344.0,1.0,2014-11-06,51.086,125.5,20.0,2014-11-06,158.8,2014-11-06,10292.5,9139.0,9341.0,8368.5,0.0484630860519008,-0.0109307359307358,2014-11-06
-27.273889,28.49,12-03-2014,0.3393357623318385,0.3256025784753362,0.0178671524663677,6.279778587443946,675.8211182735427,2014-12-03,67.072,150.5,20.0,126.0,1.0,76.0,94.0,12.0,7.0,2014-12-03,11943.5,8891.0,9107.0,8198.0,8794.5,7905.0,42694.0,7703.0,21824.0,96.0,0.1347473931735582,-0.0120013334814978,2014-12-03,113.0,82.5,30.5,3.5,70.3,14.600000381469728,0.0,186.10223388671875,25.78999900817871,12.279999732971191,1.4830000400543213,0.8999999761581421,2.25,-0.9699999690055848,2014-12-03,100.0,0.0,1.0,344.0,1.0,2014-12-03,67.072,150.5,20.0,2014-12-03,158.8,2014-12-03,11943.5,8891.0,9107.0,8198.0,0.1347473931735582,-0.0120013334814978,2014-12-03
-27.169444,29.233889,01-07-2015,0.0,0.0,0.0,-1.0,-1.0,2015-01-07,202.987,418.0,26.0,253.0,0.0,0.0,0.0,0.0,0.0,2015-01-07,15679.5,10475.5,17999.0,13804.5,12019.5,9312.0,39847.5,8630.5,21824.0,160.0,-0.0688718321777986,-0.2642188624909998,2015-01-07,68.30000305175781,13.90000057220459,54.400001525878906,0.7000000000000001,14.5,2.200000047683716,0.0,160.2006378173828,17.959999084472656,-0.1199999973177909,0.6710000038146973,0.6699999570846558,2.2799999713897705,-2.0399999618530273,2015-01-07,130.0,0.0,1.0,345.0,1.0,2015-01-07,202.987,418.0,26.0,2015-01-07,177.0,2015-01-07,15679.5,10475.5,17999.0,13804.5,-0.0688718321777986,-0.2642188624909998,2015-01-07
-27.169444,29.233889,01-10-2014,0.0,0.0,0.0,-1.0,-1.0,2014-01-10,152.736,386.0,20.0,253.0,0.0,0.0,0.0,0.0,0.0,2014-01-10,16765.0,11173.5,20302.5,16331.5,12317.0,9878.0,46806.5,9186.5,21824.0,96.0,-0.0954340055304509,-0.2900304994281348,2014-01-10,156.60000610351562,18.0,138.60000610351562,0.9,18.4,4.300000190734863,0.0,277.3971862792969,26.86999893188477,9.059999465942385,1.1460000276565552,1.209999918937683,2.809999942779541,-3.049999952316284,2014-01-10,130.0,0.0,1.0,345.0,1.0,2014-01-10,152.736,386.0,20.0,2014-01-10,156.2,2014-01-10,16765.0,11173.5,20302.5,16331.5,-0.0954340055304509,-0.2900304994281348,2014-01-10
-27.169444,29.233889,02-07-2013,0.0,0.0,0.0,-1.0,-1.0,2013-02-07,118.947,303.6,10.0,253.0,0.0,0.0,0.0,0.0,0.0,2013-02-07,15044.0,10597.0,19120.5,15102.5,11736.0,9455.5,41972.0,8748.5,21824.0,160.0,-0.1193197617409881,-0.286817531757381,2013-02-07,69.5,1.7000000476837158,67.80000305175781,0.1,1.8,1.399999976158142,0.0,165.49905395507812,18.239999771118164,-1.329999923706055,0.6060000061988831,0.7199999690055847,1.9799998998641968,-2.90999984741211,2013-02-07,130.0,0.0,1.0,345.0,1.0,2013-02-07,118.947,303.6,10.0,2013-02-07,138.3,2013-02-07,15044.0,10597.0,19120.5,15102.5,-0.1193197617409881,-0.286817531757381,2013-02-07
-27.169444,29.233889,02-09-2014,0.0,0.0,0.0,-1.0,-1.0,2014-02-09,198.492,462.0,20.0,253.0,0.0,0.0,0.0,0.0,0.0,2014-02-09,15407.0,11051.0,18864.0,15601.0,12302.5,9690.5,44355.0,8976.0,21824.0,177.0,-0.100872457763123,-0.2611733244191868,2014-02-09,131.0,1.0,130.0,0.0,0.3,4.800000190734863,0.0,252.2010040283203,25.849998474121097,5.609999656677246,0.8770000338554382,1.25,2.669999837875366,-1.96999990940094,2014-02-09,130.0,0.0,1.0,345.0,1.0,2014-02-09,198.492,462.0,20.0,2014-02-09,156.2,2014-02-09,15407.0,11051.0,18864.0,15601.0,-0.100872457763123,-0.2611733244191868,2014-02-09
-27.169444,29.233889,04-11-2014,0.0,0.0,0.0,-1.0,-1.0,2014-04-11,110.054,322.7,20.0,253.0,0.0,0.0,0.0,0.0,0.0,2014-04-11,16520.5,10410.5,18404.5,14617.0,10561.5,9351.5,47546.5,9051.0,21824.0,96.0,-0.0539441660701501,-0.2774249522817967,2014-04-11,140.1999969482422,126.9000015258789,13.300000190734863,6.7,133.20000000000002,3.900000095367432,0.0,260.80035400390625,24.51999855041504,10.739999771118164,1.3340001106262207,0.85999995470047,2.9800000190734863,-2.0899999141693115,2014-04-11,130.0,0.0,1.0,345.0,1.0,2014-04-11,110.054,322.7,20.0,2014-04-11,156.2,2014-04-11,16520.5,10410.5,18404.5,14617.0,-0.0539441660701501,-0.2774249522817967,2014-04-11
-27.169444,29.233889,05-05-2015,0.0,0.0,0.0,-1.0,-1.0,2015-05-05,171.649,369.0,20.0,253.0,0.0,0.0,0.0,0.0,0.0,2015-05-05,15056.5,9516.0,15909.5,12357.0,10026.0,8691.0,42728.0,8360.0,21824.0,96.0,-0.0275463411483561,-0.2514601482763358,2015-05-05,87.5,2.200000047683716,85.30000305175781,0.1,2.1,2.5,0.0,180.1034698486328,23.420000076293945,3.2300000190734863,0.9200000166893004,0.9099999666213988,2.1399998664855957,-2.9800000190734863,2015-05-05,130.0,0.0,1.0,345.0,1.0,2015-05-05,171.649,369.0,20.0,2015-05-05,177.0,2015-05-05,15056.5,9516.0,15909.5,12357.0,-0.0275463411483561,-0.2514601482763358,2015-05-05
-27.169444,29.233889,05-11-2013,0.0,0.0,0.0,-1.0,-1.0,2013-05-11,215.485,477.0,17.0,253.0,0.0,0.0,0.0,0.0,0.0,2013-05-11,15820.0,10756.5,19418.0,15877.0,11200.0,9885.5,48379.0,9579.5,21824.0,96.0,-0.1021056813667061,-0.2870470098924579,2013-05-11,151.90000915527344,95.5,56.400001525878906,5.0,100.5,1.3000000715255735,0.0,269.8991394042969,27.0,10.719999313354492,1.3930000066757202,1.0399999618530271,3.0899999141693115,-3.65999984741211,2013-05-11,130.0,0.0,1.0,345.0,1.0,2013-05-11,215.485,477.0,17.0,2013-05-11,155.5,2013-05-11,15820.0,10756.5,19418.0,15877.0,-0.1021056813667061,-0.2870470098924579,2013-05-11
-27.169444,29.233889,06-08-2013,0.0,0.0,0.0,-1.0,-1.0,2013-06-08,144.694,243.01,10.0,253.0,0.0,0.0,0.0,0.0,0.0,2013-06-08,15171.0,10760.0,19403.0,15554.5,11983.5,9638.5,42103.0,9020.5,21824.0,96.0,-0.1224041187019143,-0.2865431157378235,2013-06-08,99.70000457763672,1.3000000715255735,98.4000015258789,0.1,1.3,1.399999976158142,0.0,206.19699096679688,20.670000076293945,0.4899999797344208,0.659000039100647,0.8799999952316284,2.8399999141693115,-3.0899999141693115,2013-06-08,130.0,0.0,1.0,345.0,1.0,2013-06-08,144.694,243.01,10.0,2013-06-08,155.5,2013-06-08,15171.0,10760.0,19403.0,15554.5,-0.1224041187019143,-0.2865431157378235,2013-06-08
-27.169444,29.233889,08-04-2015,0.0,0.0,0.0,-1.0,-1.0,2015-08-04,143.112,177.3,20.0,253.0,0.0,0.0,0.0,0.0,0.0,2015-08-04,15670.5,9361.0,14668.5,11309.0,9378.5,8390.0,44327.0,8109.5,21824.0,96.0,0.0330267971917333,-0.2208743419546798,2015-08-04,96.8000030517578,32.10000228881836,64.70000457763672,1.7000000000000002,33.6,2.700000047683716,0.0,193.69802856445312,23.469999313354492,8.0,1.186000108718872,0.7999999523162842,2.0999999046325684,-2.679999828338623,2015-08-04,130.0,0.0,1.0,345.0,1.0,2015-08-04,143.112,177.3,20.0,2015-08-04,177.0,2015-08-04,15670.5,9361.0,14668.5,11309.0,0.0330267971917333,-0.2208743419546798,2015-08-04
-27.169444,29.233889,08-07-2014,0.0,0.0,0.0,-1.0,-1.0,2014-08-07,185.837,422.0,20.0,253.0,0.0,0.0,0.0,0.0,0.0,2014-08-07,15306.5,10591.0,17879.5,14420.0,12032.0,9417.0,40895.5,8722.5,21824.0,160.0,-0.0775326945097327,-0.2560018264519406,2014-08-07,68.70000457763672,1.2000000476837158,67.5,0.0,0.0,6.300000190734863,0.0,173.19906616210938,17.729999542236328,-2.40999984741211,0.5590000152587891,0.7199999690055847,1.959999918937683,-1.2200000286102295,2014-08-07,130.0,0.0,1.0,345.0,1.0,2014-08-07,185.837,422.0,20.0,2014-08-07,152.1,2014-08-07,15306.5,10591.0,17879.5,14420.0,-0.0775326945097327,-0.2560018264519406,2014-08-07
-27.169444,29.233889,08-10-2013,0.0,0.0,0.0,-1.0,-1.0,2013-08-10,224.193,385.71,25.0,253.0,0.0,0.0,0.0,0.0,0.0,2013-08-10,15989.5,11170.0,20303.5,16557.0,12268.0,9895.5,47735.0,9227.0,21824.0,160.0,-0.1188658970049317,-0.2901965145280941,2013-08-10,150.60000610351562,37.900001525878906,112.70000457763672,2.0,39.900000000000006,1.3000000715255735,0.0,265.99835205078125,26.489999771118164,8.059999465942383,1.1460000276565552,1.1299999952316284,2.879999876022339,-3.929999828338623,2013-08-10,130.0,0.0,1.0,345.0,1.0,2013-08-10,224.193,385.71,25.0,2013-08-10,155.5,2013-08-10,15989.5,11170.0,20303.5,16557.0,-0.1188658970049317,-0.2901965145280941,2013-08-10
-27.169444,29.233889,12-11-2014,0.0,0.0,0.0,-1.0,-1.0,2014-12-11,78.858,258.0,20.0,253.0,0.0,0.0,0.0,0.0,0.0,2014-12-11,16520.5,10410.5,18404.5,14617.0,10561.5,9351.5,47546.5,9051.0,21824.0,96.0,-0.0539441660701501,-0.2774249522817967,2014-12-11,140.1999969482422,126.9000015258789,13.300000190734863,6.7,133.20000000000002,3.900000095367432,0.0,260.80035400390625,24.51999855041504,10.739999771118164,1.3340001106262207,0.85999995470047,2.9800000190734863,-2.0899999141693115,2014-12-11,130.0,0.0,1.0,345.0,1.0,2014-12-11,78.858,258.0,20.0,2014-12-11,156.2,2014-12-11,16520.5,10410.5,18404.5,14617.0,-0.0539441660701501,-0.2774249522817967,2014-12-11
-27.02314,28.59389,02-09-2015,0.1861836562763268,0.1861836562763268,0.0179022746419545,3.3574136478517267,370.1750210614997,2015-02-09,152.21,427.0,20.0,138.0,1.0,43.0,90.0,3.0,5.0,2015-02-09,11861.0,9780.5,12423.0,10969.0,10128.5,8871.0,44731.0,8365.0,21824.0,160.0,-0.0231428100807114,-0.1190127682572562,2015-02-09,127.5999984741211,39.0,88.5999984741211,2.0,40.900000000000006,2.200000047683716,0.0,232.501220703125,25.15999984741211,6.829999923706055,0.8610000610351562,1.2400000095367432,2.8299999237060547,-1.100000023841858,2015-02-09,130.0,0.0,1.0,338.0,1.0,2015-02-09,152.21,427.0,20.0,2015-02-09,185.5,2015-02-09,11861.0,9780.5,12423.0,10969.0,-0.0231428100807114,-0.1190127682572562,2015-02-09
-27.02314,28.59389,02-10-2013,0.1861836562763268,0.1861836562763268,0.0179022746419545,2.985046335299074,370.1750210614997,2013-02-10,164.585,490.0,96.0,138.0,1.0,43.0,90.0,3.0,5.0,2013-02-10,12462.0,9887.5,12976.0,11499.0,10265.5,9067.5,46925.0,8671.0,21824.0,96.0,-0.0202059910370311,-0.1350843046777609,2013-02-10,159.3000030517578,40.60000228881836,118.70000457763672,2.1,42.7,1.5,0.0,270.0032653808594,27.5,8.84999942779541,1.1069999933242798,1.309999942779541,2.90999984741211,-4.259999752044678,2013-02-10,130.0,0.0,1.0,338.0,1.0,2013-02-10,164.585,490.0,96.0,2013-02-10,160.8,2013-02-10,12462.0,9887.5,12976.0,11499.0,-0.0202059910370311,-0.1350843046777609,2013-02-10
-27.02314,28.59389,04-03-2014,0.1861836562763268,0.1861836562763268,0.0179022746419545,3.1712299915754,370.1750210614997,2014-04-03,103.233,289.8,39.0,138.0,1.0,43.0,90.0,3.0,5.0,2014-04-03,10563.5,9479.0,10008.0,8984.5,9586.0,8544.5,43717.0,8261.5,21888.0,96.0,0.0270033784604913,-0.0271463026633138,2014-04-03,112.0999984741211,88.80000305175781,23.30000114440918,3.6,71.9,17.5,0.0,184.40377807617188,25.849998474121097,12.5,1.496000051498413,0.8999999761581421,2.200000047683716,2.309999942779541,2014-04-03,130.0,0.0,1.0,338.0,1.0,2014-04-03,103.233,289.8,39.0,2014-04-03,158.2,2014-04-03,10563.5,9479.0,10008.0,8984.5,0.0270033784604913,-0.0271463026633138,2014-04-03
-27.02314,28.59389,05-06-2013,0.1861836562763268,0.1861836562763268,0.0179022746419545,2.985046335299074,370.1750210614997,2013-05-06,83.422,285.3,12.0,138.0,1.0,43.0,90.0,3.0,5.0,2013-05-06,10310.5,9048.0,10390.0,9517.5,9191.0,8432.5,40720.5,8192.0,21824.0,96.0,-0.0038404869447597,-0.0690400246938982,2013-05-06,71.4000015258789,0.1000000014901161,71.30000305175781,0.0,0.0,1.7000000476837158,0.0,162.39926147460938,19.559999465942383,0.0799999982118606,0.6800000071525574,0.7699999809265137,2.3299999237060547,-3.299999952316284,2013-05-06,130.0,0.0,1.0,338.0,1.0,2013-05-06,83.422,285.3,12.0,2013-05-06,145.3,2013-05-06,10310.5,9048.0,10390.0,9517.5,-0.0038404869447597,-0.0690400246938982,2013-05-06
-27.02314,28.59389,05-11-2014,0.1861836562763268,0.1861836562763268,0.0179022746419545,3.1712299915754,370.1750210614997,2014-05-11,129.323,358.3,20.0,138.0,1.0,43.0,90.0,3.0,5.0,2014-05-11,12919.0,10112.0,12243.0,10719.5,10247.0,9040.5,47038.0,8552.5,21824.0,160.0,0.0268659089102614,-0.0953254305524487,2014-05-11,146.6999969482422,137.3000030517578,9.40000057220459,7.2,144.1,4.300000190734863,0.0,259.4976806640625,25.299999237060547,11.279999732971191,1.308000087738037,0.9799999594688416,3.0999999046325684,-2.059999942779541,2014-05-11,130.0,0.0,1.0,338.0,1.0,2014-05-11,129.323,358.3,20.0,2014-05-11,161.8,2014-05-11,12919.0,10112.0,12243.0,10719.5,0.0268659089102614,-0.0953254305524487,2014-05-11
-27.02314,28.59389,06-03-2015,0.1861836562763268,0.1861836562763268,0.0179022746419545,3.3574136478517267,370.1750210614997,2015-06-03,95.745,271.7,52.0,138.0,1.0,43.0,90.0,3.0,5.0,2015-06-03,11412.0,9983.0,10199.5,9305.0,10013.0,8833.5,44774.0,8429.0,21824.0,96.0,0.0561043888670381,-0.0107271150749411,2015-06-03,133.0,60.5,72.5,3.2,63.5,3.1000001430511475,0.0,226.99981689453125,27.719999313354492,12.139999389648438,1.467000126838684,1.1100000143051147,2.309999942779541,-2.5999999046325684,2015-06-03,130.0,0.0,1.0,338.0,1.0,2015-06-03,95.745,271.7,52.0,2015-06-03,185.5,2015-06-03,11412.0,9983.0,10199.5,9305.0,0.0561043888670381,-0.0107271150749411,2015-06-03
-27.02314,28.59389,07-08-2014,0.1861836562763268,0.1861836562763268,0.0179022746419545,3.1712299915754,370.1750210614997,2014-07-08,186.889,464.0,20.0,138.0,1.0,43.0,90.0,3.0,5.0,2014-07-08,10944.0,9727.0,11296.5,10071.5,10033.0,8920.0,41409.0,8428.5,21888.0,160.0,-0.0158494638160112,-0.0746545532380427,2014-07-08,98.3000030517578,6.5,91.8000030517578,0.3,6.0,5.900000095367432,0.0,197.2987060546875,21.8799991607666,1.8499999046325684,0.6660000085830688,1.0,2.5199999809265137,-1.5,2014-07-08,130.0,0.0,1.0,338.0,1.0,2014-07-08,186.889,464.0,20.0,2014-07-08,161.8,2014-07-08,10944.0,9727.0,11296.5,10071.5,-0.0158494638160112,-0.0746545532380427,2014-07-08
-27.02314,28.59389,07-12-2013,0.1861836562763268,0.1861836562763268,0.0179022746419545,2.985046335299074,370.1750210614997,2013-07-12,54.447,194.22,26.0,138.0,1.0,43.0,90.0,3.0,5.0,2013-07-12,11101.0,10131.5,9952.0,9161.0,10631.0,9255.5,45653.5,8845.0,21824.0,96.0,0.0545765449104638,0.0089376851644384,2013-07-12,145.3000030517578,142.8000030517578,2.5,7.5,150.20000000000002,1.399999976158142,0.0,248.20053100585935,26.209999084472656,13.59000015258789,1.5070000886917114,0.9799999594688416,2.450000047683716,-2.369999885559082,2013-07-12,130.0,0.0,1.0,338.0,1.0,2013-07-12,54.447,194.22,26.0,2013-07-12,160.8,2013-07-12,11101.0,10131.5,9952.0,9161.0,0.0545765449104638,0.0089376851644384,2013-07-12
-27.02314,28.59389,08-01-2014,0.1861836562763268,0.1861836562763268,0.0179022746419545,3.1712299915754,370.1750210614997,2014-08-01,76.742,232.69,24.0,138.0,1.0,43.0,90.0,3.0,5.0,2014-08-01,11471.0,9835.0,9786.5,8987.5,10571.5,8763.5,45507.5,8362.5,21824.0,96.0,0.0792426202516755,0.0024717784063399,2014-08-01,160.8000030517578,65.80000305175781,95.0,3.5,69.2,1.399999976158142,0.0,282.20391845703125,28.85999870300293,15.519999504089355,1.7660000324249268,1.1100000143051147,2.049999952316284,-2.740000009536743,2014-08-01,130.0,0.0,1.0,338.0,1.0,2014-08-01,76.742,232.69,24.0,2014-08-01,98.3,2014-08-01,11471.0,9835.0,9786.5,8987.5,0.0792426202516755,0.0024717784063399,2014-08-01
-27.02314,28.59389,08-05-2013,0.1861836562763268,0.1861836562763268,0.0179022746419545,2.985046335299074,370.1750210614997,2013-08-05,75.801,266.2,22.0,138.0,1.0,43.0,90.0,3.0,5.0,2013-08-05,10978.0,9473.0,10424.0,9316.5,9654.5,8499.0,41792.5,8043.0,21824.0,96.0,0.0258854312681056,-0.0477961501733927,2013-08-05,81.20000457763672,0.1000000014901161,81.0999984741211,0.0,0.0,1.8000000715255735,0.0,174.50210571289062,22.51999855041504,2.2100000381469727,0.8350000381469727,0.8899999856948853,1.71999990940094,-3.119999885559082,2013-08-05,130.0,0.0,1.0,338.0,1.0,2013-08-05,75.801,266.2,22.0,2013-08-05,145.3,2013-08-05,10978.0,9473.0,10424.0,9316.5,0.0258854312681056,-0.0477961501733927,2013-08-05
-27.02314,28.59389,09-04-2014,0.1861836562763268,0.1861836562763268,0.0179022746419545,3.1712299915754,370.1750210614997,2014-09-04,88.697,258.1,42.0,138.0,1.0,43.0,90.0,3.0,5.0,2014-09-04,10563.5,9479.0,10008.0,8984.5,9586.0,8544.5,43717.0,8261.5,21888.0,96.0,0.0270033784604913,-0.0271463026633138,2014-09-04,103.0999984741211,31.80000114440918,71.30000305175781,1.4,28.0,12.300000190734863,0.0,207.90155029296875,24.239999771118164,6.739999771118164,1.0910000801086426,0.9199999570846558,1.96999990940094,1.5499999523162842,2014-09-04,130.0,0.0,1.0,338.0,1.0,2014-09-04,88.697,258.1,42.0,2014-09-04,158.2,2014-09-04,10563.5,9479.0,10008.0,8984.5,0.0270033784604913,-0.0271463026633138,2014-09-04
-27.02314,28.59389,09-06-2015,0.1861836562763268,0.1861836562763268,0.0179022746419545,3.3574136478517267,370.1750210614997,2015-09-06,151.916,414.0,20.0,138.0,1.0,43.0,90.0,3.0,5.0,2015-09-06,10775.5,9221.0,10739.0,9616.5,9425.0,8457.0,42443.0,8028.5,21824.0,96.0,0.0016965302470426,-0.0760521042084164,2015-09-06,68.5,22.200000762939453,46.29999923706055,1.2000000000000002,23.200000000000003,2.6000001430511475,0.0,154.6014404296875,18.399999618530273,-0.959999978542328,0.6550000309944153,0.6899999976158142,2.200000047683716,-2.5,2015-09-06,130.0,0.0,1.0,338.0,1.0,2015-09-06,151.916,414.0,20.0,2015-09-06,185.5,2015-09-06,10775.5,9221.0,10739.0,9616.5,0.0016965302470426,-0.0760521042084164,2015-09-06
-27.02314,28.59389,11-03-2015,0.1861836562763268,0.1861836562763268,0.0179022746419545,3.3574136478517267,370.1750210614997,2015-11-03,93.825,269.4,46.0,138.0,1.0,43.0,90.0,3.0,5.0,2015-11-03,11412.0,9983.0,10199.5,9305.0,10013.0,8833.5,44774.0,8429.0,21824.0,96.0,0.0561043888670381,-0.0107271150749411,2015-11-03,133.0,60.5,72.5,3.2,63.5,3.1000001430511475,0.0,226.99981689453125,27.719999313354492,12.139999389648438,1.467000126838684,1.1100000143051147,2.309999942779541,-2.5999999046325684,2015-11-03,130.0,0.0,1.0,338.0,1.0,2015-11-03,93.825,269.4,46.0,2015-11-03,185.5,2015-11-03,11412.0,9983.0,10199.5,9305.0,0.0561043888670381,-0.0107271150749411,2015-11-03
-27.02314,28.59389,11-06-2014,0.1861836562763268,0.1861836562763268,0.0179022746419545,3.1712299915754,370.1750210614997,2014-11-06,168.631,407.0,20.0,138.0,1.0,43.0,90.0,3.0,5.0,2014-11-06,10339.5,9194.0,10703.0,9816.5,9369.0,8489.0,40808.0,8187.0,21824.0,96.0,-0.0172745633836282,-0.0758405789817556,2014-11-06,72.30000305175781,1.7000000476837158,70.5999984741211,0.0,0.0,7.900000095367432,0.0,161.79647827148438,19.260000228881836,-2.299999952316284,0.5980000495910645,0.7799999713897705,2.240000009536743,-1.209999918937683,2014-11-06,130.0,0.0,1.0,338.0,1.0,2014-11-06,168.631,407.0,20.0,2014-11-06,158.2,2014-11-06,10339.5,9194.0,10703.0,9816.5,-0.0172745633836282,-0.0758405789817556,2014-11-06
-27.02314,28.59389,11-06-2015,0.1861836562763268,0.1861836562763268,0.0179022746419545,3.3574136478517267,370.1750210614997,2015-11-06,154.812,471.0,20.0,138.0,1.0,43.0,90.0,3.0,5.0,2015-11-06,10775.5,9221.0,10739.0,9616.5,9425.0,8457.0,42443.0,8028.5,21824.0,96.0,0.0016965302470426,-0.0760521042084164,2015-11-06,68.5,22.200000762939453,46.29999923706055,1.2000000000000002,23.200000000000003,2.6000001430511475,0.0,154.6014404296875,18.399999618530273,-0.959999978542328,0.6550000309944153,0.6899999976158142,2.200000047683716,-2.5,2015-11-06,130.0,0.0,1.0,338.0,1.0,2015-11-06,154.812,471.0,20.0,2015-11-06,185.5,2015-11-06,10775.5,9221.0,10739.0,9616.5,0.0016965302470426,-0.0760521042084164,2015-11-06
-27.02314,28.59389,12-03-2014,0.1861836562763268,0.1861836562763268,0.0179022746419545,3.1712299915754,370.1750210614997,2014-12-03,60.084,200.4,71.0,138.0,1.0,43.0,90.0,3.0,5.0,2014-12-03,10563.5,9479.0,10008.0,8984.5,9586.0,8544.5,43717.0,8261.5,21888.0,96.0,0.0270033784604913,-0.0271463026633138,2014-12-03,112.0999984741211,88.80000305175781,23.30000114440918,3.6,71.9,17.5,0.0,184.40377807617188,25.849998474121097,12.5,1.496000051498413,0.8999999761581421,2.200000047683716,2.309999942779541,2014-12-03,130.0,0.0,1.0,338.0,1.0,2014-12-03,60.084,200.4,71.0,2014-12-03,158.2,2014-12-03,10563.5,9479.0,10008.0,8984.5,0.0270033784604913,-0.0271463026633138,2014-12-03
-27.01011111,26.69808333,02-07-2014,0.0,0.0,0.0,-1.0,-1.0,2014-02-07,140.647,657.0,20.0,127.0,1.0,59.0,93.0,8.0,5.0,2014-02-07,10668.5,9226.5,10876.5,9871.0,9298.5,8387.5,40962.5,7895.5,21824.0,224.0,-0.0096542121141795,-0.0820773018952391,2014-02-07,78.9000015258789,0.0,78.9000015258789,0.0,0.0,0.6000000238418579,0.0,177.7996826171875,19.799999237060547,0.3700000047683716,0.562000036239624,0.9099999666213988,2.1499998569488525,-2.6499998569488525,2014-02-07,210.0,0.0,1.0,119.0,1.0,2014-02-07,140.647,657.0,20.0,2014-02-07,180.0,2014-02-07,10668.5,9226.5,10876.5,9871.0,-0.0096542121141795,-0.0820773018952391,2014-02-07
-27.01011111,26.69808333,02-09-2015,0.0,0.0,0.0,-1.0,-1.0,2015-02-09,108.975,765.0,20.0,127.0,1.0,59.0,93.0,8.0,5.0,2015-02-09,10402.5,8898.0,10947.5,9918.5,9122.0,8279.5,42613.5,8013.5,21824.0,96.0,-0.025526932084309,-0.1032727822428253,2015-02-09,148.0,34.20000076293945,113.8000030517578,1.8,36.0,0.5,0.0,238.4997711181641,26.63999938964844,9.429999351501465,0.815000057220459,1.5299999713897705,3.40999984741211,-1.149999976158142,2015-02-09,210.0,0.0,1.0,119.0,1.0,2015-02-09,108.975,765.0,20.0,2015-02-09,210.0,2015-02-09,10402.5,8898.0,10947.5,9918.5,-0.025526932084309,-0.1032727822428253,2015-02-09
-27.01011111,26.69808333,03-07-2013,0.0,0.0,0.0,-1.0,-1.0,2013-03-07,113.038,667.0,18.0,127.0,1.0,59.0,93.0,8.0,5.0,2013-03-07,14480.0,11557.5,14105.0,12485.5,12235.0,9568.5,38186.5,8450.5,55052.0,224.0,0.0131187685849221,-0.0992693619094005,2013-03-07,82.9000015258789,0.699999988079071,82.20000457763672,0.0,0.7000000000000001,0.9000000357627869,0.0,172.7960205078125,20.520000457763672,1.579999923706055,0.6220000386238098,0.9300000071525574,2.419999837875366,-3.7799999713897705,2013-03-07,210.0,0.0,1.0,119.0,1.0,2013-03-07,113.038,667.0,18.0,2013-03-07,170.6,2013-03-07,14480.0,11557.5,14105.0,12485.5,0.0131187685849221,-0.0992693619094005,2013-03-07
-27.01011111,26.69808333,04-03-2015,0.0,0.0,0.0,-1.0,-1.0,2015-04-03,137.126,683.0,165.0,127.0,1.0,59.0,93.0,8.0,5.0,2015-04-03,14134.0,9087.0,10595.5,8740.0,8651.5,8030.0,44821.5,7718.5,21824.0,96.0,0.1430882144806804,-0.0766416867775939,2015-04-03,144.90000915527344,57.0,87.9000015258789,3.0,60.0,0.5,0.0,233.90304565429688,28.959999084472656,14.429999351501465,1.5390000343322754,1.2899999618530271,2.5799999237060547,-3.4600000381469727,2015-04-03,210.0,0.0,1.0,119.0,1.0,2015-04-03,137.126,683.0,165.0,2015-04-03,210.0,2015-04-03,14134.0,9087.0,10595.5,8740.0,0.1430882144806804,-0.0766416867775939,2015-04-03
-27.01011111,26.69808333,04-09-2013,0.0,0.0,0.0,-1.0,-1.0,2013-04-09,120.709,642.82,37.0,127.0,1.0,59.0,93.0,8.0,5.0,2013-04-09,10969.0,9019.5,11445.5,10363.5,9318.0,8250.5,42149.0,7937.5,21824.0,96.0,-0.021258560306944,-0.1185438553628139,2013-04-09,152.8000030517578,0.9000000357627869,151.90000915527344,0.0,0.9,0.800000011920929,0.0,257.9965515136719,26.649999618530273,7.579999923706055,0.7660000324249268,1.5099999904632568,3.43999981880188,-3.9499998092651367,2013-04-09,210.0,0.0,1.0,119.0,1.0,2013-04-09,120.709,642.82,37.0,2013-04-09,181.0,2013-04-09,10969.0,9019.5,11445.5,10363.5,-0.021258560306944,-0.1185438553628139,2013-04-09
-27.01011111,26.69808333,05-08-2015,0.0,0.0,0.0,-1.0,-1.0,2015-05-08,144.603,791.0,20.0,127.0,1.0,59.0,93.0,8.0,5.0,2015-05-08,10781.5,8817.5,10899.5,9726.0,8902.5,8113.5,41080.5,7787.5,21824.0,100.0,-0.0054425533877588,-0.1055941573261647,2015-05-08,111.9000015258789,19.100000381469727,92.8000030517578,1.0,20.1,0.5,0.0,209.59910583496097,23.010000228881836,2.4600000381469727,0.5820000171661377,1.1899999380111694,2.6499998569488525,-1.8799999952316284,2015-05-08,210.0,0.0,1.0,119.0,1.0,2015-05-08,144.603,791.0,20.0,2015-05-08,210.0,2015-05-08,10781.5,8817.5,10899.5,9726.0,-0.0054425533877588,-0.1055941573261647,2015-05-08
-27.01011111,26.69808333,05-09-2014,0.0,0.0,0.0,-1.0,-1.0,2014-05-09,136.222,724.0,83.0,127.0,1.0,59.0,93.0,8.0,5.0,2014-05-09,10779.5,9193.5,11761.5,10685.5,9353.0,8288.5,43111.0,7814.0,21824.0,160.0,-0.0435650592254112,-0.1225483178239078,2014-05-09,152.8000030517578,0.699999988079071,152.10000610351562,0.0,0.7000000000000001,0.6000000238418579,0.0,259.70379638671875,28.13999938964844,8.289999961853027,0.7670000195503235,1.6899999380111694,3.0,-2.5899999141693115,2014-05-09,210.0,0.0,1.0,119.0,1.0,2014-05-09,136.222,724.0,83.0,2014-05-09,185.5,2014-05-09,10779.5,9193.5,11761.5,10685.5,-0.0435650592254112,-0.1225483178239078,2014-05-09
-27.01011111,26.69808333,05-11-2013,0.0,0.0,0.0,-1.0,-1.0,2013-05-11,153.328,712.0,132.0,127.0,1.0,59.0,93.0,8.0,5.0,2013-05-11,13496.0,9198.0,11682.0,9993.5,8941.0,8175.5,46158.0,7857.0,21824.0,113.0,0.072047025180713,-0.1189655172413787,2013-05-11,190.0,44.60000228881836,145.40000915527344,2.3000000000000003,46.900000000000006,0.800000011920929,0.0,297.99761962890625,30.25,13.719999313354492,1.290000081062317,1.659999966621399,3.40999984741211,-4.630000114440918,2013-05-11,210.0,0.0,1.0,119.0,1.0,2013-05-11,153.328,712.0,132.0,2013-05-11,181.0,2013-05-11,13496.0,9198.0,11682.0,9993.5,0.072047025180713,-0.1189655172413787,2013-05-11
-27.01011111,26.69808333,05-11-2014,0.0,0.0,0.0,-1.0,-1.0,2014-05-11,147.841,766.0,181.0,127.0,1.0,59.0,93.0,8.0,5.0,2014-05-11,13069.0,9304.5,11672.0,10127.5,9108.5,8274.0,46268.5,7931.5,21824.0,160.0,0.0564649771634127,-0.11286439587157,2014-05-11,169.6999969482422,106.8000030517578,62.900001525878906,5.6000000000000005,112.4,0.6000000238418579,0.0,270.60345458984375,27.28999900817871,13.670000076293944,1.2420001029968262,1.3600000143051147,3.369999885559082,-2.190000057220459,2014-05-11,210.0,0.0,1.0,119.0,1.0,2014-05-11,147.841,766.0,181.0,2014-05-11,185.5,2014-05-11,13069.0,9304.5,11672.0,10127.5,0.0564649771634127,-0.11286439587157,2014-05-11
-27.01011111,26.69808333,06-05-2015,0.0,0.0,0.0,-1.0,-1.0,2015-06-05,142.598,764.0,20.0,127.0,1.0,59.0,93.0,8.0,5.0,2015-06-05,11786.0,8782.5,10265.5,9020.5,8569.0,8005.0,42547.0,7723.0,21824.0,96.0,0.0689522254721898,-0.0778559428811419,2015-06-05,93.3000030517578,1.8000000715255735,91.5,0.1,1.9,0.5,0.0,186.10202026367188,26.049999237060547,5.87999963760376,0.9540000557899476,1.1999999284744265,1.8700000047683716,-3.9700000286102295,2015-06-05,210.0,0.0,1.0,119.0,1.0,2015-06-05,142.598,764.0,20.0,2015-06-05,210.0,2015-06-05,11786.0,8782.5,10265.5,9020.5,0.0689522254721898,-0.0778559428811419,2015-06-05
-27.01011111,26.69808333,08-08-2013,0.0,0.0,0.0,-1.0,-1.0,2013-08-08,121.598,691.0,10.0,127.0,1.0,59.0,93.0,8.0,5.0,2013-08-08,11105.5,9258.0,11253.0,9948.0,9524.0,8303.5,41469.5,7808.0,21824.0,224.0,-0.0065970436299393,-0.0972648822582999,2013-08-08,116.0,0.0,116.0,0.0,0.0,0.9000000357627869,0.0,214.3029327392578,22.26999855041504,2.7200000286102295,0.6040000319480896,1.1200000047683716,3.109999895095825,-3.75,2013-08-08,210.0,0.0,1.0,119.0,1.0,2013-08-08,121.598,691.0,10.0,2013-08-08,181.0,2013-08-08,11105.5,9258.0,11253.0,9948.0,-0.0065970436299393,-0.0972648822582999,2013-08-08
-27.01011111,26.69808333,09-06-2015,0.0,0.0,0.0,-1.0,-1.0,2015-09-06,136.072,839.0,20.0,127.0,1.0,59.0,93.0,8.0,5.0,2015-09-06,10941.5,8778.0,10081.0,9204.0,8803.0,8070.0,40251.5,7827.0,21824.0,96.0,0.0409323344036149,-0.0690916803648122,2015-09-06,76.70000457763672,24.80000114440918,51.900001525878906,1.3,26.1,0.5,0.0,156.19888305664062,19.579999923706055,2.169999837875366,0.6880000233650208,0.8100000023841858,2.5199999809265137,-2.990000009536743,2015-09-06,210.0,0.0,1.0,119.0,1.0,2015-09-06,136.072,839.0,20.0,2015-09-06,210.0,2015-09-06,10941.5,8778.0,10081.0,9204.0,0.0409323344036149,-0.0690916803648122,2015-09-06
-27.01011111,26.69808333,09-07-2015,0.0,0.0,0.0,-1.0,-1.0,2015-09-07,132.578,793.0,20.0,127.0,1.0,59.0,93.0,8.0,5.0,2015-09-07,10835.0,8717.0,10315.5,9252.5,8774.5,7877.0,41155.5,7474.0,21824.0,228.0,0.0245620670906124,-0.0839879154078545,2015-09-07,82.0,7.400000095367432,74.5999984741211,0.4,7.7,0.5,0.0,168.49755859375,20.0,2.9700000286102295,0.6910000443458557,0.85999995470047,2.65999984741211,-2.5799999237060547,2015-09-07,210.0,0.0,1.0,119.0,1.0,2015-09-07,132.578,793.0,20.0,2015-09-07,210.0,2015-09-07,10835.0,8717.0,10315.5,9252.5,0.0245620670906124,-0.0839879154078545,2015-09-07
-27.01011111,26.69808333,09-10-2014,0.0,0.0,0.0,-1.0,-1.0,2014-09-10,157.776,830.0,163.0,127.0,1.0,59.0,93.0,8.0,5.0,2014-09-10,12402.0,9343.5,11943.5,10565.0,9361.0,8554.5,45460.0,8232.5,21824.0,144.0,0.0188330492288101,-0.1221402734063037,2014-09-10,196.0,13.300000190734863,182.6999969482422,0.7000000000000001,14.0,0.6000000238418579,0.0,299.09759521484375,29.78999900817871,11.779999732971191,1.0789999961853027,1.71999990940094,3.7200000286102295,-3.5299999713897705,2014-09-10,210.0,0.0,1.0,119.0,1.0,2014-09-10,157.776,830.0,163.0,2014-09-10,185.5,2014-09-10,12402.0,9343.5,11943.5,10565.0,0.0188330492288101,-0.1221402734063037,2014-09-10
-27.01011111,26.69808333,10-03-2015,0.0,0.0,0.0,-1.0,-1.0,2015-10-03,142.441,695.0,165.0,127.0,1.0,59.0,93.0,8.0,5.0,2015-10-03,14134.0,9087.0,10595.5,8740.0,8651.5,8030.0,44821.5,7718.5,21824.0,96.0,0.1430882144806804,-0.0766416867775939,2015-10-03,144.90000915527344,57.0,87.9000015258789,3.0,60.0,0.5,0.0,233.90304565429688,28.959999084472656,14.429999351501465,1.5390000343322754,1.2899999618530271,2.5799999237060547,-3.4600000381469727,2015-10-03,210.0,0.0,1.0,119.0,1.0,2015-10-03,142.441,695.0,165.0,2015-10-03,210.0,2015-10-03,14134.0,9087.0,10595.5,8740.0,0.1430882144806804,-0.0766416867775939,2015-10-03
-27.01011111,26.69808333,10-09-2014,0.0,0.0,0.0,-1.0,-1.0,2014-10-09,112.852,697.0,89.0,127.0,1.0,59.0,93.0,8.0,5.0,2014-10-09,10779.5,9193.5,11761.5,10685.5,9353.0,8288.5,43111.0,7814.0,21824.0,160.0,-0.0435650592254112,-0.1225483178239078,2014-10-09,152.8000030517578,0.699999988079071,152.10000610351562,0.0,0.7000000000000001,0.6000000238418579,0.0,259.70379638671875,28.13999938964844,8.289999961853027,0.7670000195503235,1.6899999380111694,3.0,-2.5899999141693115,2014-10-09,210.0,0.0,1.0,119.0,1.0,2014-10-09,112.852,697.0,89.0,2014-10-09,185.5,2014-10-09,10779.5,9193.5,11761.5,10685.5,-0.0435650592254112,-0.1225483178239078,2014-10-09
-27.01011111,26.69808333,11-04-2013,0.0,0.0,0.0,-1.0,-1.0,2013-11-04,125.952,651.0,32.0,127.0,1.0,59.0,93.0,8.0,5.0,2013-11-04,11640.5,8700.0,9848.5,8644.0,8611.0,7838.0,42635.0,7469.5,21824.0,160.0,0.0833915026292518,-0.0619187535380216,2013-11-04,116.0,37.400001525878906,78.5999984741211,2.0,39.3,1.0,0.0,205.70037841796875,25.8799991607666,8.679999351501465,1.190000057220459,1.0499999523162842,2.6499998569488525,-3.849999904632568,2013-11-04,210.0,0.0,1.0,119.0,1.0,2013-11-04,125.952,651.0,32.0,2013-11-04,170.6,2013-11-04,11640.5,8700.0,9848.5,8644.0,0.0833915026292518,-0.0619187535380216,2013-11-04
-27.01011111,26.69808333,11-06-2013,0.0,0.0,0.0,-1.0,-1.0,2013-11-06,96.065,628.0,11.0,127.0,1.0,59.0,93.0,8.0,5.0,2013-11-06,10649.0,8670.0,10225.5,9134.5,8714.5,7841.5,41134.0,7460.0,21824.0,160.0,0.0202879110876906,-0.082321187584345,2013-11-06,76.0999984741211,0.0,76.0999984741211,0.0,0.0,0.9000000357627869,0.0,165.29881286621094,19.899999618530273,2.25,0.706000030040741,0.8199999928474426,2.5199999809265137,-3.9800000190734863,2013-11-06,210.0,0.0,1.0,119.0,1.0,2013-11-06,96.065,628.0,11.0,2013-11-06,170.6,2013-11-06,10649.0,8670.0,10225.5,9134.5,0.0202879110876906,-0.082321187584345,2013-11-06
-27.01011111,26.69808333,12-05-2015,0.0,0.0,0.0,-1.0,-1.0,2015-12-05,132.049,760.0,20.0,127.0,1.0,59.0,93.0,8.0,5.0,2015-12-05,11786.0,8782.5,10265.5,9020.5,8569.0,8005.0,42547.0,7723.0,21824.0,96.0,0.0689522254721898,-0.0778559428811419,2015-12-05,93.3000030517578,1.8000000715255735,91.5,0.1,1.9,0.5,0.0,186.10202026367188,26.049999237060547,5.87999963760376,0.9540000557899476,1.1999999284744265,1.8700000047683716,-3.9700000286102295,2015-12-05,210.0,0.0,1.0,119.0,1.0,2015-12-05,132.049,760.0,20.0,2015-12-05,210.0,2015-12-05,11786.0,8782.5,10265.5,9020.5,0.0689522254721898,-0.0778559428811419,2015-12-05
-27.01011111,26.69808333,12-11-2014,0.0,0.0,0.0,-1.0,-1.0,2014-12-11,142.209,768.0,111.0,127.0,1.0,59.0,93.0,8.0,5.0,2014-12-11,13069.0,9304.5,11672.0,10127.5,9108.5,8274.0,46268.5,7931.5,21824.0,160.0,0.0564649771634127,-0.11286439587157,2014-12-11,169.6999969482422,106.8000030517578,62.900001525878906,5.6000000000000005,112.4,0.6000000238418579,0.0,270.60345458984375,27.28999900817871,13.670000076293944,1.2420001029968262,1.3600000143051147,3.369999885559082,-2.190000057220459,2014-12-11,210.0,0.0,1.0,119.0,1.0,2014-12-11,142.209,768.0,111.0,2014-12-11,185.5,2014-12-11,13069.0,9304.5,11672.0,10127.5,0.0564649771634127,-0.11286439587157,2014-12-11
-27.01011111,26.69808333,12-11-2015,0.0,0.0,0.0,-1.0,-1.0,2015-12-11,162.156,936.0,183.0,127.0,1.0,59.0,93.0,8.0,5.0,2015-12-11,13869.0,9251.0,11182.5,9539.5,8968.5,8390.5,47504.5,8155.0,21824.0,96.0,0.1072390874797912,-0.0945261457900012,2015-12-11,204.6000061035156,26.5,178.10000610351562,1.4,27.9,0.5,0.0,326.7992248535156,29.779998779296875,12.90999984741211,1.2380000352859497,1.6100000143051147,3.7899999618530273,-3.2100000381469727,2015-12-11,210.0,0.0,1.0,119.0,1.0,2015-12-11,162.156,936.0,183.0,2015-12-11,210.0,2015-12-11,13869.0,9251.0,11182.5,9539.5,0.1072390874797912,-0.0945261457900012,2015-12-11
-26.98472222,26.63227778,01-07-2014,0.0424306287319986,0.0424306287319986,0.0,-0.363540569020021,83.9036880927292,2014-01-07,257.406,782.0,148.0,253.0,0.0,0.0,0.0,0.0,0.0,2014-01-07,15253.0,10713.5,17654.5,14396.0,11985.5,9346.5,41788.5,8598.0,21824.0,160.0,-0.0729772848134921,-0.244677100958826,2014-01-07,79.0,0.0,79.0,0.0,0.0,0.699999988079071,0.0,178.09649658203125,19.61999893188477,0.2999999821186065,0.562000036239624,0.8999999761581421,2.180000066757202,-2.6499998569488525,2014-01-07,130.0,0.0,1.0,337.0,1.0,2014-01-07,257.406,782.0,148.0,2014-01-07,178.2,2014-01-07,15253.0,10713.5,17654.5,14396.0,-0.0729772848134921,-0.244677100958826,2014-01-07
-26.98472222,26.63227778,02-10-2014,0.0424306287319986,0.0424306287319986,0.0,-0.363540569020021,83.9036880927292,2014-02-10,358.0,1484.0,148.0,253.0,0.0,0.0,0.0,0.0,0.0,2014-02-10,15728.5,10821.5,16601.0,14290.5,11612.5,9348.5,47769.0,8716.0,21824.0,160.0,-0.0269877356593822,-0.2107575895706073,2014-02-10,196.8000030517578,13.0,183.8000030517578,0.7000000000000001,13.6,0.6000000238418579,0.0,298.6029052734375,30.029998779296875,12.130000114440918,1.0810000896453855,1.7599999904632568,3.669999837875366,-3.490000009536743,2014-02-10,130.0,0.0,1.0,337.0,1.0,2014-02-10,358.0,1484.0,148.0,2014-02-10,184.7,2014-02-10,15728.5,10821.5,16601.0,14290.5,-0.0269877356593822,-0.2107575895706073,2014-02-10
-26.98472222,26.63227778,03-07-2013,0.0424306287319986,0.0424306287319986,0.0,-0.4059711977520196,83.9036880927292,2013-03-07,255.144,1203.0,160.0,253.0,0.0,0.0,0.0,0.0,0.0,2013-03-07,15801.0,10786.0,17305.0,14393.0,12132.5,9437.0,42147.5,8742.5,21824.0,96.0,-0.0454298314504922,-0.2320672101384777,2013-03-07,83.0999984741211,0.699999988079071,82.4000015258789,0.0,0.7000000000000001,0.9000000357627869,0.0,173.1003875732422,20.350000381469727,1.5,0.6220000386238098,0.9199999570846558,2.4600000381469727,-3.809999942779541,2013-03-07,130.0,0.0,1.0,337.0,1.0,2013-03-07,255.144,1203.0,160.0,2013-03-07,169.1,2013-03-07,15801.0,10786.0,17305.0,14393.0,-0.0454298314504922,-0.2320672101384777,2013-03-07
-26.98472222,26.63227778,04-03-2015,0.0424306287319986,0.0424306287319986,0.0,-0.3211099402880225,83.9036880927292,2015-04-03,174.619,808.0,148.0,253.0,0.0,0.0,0.0,0.0,0.0,2015-04-03,17186.5,10639.5,16132.5,13262.0,10692.5,8855.0,45523.5,8451.5,21824.0,160.0,0.0316336024490529,-0.205177050649932,2015-04-03,145.90000915527344,57.5,88.4000015258789,3.0,60.5,0.6000000238418579,0.0,233.09619140625,29.13999938964844,14.699999809265137,1.5420000553131104,1.329999923706055,2.5799999237060547,-3.4800000190734863,2015-04-03,130.0,0.0,1.0,337.0,1.0,2015-04-03,174.619,808.0,148.0,2015-04-03,207.8,2015-04-03,17186.5,10639.5,16132.5,13262.0,0.0316336024490529,-0.205177050649932,2015-04-03
-26.98472222,26.63227778,04-09-2013,0.0424306287319986,0.0424306287319986,0.0,-0.4059711977520196,83.9036880927292,2013-04-09,290.267,1131.0,160.0,253.0,0.0,0.0,0.0,0.0,0.0,2013-04-09,15342.5,10854.5,17802.5,15202.5,12244.5,9562.5,43605.5,8947.0,21824.0,96.0,-0.0742193392668575,-0.2424538507171014,2013-04-09,153.1999969482422,0.800000011920929,152.40000915527344,0.0,0.9,0.9000000357627869,0.0,257.9965515136719,26.75,7.769999980926514,0.7670000195503235,1.5299999713897705,3.419999837875366,-3.9700000286102295,2013-04-09,130.0,0.0,1.0,337.0,1.0,2013-04-09,290.267,1131.0,160.0,2013-04-09,180.40001,2013-04-09,15342.5,10854.5,17802.5,15202.5,-0.0742193392668575,-0.2424538507171014,2013-04-09
-26.98472222,26.63227778,04-11-2013,0.0424306287319986,0.0424306287319986,0.0,-0.4059711977520196,83.9036880927292,2013-04-11,227.0,1199.0,160.0,253.0,0.0,0.0,0.0,0.0,0.0,2013-04-11,15844.5,10812.0,18083.5,15589.0,11589.5,9434.5,49908.0,8887.0,21824.0,96.0,-0.0659926904032065,-0.2516481805125357,2013-04-11,190.6000061035156,44.10000228881836,146.5,2.3000000000000003,46.400000000000006,0.800000011920929,0.0,296.7000427246094,30.329999923706055,13.90999984741211,1.2940000295639038,1.6799999475479126,3.429999828338623,-4.639999866485596,2013-04-11,130.0,0.0,1.0,337.0,1.0,2013-04-11,227.0,1199.0,160.0,2013-04-11,180.40001,2013-04-11,15844.5,10812.0,18083.5,15589.0,-0.0659926904032065,-0.2516481805125357,2013-04-11
-26.98472222,26.63227778,04-11-2014,0.0424306287319986,0.0424306287319986,0.0,-0.363540569020021,83.9036880927292,2014-04-11,130.699,1246.0,148.0,253.0,0.0,0.0,0.0,0.0,0.0,2014-04-11,15950.5,10475.0,17501.0,14976.0,11196.5,9367.0,49011.0,8863.0,21824.0,96.0,-0.0463506868152398,-0.2511438375750635,2014-04-11,170.3000030517578,103.5,66.80000305175781,5.4,108.9,0.6000000238418579,0.0,269.00396728515625,27.36999893188477,13.84000015258789,1.2450000047683716,1.3799999952316284,3.3899998664855957,-2.2200000286102295,2014-04-11,130.0,0.0,1.0,337.0,1.0,2014-04-11,130.699,1246.0,148.0,2014-04-11,184.7,2014-04-11,15950.5,10475.0,17501.0,14976.0,-0.0463506868152398,-0.2511438375750635,2014-04-11
-26.98472222,26.63227778,05-08-2015,0.0424306287319986,0.0424306287319986,0.0,-0.3211099402880225,83.9036880927292,2015-05-08,114.023,1217.0,148.0,253.0,0.0,0.0,0.0,0.0,0.0,2015-05-08,14071.5,10525.0,17153.0,15187.5,11615.5,9573.5,43354.5,8943.0,21824.0,96.0,-0.0986885298403494,-0.2394681696654374,2015-05-08,112.4000015258789,19.399999618530273,93.0,1.0,20.4,0.5,0.0,209.50131225585935,23.19999885559082,2.8499999046325684,0.5870000123977661,1.2200000286102295,2.6499998569488525,-1.919999957084656,2015-05-08,130.0,0.0,1.0,337.0,1.0,2015-05-08,114.023,1217.0,148.0,2015-05-08,207.8,2015-05-08,14071.5,10525.0,17153.0,15187.5,-0.0986885298403494,-0.2394681696654374,2015-05-08
-26.98472222,26.63227778,05-09-2014,0.0424306287319986,0.0424306287319986,0.0,-0.363540569020021,83.9036880927292,2014-05-09,181.256,992.0,148.0,253.0,0.0,0.0,0.0,0.0,0.0,2014-05-09,14830.0,10608.5,16595.5,14465.0,11566.5,9343.5,45001.0,8648.0,21824.0,160.0,-0.0561804903661037,-0.2200779297162174,2014-05-09,153.10000610351562,0.699999988079071,152.40000915527344,0.0,0.7000000000000001,0.6000000238418579,0.0,259.90167236328125,28.219999313354492,8.479999542236328,0.7690000534057617,1.709999918937683,2.9800000190734863,-2.569999933242798,2014-05-09,130.0,0.0,1.0,337.0,1.0,2014-05-09,181.256,992.0,148.0,2014-05-09,184.7,2014-05-09,14830.0,10608.5,16595.5,14465.0,-0.0561804903661037,-0.2200779297162174,2014-05-09
-26.98472222,26.63227778,05-11-2013,0.0424306287319986,0.0424306287319986,0.0,-0.4059711977520196,83.9036880927292,2013-05-11,167.184,1059.0,160.0,253.0,0.0,0.0,0.0,0.0,0.0,2013-05-11,15844.5,10812.0,18083.5,15589.0,11589.5,9434.5,49908.0,8887.0,21824.0,96.0,-0.0659926904032065,-0.2516481805125357,2013-05-11,190.6000061035156,44.10000228881836,146.5,2.3000000000000003,46.400000000000006,0.800000011920929,0.0,296.7000427246094,30.329999923706055,13.90999984741211,1.2940000295639038,1.6799999475479126,3.429999828338623,-4.639999866485596,2013-05-11,130.0,0.0,1.0,337.0,1.0,2013-05-11,167.184,1059.0,160.0,2013-05-11,180.40001,2013-05-11,15844.5,10812.0,18083.5,15589.0,-0.0659926904032065,-0.2516481805125357,2013-05-11
-26.98472222,26.63227778,06-05-2015,0.0424306287319986,0.0424306287319986,0.0,-0.3211099402880225,83.9036880927292,2015-06-05,265.595,1195.0,148.0,253.0,0.0,0.0,0.0,0.0,0.0,2015-06-05,15108.5,9825.5,15360.5,12898.5,9998.5,8786.0,43676.0,8505.0,21824.0,96.0,-0.0082707013686041,-0.219764948781068,2015-06-05,93.8000030517578,1.8000000715255735,92.0,0.1,1.9,0.5,0.0,185.99607849121097,26.149999618530273,6.089999675750732,0.9540000557899476,1.2200000286102295,1.8700000047683716,-4.009999752044678,2015-06-05,130.0,0.0,1.0,337.0,1.0,2015-06-05,265.595,1195.0,148.0,2015-06-05,207.8,2015-06-05,15108.5,9825.5,15360.5,12898.5,-0.0082707013686041,-0.219764948781068,2015-06-05
-26.98472222,26.63227778,08-08-2013,0.0424306287319986,0.0424306287319986,0.0,-0.4059711977520196,83.9036880927292,2013-08-08,248.119,1140.0,160.0,253.0,0.0,0.0,0.0,0.0,0.0,2013-08-08,15431.0,11053.0,17480.5,14637.5,12453.5,9586.0,42510.5,8758.5,21824.0,160.0,-0.0622730656457467,-0.2252615346872966,2013-08-08,116.70000457763672,0.0,116.70000457763672,0.0,0.0,0.9000000357627869,0.0,214.1988067626953,22.44999885559082,3.109999895095825,0.609000027179718,1.1399999856948853,3.119999885559082,-3.7799999713897705,2013-08-08,130.0,0.0,1.0,337.0,1.0,2013-08-08,248.119,1140.0,160.0,2013-08-08,180.40001,2013-08-08,15431.0,11053.0,17480.5,14637.5,-0.0622730656457467,-0.2252615346872966,2013-08-08
-26.98472222,26.63227778,08-09-2014,0.0424306287319986,0.0424306287319986,0.0,-0.363540569020021,83.9036880927292,2014-08-09,224.0,1237.0,148.0,253.0,0.0,0.0,0.0,0.0,0.0,2014-08-09,14830.0,10608.5,16595.5,14465.0,11566.5,9343.5,45001.0,8648.0,21824.0,160.0,-0.0561804903661037,-0.2200779297162174,2014-08-09,153.10000610351562,0.699999988079071,152.40000915527344,0.0,0.7000000000000001,0.6000000238418579,0.0,259.90167236328125,28.219999313354492,8.479999542236328,0.7690000534057617,1.709999918937683,2.9800000190734863,-2.569999933242798,2014-08-09,130.0,0.0,1.0,337.0,1.0,2014-08-09,224.0,1237.0,148.0,2014-08-09,184.7,2014-08-09,14830.0,10608.5,16595.5,14465.0,-0.0561804903661037,-0.2200779297162174,2014-08-09
-26.98472222,26.63227778,09-03-2015,0.0424306287319986,0.0424306287319986,0.0,-0.3211099402880225,83.9036880927292,2015-09-03,204.0,917.0,148.0,253.0,0.0,0.0,0.0,0.0,0.0,2015-09-03,17186.5,10639.5,16132.5,13262.0,10692.5,8855.0,45523.5,8451.5,21824.0,160.0,0.0316336024490529,-0.205177050649932,2015-09-03,145.90000915527344,57.5,88.4000015258789,3.0,60.5,0.6000000238418579,0.0,233.09619140625,29.13999938964844,14.699999809265137,1.5420000553131104,1.329999923706055,2.5799999237060547,-3.4800000190734863,2015-09-03,130.0,0.0,1.0,337.0,1.0,2015-09-03,204.0,917.0,148.0,2015-09-03,207.8,2015-09-03,17186.5,10639.5,16132.5,13262.0,0.0316336024490529,-0.205177050649932,2015-09-03
-26.98472222,26.63227778,09-06-2015,0.0424306287319986,0.0424306287319986,0.0,-0.3211099402880225,83.9036880927292,2015-09-06,159.362,1345.0,148.0,253.0,0.0,0.0,0.0,0.0,0.0,2015-09-06,14368.5,10197.5,15928.5,13684.5,11113.5,9199.0,41447.5,8674.0,21824.0,96.0,-0.051490246559065,-0.2193600244966691,2015-09-06,77.20000457763672,24.600000381469727,52.60000228881836,1.3,25.9,0.5,0.0,156.00328063964844,19.68000030517578,2.259999990463257,0.690000057220459,0.8199999928474426,2.5299999713897705,-3.0399999618530273,2015-09-06,130.0,0.0,1.0,337.0,1.0,2015-09-06,159.362,1345.0,148.0,2015-09-06,207.8,2015-09-06,14368.5,10197.5,15928.5,13684.5,-0.051490246559065,-0.2193600244966691,2015-09-06
-26.98472222,26.63227778,09-07-2015,0.0424306287319986,0.0424306287319986,0.0,-0.3211099402880225,83.9036880927292,2015-09-07,137.631,1293.0,148.0,253.0,0.0,0.0,0.0,0.0,0.0,2015-09-07,15193.5,10606.0,16779.5,14064.5,11738.5,9379.5,42873.5,8738.0,21824.0,160.0,-0.0496043536734117,-0.2254295156195788,2015-09-07,82.0999984741211,7.5,74.5999984741211,0.4,7.9,0.5,0.0,169.00286865234375,19.84000015258789,2.90999984741211,0.6910000443458557,0.8499999642372131,2.700000047683716,-2.619999885559082,2015-09-07,130.0,0.0,1.0,337.0,1.0,2015-09-07,137.631,1293.0,148.0,2015-09-07,207.8,2015-09-07,15193.5,10606.0,16779.5,14064.5,-0.0496043536734117,-0.2254295156195788,2015-09-07
-26.98472222,26.63227778,09-10-2014,0.0424306287319986,0.0424306287319986,0.0,-0.363540569020021,83.9036880927292,2014-09-10,152.289,1296.0,148.0,253.0,0.0,0.0,0.0,0.0,0.0,2014-09-10,15728.5,10821.5,16601.0,14290.5,11612.5,9348.5,47769.0,8716.0,21824.0,160.0,-0.0269877356593822,-0.2107575895706073,2014-09-10,196.8000030517578,13.0,183.8000030517578,0.7000000000000001,13.6,0.6000000238418579,0.0,298.6029052734375,30.029998779296875,12.130000114440918,1.0810000896453855,1.7599999904632568,3.669999837875366,-3.490000009536743,2014-09-10,130.0,0.0,1.0,337.0,1.0,2014-09-10,152.289,1296.0,148.0,2014-09-10,184.7,2014-09-10,15728.5,10821.5,16601.0,14290.5,-0.0269877356593822,-0.2107575895706073,2014-09-10
-26.98472222,26.63227778,10-03-2015,0.0424306287319986,0.0424306287319986,0.0,-0.3211099402880225,83.9036880927292,2015-10-03,196.421,962.0,148.0,253.0,0.0,0.0,0.0,0.0,0.0,2015-10-03,17186.5,10639.5,16132.5,13262.0,10692.5,8855.0,45523.5,8451.5,21824.0,160.0,0.0316336024490529,-0.205177050649932,2015-10-03,145.90000915527344,57.5,88.4000015258789,3.0,60.5,0.6000000238418579,0.0,233.09619140625,29.13999938964844,14.699999809265137,1.5420000553131104,1.329999923706055,2.5799999237060547,-3.4800000190734863,2015-10-03,130.0,0.0,1.0,337.0,1.0,2015-10-03,196.421,962.0,148.0,2015-10-03,207.8,2015-10-03,17186.5,10639.5,16132.5,13262.0,0.0316336024490529,-0.205177050649932,2015-10-03
-26.98472222,26.63227778,10-09-2014,0.0424306287319986,0.0424306287319986,0.0,-0.363540569020021,83.9036880927292,2014-10-09,146.377,1266.0,148.0,253.0,0.0,0.0,0.0,0.0,0.0,2014-10-09,14830.0,10608.5,16595.5,14465.0,11566.5,9343.5,45001.0,8648.0,21824.0,160.0,-0.0561804903661037,-0.2200779297162174,2014-10-09,153.10000610351562,0.699999988079071,152.40000915527344,0.0,0.7000000000000001,0.6000000238418579,0.0,259.90167236328125,28.219999313354492,8.479999542236328,0.7690000534057617,1.709999918937683,2.9800000190734863,-2.569999933242798,2014-10-09,130.0,0.0,1.0,337.0,1.0,2014-10-09,146.377,1266.0,148.0,2014-10-09,184.7,2014-10-09,14830.0,10608.5,16595.5,14465.0,-0.0561804903661037,-0.2200779297162174,2014-10-09
-26.98472222,26.63227778,11-04-2013,0.0424306287319986,0.0424306287319986,0.0,-0.4059711977520196,83.9036880927292,2013-11-04,262.469,1132.0,160.0,253.0,0.0,0.0,0.0,0.0,0.0,2013-11-04,14879.0,9516.5,14242.0,11987.5,9687.5,8481.0,43772.0,8084.5,21824.0,96.0,0.0218742488238727,-0.1988972367784153,2013-11-04,115.70000457763672,38.60000228881836,77.0999984741211,2.0,40.6,1.0,0.0,205.70037841796875,26.049999237060547,8.84999942779541,1.1920000314712524,1.069999933242798,2.5399999618530273,-3.879999876022339,2013-11-04,130.0,0.0,1.0,337.0,1.0,2013-11-04,262.469,1132.0,160.0,2013-11-04,169.1,2013-11-04,14879.0,9516.5,14242.0,11987.5,0.0218742488238727,-0.1988972367784153,2013-11-04
-26.98472222,26.63227778,11-06-2013,0.0424306287319986,0.0424306287319986,0.0,-0.4059711977520196,83.9036880927292,2013-11-06,214.528,1122.0,160.0,253.0,0.0,0.0,0.0,0.0,0.0,2013-11-06,14671.5,10165.5,16058.5,13385.5,11180.0,9061.0,42476.5,8446.5,21824.0,96.0,-0.0451350471851609,-0.2247178157413048,2013-11-06,76.5,0.0,76.5,0.0,0.0,1.0,0.0,165.00244140625,19.989999771118164,2.3399999141693115,0.7100000381469727,0.8299999833106995,2.5299999713897705,-4.019999980926514,2013-11-06,130.0,0.0,1.0,337.0,1.0,2013-11-06,214.528,1122.0,160.0,2013-11-06,169.1,2013-11-06,14671.5,10165.5,16058.5,13385.5,-0.0451350471851609,-0.2247178157413048,2013-11-06
-26.98472222,26.63227778,11-08-2014,0.0424306287319986,0.0424306287319986,0.0,-0.363540569020021,83.9036880927292,2014-11-08,245.0,950.0,148.0,253.0,0.0,0.0,0.0,0.0,0.0,2014-11-08,16109.5,11224.5,18586.0,15306.0,12784.5,9672.5,43117.5,8857.0,21824.0,160.0,-0.0713781326108571,-0.2469431911574772,2014-11-08,111.0999984741211,12.800000190734863,98.3000030517578,0.7000000000000001,13.4,0.699999988079071,0.0,195.09732055664065,22.61999893188477,4.71999979019165,0.6650000214576721,1.1399999856948853,3.049999952316284,-2.2100000381469727,2014-11-08,130.0,0.0,1.0,337.0,1.0,2014-11-08,245.0,950.0,148.0,2014-11-08,184.7,2014-11-08,16109.5,11224.5,18586.0,15306.0,-0.0713781326108571,-0.2469431911574772,2014-11-08
-26.98472222,26.63227778,11-11-2014,0.0424306287319986,0.0424306287319986,0.0,-0.363540569020021,83.9036880927292,2014-11-11,128.592,1211.0,148.0,253.0,0.0,0.0,0.0,0.0,0.0,2014-11-11,15950.5,10475.0,17501.0,14976.0,11196.5,9367.0,49011.0,8863.0,21824.0,96.0,-0.0463506868152398,-0.2511438375750635,2014-11-11,170.3000030517578,103.5,66.80000305175781,5.4,108.9,0.6000000238418579,0.0,269.00396728515625,27.36999893188477,13.84000015258789,1.2450000047683716,1.3799999952316284,3.3899998664855957,-2.2200000286102295,2014-11-11,130.0,0.0,1.0,337.0,1.0,2014-11-11,128.592,1211.0,148.0,2014-11-11,184.7,2014-11-11,15950.5,10475.0,17501.0,14976.0,-0.0463506868152398,-0.2511438375750635,2014-11-11
-26.98472222,26.63227778,12-05-2015,0.0424306287319986,0.0424306287319986,0.0,-0.3211099402880225,83.9036880927292,2015-12-05,286.972,1301.0,148.0,253.0,0.0,0.0,0.0,0.0,0.0,2015-12-05,15108.5,9825.5,15360.5,12898.5,9998.5,8786.0,43676.0,8505.0,21824.0,96.0,-0.0082707013686041,-0.219764948781068,2015-12-05,93.8000030517578,1.8000000715255735,92.0,0.1,1.9,0.5,0.0,185.99607849121097,26.149999618530273,6.089999675750732,0.9540000557899476,1.2200000286102295,1.8700000047683716,-4.009999752044678,2015-12-05,130.0,0.0,1.0,337.0,1.0,2015-12-05,286.972,1301.0,148.0,2015-12-05,207.8,2015-12-05,15108.5,9825.5,15360.5,12898.5,-0.0082707013686041,-0.219764948781068,2015-12-05
-26.98472222,26.63227778,12-08-2013,0.0424306287319986,0.0424306287319986,0.0,-0.4059711977520196,83.9036880927292,2013-12-08,176.0,1174.0,160.0,253.0,0.0,0.0,0.0,0.0,0.0,2013-12-08,15100.5,10738.0,17330.5,14672.5,12022.0,9417.5,43267.5,8836.5,21824.0,96.0,-0.0687613702938544,-0.2348718314124366,2013-12-08,116.70000457763672,0.0,116.70000457763672,0.0,0.0,0.9000000357627869,0.0,214.1988067626953,22.44999885559082,3.109999895095825,0.609000027179718,1.1399999856948853,3.119999885559082,-3.7799999713897705,2013-12-08,130.0,0.0,1.0,337.0,1.0,2013-12-08,176.0,1174.0,160.0,2013-12-08,180.40001,2013-12-08,15100.5,10738.0,17330.5,14672.5,-0.0687613702938544,-0.2348718314124366,2013-12-08
-26.98472222,26.63227778,12-08-2014,0.0424306287319986,0.0424306287319986,0.0,-0.363540569020021,83.9036880927292,2014-12-08,172.167,720.0,148.0,253.0,0.0,0.0,0.0,0.0,0.0,2014-12-08,16109.5,11224.5,18586.0,15306.0,12784.5,9672.5,43117.5,8857.0,21824.0,160.0,-0.0713781326108571,-0.2469431911574772,2014-12-08,111.0999984741211,12.800000190734863,98.3000030517578,0.7000000000000001,13.4,0.699999988079071,0.0,195.09732055664065,22.61999893188477,4.71999979019165,0.6650000214576721,1.1399999856948853,3.049999952316284,-2.2100000381469727,2014-12-08,130.0,0.0,1.0,337.0,1.0,2014-12-08,172.167,720.0,148.0,2014-12-08,184.7,2014-12-08,16109.5,11224.5,18586.0,15306.0,-0.0713781326108571,-0.2469431911574772,2014-12-08
-26.98472222,26.63227778,12-11-2015,0.0424306287319986,0.0424306287319986,0.0,-0.3211099402880225,83.9036880927292,2015-12-11,185.426,1291.0,148.0,253.0,0.0,0.0,0.0,0.0,0.0,2015-12-11,15836.5,10818.0,17685.0,15177.0,11666.5,9462.0,51913.5,8833.0,21824.0,96.0,-0.0551437137359603,-0.2409220082096613,2015-12-11,205.1000061035156,26.399999618530273,178.6999969482422,1.4,27.8,0.5,0.0,325.2017822265625,29.849998474121097,13.09000015258789,1.2420001029968262,1.6299999952316284,3.809999942779541,-3.1999998092651367,2015-12-11,130.0,0.0,1.0,337.0,1.0,2015-12-11,185.426,1291.0,148.0,2015-12-11,207.8,2015-12-11,15836.5,10818.0,17685.0,15177.0,-0.0551437137359603,-0.2409220082096613,2015-12-11
-26.970278,27.211111,01-09-2015,0.0,0.0,0.0,-1.0,-1.0,2015-01-09,137.486,783.5,61.0,105.0,1.0,91.0,100.0,12.0,1.0,2015-01-09,7812.0,8066.5,7537.0,7484.0,8030.5,7625.5,41572.5,7426.0,21952.0,96.0,0.0179164766434294,0.0339346941391352,2015-01-09,145.5,35.79999923706055,109.70000457763672,1.9,37.6,1.5,0.0,238.0026092529297,26.489999771118164,8.989999771118164,0.8170000314712524,1.5,3.3299999237060547,-0.949999988079071,2015-01-09,210.0,0.0,1.0,193.0,1.0,2015-01-09,137.486,783.5,61.0,2015-01-09,199.8,2015-01-09,7812.0,8066.5,7537.0,7484.0,0.0179164766434294,0.0339346941391352,2015-01-09
-26.970278,27.211111,03-03-2015,0.0,0.0,0.0,-1.0,-1.0,2015-03-03,115.978,606.0,155.0,105.0,1.0,91.0,100.0,12.0,1.0,2015-03-03,8154.0,8732.0,7653.5,7518.5,8208.5,7869.0,44195.5,7569.0,23888.0,96.0,0.0316621856713583,0.0658203899789444,2015-03-03,140.10000610351562,55.20000076293945,84.9000015258789,2.9000000000000004,58.0,2.0,0.0,232.00405883789065,28.53999900817871,13.809999465942385,1.5110000371932983,1.2400000095367432,2.3899998664855957,-2.929999828338623,2015-03-03,210.0,0.0,1.0,193.0,1.0,2015-03-03,115.978,606.0,155.0,2015-03-03,199.8,2015-03-03,8154.0,8732.0,7653.5,7518.5,0.0316621856713583,0.0658203899789444,2015-03-03
-26.970278,27.211111,03-07-2013,0.0,0.0,0.0,-1.0,-1.0,2013-03-07,119.76,643.0,87.0,105.0,1.0,91.0,100.0,12.0,1.0,2013-03-07,8121.0,8674.0,7758.0,7598.5,8527.5,7902.5,40270.5,7580.0,21952.0,160.0,0.022860381636123,0.0557448880233687,2013-03-07,81.0,0.6000000238418579,80.4000015258789,0.0,0.6000000000000001,1.2000000476837158,0.0,172.40353393554688,20.11999893188477,0.8299999833106995,0.6000000238418579,0.9099999666213988,2.3399999141693115,-3.429999828338623,2013-03-07,210.0,0.0,1.0,193.0,1.0,2013-03-07,119.76,643.0,87.0,2013-03-07,160.0,2013-03-07,8121.0,8674.0,7758.0,7598.5,0.022860381636123,0.0557448880233687,2013-03-07
-26.970278,27.211111,04-08-2015,0.0,0.0,0.0,-1.0,-1.0,2015-04-08,121.027,729.0,20.0,105.0,1.0,91.0,100.0,12.0,1.0,2015-04-08,7778.0,8156.0,7598.5,7538.0,7963.0,7581.0,40314.0,7417.0,21952.0,96.0,0.0116736578545181,0.0353867149068517,2015-04-08,111.4000015258789,19.100000381469727,92.3000030517578,1.0,20.0,1.5,0.0,210.79718017578125,23.189998626708984,2.2899999618530273,0.5760000348091125,1.209999918937683,2.5999999046325684,-1.6399999856948853,2015-04-08,210.0,0.0,1.0,193.0,1.0,2015-04-08,121.027,729.0,20.0,2015-04-08,199.8,2015-04-08,7778.0,8156.0,7598.5,7538.0,0.0116736578545181,0.0353867149068517,2015-04-08
-26.970278,27.211111,04-09-2013,0.0,0.0,0.0,-1.0,-1.0,2013-04-09,143.864,678.0,15.0,105.0,1.0,91.0,100.0,12.0,1.0,2013-04-09,7733.5,8326.5,7567.5,7524.0,8171.0,7698.5,41102.5,7539.5,21952.0,100.0,0.010848964119992,0.0477538693846731,2013-04-09,152.60000610351562,1.399999976158142,151.1999969482422,0.1,1.5,1.100000023841858,0.0,256.8030700683594,26.739999771118164,7.239999771118164,0.7790000438690186,1.5,3.4800000190734863,-3.6999998092651367,2013-04-09,210.0,0.0,1.0,193.0,1.0,2013-04-09,143.864,678.0,15.0,2013-04-09,172.7,2013-04-09,7733.5,8326.5,7567.5,7524.0,0.010848964119992,0.0477538693846731,2013-04-09
-26.970278,27.211111,04-09-2014,0.0,0.0,0.0,-1.0,-1.0,2014-04-09,133.853,732.0,112.0,105.0,1.0,91.0,100.0,12.0,1.0,2014-04-09,8026.5,8232.0,7795.5,7687.0,8122.5,7673.5,41742.0,7432.5,21952.0,160.0,0.014599924156238,0.0272344408048664,2014-04-09,153.3000030517578,0.9000000357627869,152.40000915527344,0.0,0.6000000000000001,3.0,0.0,259.00299072265625,27.989999771118164,7.839999675750732,0.7690000534057617,1.659999966621399,3.0999999046325684,-2.25,2014-04-09,210.0,0.0,1.0,193.0,1.0,2014-04-09,133.853,732.0,112.0,2014-04-09,176.1,2014-04-09,8026.5,8232.0,7795.5,7687.0,0.014599924156238,0.0272344408048664,2014-04-09
-26.970278,27.211111,05-11-2014,0.0,0.0,0.0,-1.0,-1.0,2014-05-11,146.231,712.0,195.0,105.0,1.0,91.0,100.0,12.0,1.0,2014-05-11,8354.5,8388.0,8076.0,7892.5,8160.0,7811.5,44646.0,7614.0,21952.0,96.0,0.0169501841088219,0.0189504373177841,2014-05-11,161.5,122.5999984741211,38.900001525878906,6.4,128.9,2.5,0.0,264.9969787597656,26.76999855041504,13.079999923706056,1.2630000114440918,1.2599999904632568,3.179999828338623,-1.819999933242798,2014-05-11,210.0,0.0,1.0,193.0,1.0,2014-05-11,146.231,712.0,195.0,2014-05-11,176.1,2014-05-11,8354.5,8388.0,8076.0,7892.5,0.0169501841088219,0.0189504373177841,2014-05-11
-26.970278,27.211111,06-05-2015,0.0,0.0,0.0,-1.0,-1.0,2015-06-05,130.53,756.0,20.0,105.0,1.0,91.0,100.0,12.0,1.0,2015-06-05,7893.5,8502.5,7618.0,7520.0,8283.5,7818.5,41743.5,7545.5,21952.0,96.0,0.0177610160203718,0.0548680251853226,2015-06-05,91.20000457763672,1.899999976158142,89.30000305175781,0.1,1.9,1.8000000715255735,0.0,185.70266723632812,25.5,5.199999809265137,0.9250000715255736,1.159999966621399,1.819999933242798,-3.4700000286102295,2015-06-05,210.0,0.0,1.0,193.0,1.0,2015-06-05,130.53,756.0,20.0,2015-06-05,199.8,2015-06-05,7893.5,8502.5,7618.0,7520.0,0.0177610160203718,0.0548680251853226,2015-06-05
-26.970278,27.211111,06-11-2013,0.0,0.0,0.0,-1.0,-1.0,2013-06-11,150.645,669.0,195.0,105.0,1.0,91.0,100.0,12.0,1.0,2013-06-11,7960.0,8262.0,7713.5,7644.0,8028.0,7666.5,44721.0,7521.0,21952.0,96.0,0.0157271828245126,0.0343338236674906,2013-06-11,180.90000915527344,60.79999923706055,120.0999984741211,3.2,64.0,1.100000023841858,0.0,291.1011657714844,29.559999465942383,13.029999732971191,1.3160001039505005,1.5199999809265137,3.299999952316284,-4.25,2013-06-11,210.0,0.0,1.0,193.0,1.0,2013-06-11,150.645,669.0,195.0,2013-06-11,172.7,2013-06-11,7960.0,8262.0,7713.5,7644.0,0.0157271828245126,0.0343338236674906,2013-06-11
-26.970278,27.211111,08-06-2015,0.0,0.0,0.0,-1.0,-1.0,2015-08-06,129.44,768.0,20.0,105.0,1.0,91.0,100.0,12.0,1.0,2015-08-06,7846.0,8395.0,7669.0,7571.0,8177.5,7749.0,39746.0,7500.0,21952.0,96.0,0.0114083145343215,0.0451942231075694,2015-08-06,75.9000015258789,19.600000381469727,56.29999923706055,1.0,20.5,1.7000000476837158,0.0,156.10107421875,19.18000030517578,1.4800000190734863,0.6580000519752502,0.7999999523162842,2.5199999809265137,-2.65999984741211,2015-08-06,210.0,0.0,1.0,193.0,1.0,2015-08-06,129.44,768.0,20.0,2015-08-06,199.8,2015-08-06,7846.0,8395.0,7669.0,7571.0,0.0114083145343215,0.0451942231075694,2015-08-06
-26.970278,27.211111,08-07-2015,0.0,0.0,0.0,-1.0,-1.0,2015-08-07,130.608,714.0,20.0,105.0,1.0,91.0,100.0,12.0,1.0,2015-08-07,7968.5,8612.0,7704.0,7573.5,8385.5,7904.5,40375.0,7569.0,21952.0,160.0,0.0168766948476629,0.0556508948271631,2015-08-07,79.30000305175781,9.0,70.30000305175781,0.5,9.4,1.600000023841858,0.0,167.902587890625,19.579999923706055,2.0399999618530273,0.6650000214576721,0.8299999833106995,2.5299999713897705,-2.259999990463257,2015-08-07,210.0,0.0,1.0,193.0,1.0,2015-08-07,130.608,714.0,20.0,2015-08-07,199.8,2015-08-07,7968.5,8612.0,7704.0,7573.5,0.0168766948476629,0.0556508948271631,2015-08-07
-26.970278,27.211111,08-08-2013,0.0,0.0,0.0,-1.0,-1.0,2013-08-08,126.177,650.0,132.0,105.0,1.0,91.0,100.0,12.0,1.0,2013-08-08,8193.0,8826.0,7824.5,7676.5,8739.0,8103.0,40497.0,7748.0,21952.0,160.0,0.0230060870922427,0.0601483438935764,2013-08-08,115.70000457763672,0.0,115.70000457763672,0.0,0.0,1.2000000476837158,0.0,214.5031890869141,22.439998626708984,2.5399999618530273,0.5890000462532043,1.1399999856948853,3.0399999618530273,-3.4499998092651367,2013-08-08,210.0,0.0,1.0,193.0,1.0,2013-08-08,126.177,650.0,132.0,2013-08-08,172.7,2013-08-08,8193.0,8826.0,7824.5,7676.5,0.0230060870922427,0.0601483438935764,2013-08-08
-26.970278,27.211111,08-10-2014,0.0,0.0,0.0,-1.0,-1.0,2014-08-10,145.114,729.0,160.0,105.0,1.0,91.0,100.0,12.0,1.0,2014-08-10,8114.0,8405.0,7965.0,7828.0,8219.0,7772.0,43790.5,7502.5,21952.0,164.0,0.0092667454443683,0.0268784361637139,2014-08-10,187.6000061035156,13.300000190734863,174.3000030517578,0.7000000000000001,13.8,2.799999952316284,0.0,297.3002014160156,29.15999984741211,11.389999389648438,1.071000099182129,1.6299999952316284,3.419999837875366,-3.18999981880188,2014-08-10,210.0,0.0,1.0,193.0,1.0,2014-08-10,145.114,729.0,160.0,2014-08-10,176.1,2014-08-10,8114.0,8405.0,7965.0,7828.0,0.0092667454443683,0.0268784361637139,2014-08-10
-26.970278,27.211111,09-03-2015,0.0,0.0,0.0,-1.0,-1.0,2015-09-03,116.282,636.0,171.0,105.0,1.0,91.0,100.0,12.0,1.0,2015-09-03,8154.0,8732.0,7653.5,7518.5,8208.5,7869.0,44195.5,7569.0,23888.0,96.0,0.0316621856713583,0.0658203899789444,2015-09-03,140.10000610351562,55.20000076293945,84.9000015258789,2.9000000000000004,58.0,2.0,0.0,232.00405883789065,28.53999900817871,13.809999465942385,1.5110000371932983,1.2400000095367432,2.3899998664855957,-2.929999828338623,2015-09-03,210.0,0.0,1.0,193.0,1.0,2015-09-03,116.282,636.0,171.0,2015-09-03,199.8,2015-09-03,8154.0,8732.0,7653.5,7518.5,0.0316621856713583,0.0658203899789444,2015-09-03
-26.970278,27.211111,10-09-2014,0.0,0.0,0.0,-1.0,-1.0,2014-10-09,128.978,844.0,122.0,105.0,1.0,91.0,100.0,12.0,1.0,2014-10-09,8026.5,8232.0,7795.5,7687.0,8122.5,7673.5,41742.0,7432.5,21952.0,160.0,0.014599924156238,0.0272344408048664,2014-10-09,153.3000030517578,0.9000000357627869,152.40000915527344,0.0,0.6000000000000001,3.0,0.0,259.00299072265625,27.989999771118164,7.839999675750732,0.7690000534057617,1.659999966621399,3.0999999046325684,-2.25,2014-10-09,210.0,0.0,1.0,193.0,1.0,2014-10-09,128.978,844.0,122.0,2014-10-09,176.1,2014-10-09,8026.5,8232.0,7795.5,7687.0,0.014599924156238,0.0272344408048664,2014-10-09
-26.970278,27.211111,11-04-2013,0.0,0.0,0.0,-1.0,-1.0,2013-11-04,129.368,593.0,25.0,105.0,1.0,91.0,100.0,12.0,1.0,2013-11-04,7702.5,8498.0,7513.0,7450.5,8225.5,7831.5,42116.0,7595.5,21952.0,98.0,0.0124544050474843,0.0615202048591589,2013-11-04,109.20000457763672,48.20000076293945,61.0,2.5,50.7,1.3000000715255735,0.0,200.50201416015625,25.549999237060547,8.25,1.165000081062317,1.0299999713897705,2.2300000190734863,-3.379999876022339,2013-11-04,210.0,0.0,1.0,193.0,1.0,2013-11-04,129.368,593.0,25.0,2013-11-04,160.0,2013-11-04,7702.5,8498.0,7513.0,7450.5,0.0124544050474843,0.0615202048591589,2013-11-04
-26.970278,27.211111,11-05-2015,0.0,0.0,0.0,-1.0,-1.0,2015-11-05,124.134,778.0,20.0,105.0,1.0,91.0,100.0,12.0,1.0,2015-11-05,7893.5,8502.5,7618.0,7520.0,8283.5,7818.5,41743.5,7545.5,21952.0,96.0,0.0177610160203718,0.0548680251853226,2015-11-05,91.20000457763672,1.899999976158142,89.30000305175781,0.1,1.9,1.8000000715255735,0.0,185.70266723632812,25.5,5.199999809265137,0.9250000715255736,1.159999966621399,1.819999933242798,-3.4700000286102295,2015-11-05,210.0,0.0,1.0,193.0,1.0,2015-11-05,124.134,778.0,20.0,2015-11-05,199.8,2015-11-05,7893.5,8502.5,7618.0,7520.0,0.0177610160203718,0.0548680251853226,2015-11-05
-26.970278,27.211111,11-06-2013,0.0,0.0,0.0,-1.0,-1.0,2013-11-06,111.962,616.0,121.0,105.0,1.0,91.0,100.0,12.0,1.0,2013-11-06,7877.5,8612.5,7637.0,7528.5,8488.0,7934.0,40365.5,7639.5,21952.0,96.0,0.0155016275097488,0.0600326163881961,2013-11-06,75.80000305175781,0.0,75.80000305175781,0.0,0.0,1.2000000476837158,0.0,165.60317993164062,19.719999313354492,1.809999942779541,0.6810000538825989,0.8199999928474426,2.509999990463257,-3.549999952316284,2013-11-06,210.0,0.0,1.0,193.0,1.0,2013-11-06,111.962,616.0,121.0,2013-11-06,160.0,2013-11-06,7877.5,8612.5,7637.0,7528.5,0.0155016275097488,0.0600326163881961,2013-11-06
-26.970278,27.211111,11-08-2014,0.0,0.0,0.0,-1.0,-1.0,2014-11-08,134.743,678.0,131.0,105.0,1.0,91.0,100.0,12.0,1.0,2014-11-08,8266.0,8493.0,7847.5,7709.5,8425.5,7754.5,40826.0,7497.0,21952.0,160.0,0.0259720110466377,0.0395030751812977,2014-11-08,109.9000015258789,9.90000057220459,100.0,0.5,10.1,3.299999952316284,0.0,196.4989471435547,22.6299991607666,4.039999961853027,0.6430000066757202,1.1399999856948853,2.950000047683716,-1.7999999523162842,2014-11-08,210.0,0.0,1.0,193.0,1.0,2014-11-08,134.743,678.0,131.0,2014-11-08,176.1,2014-11-08,8266.0,8493.0,7847.5,7709.5,0.0259720110466377,0.0395030751812977,2014-11-08
-26.970278,27.211111,11-11-2015,0.0,0.0,0.0,-1.0,-1.0,2015-11-11,164.9,780.0,61.0,105.0,1.0,91.0,100.0,12.0,1.0,2015-11-11,7836.5,8222.5,7743.0,7656.0,8094.0,7625.5,45675.5,7382.0,21952.0,100.0,0.0060014762989825,0.0300335097554099,2015-11-11,196.6999969482422,32.60000228881836,164.10000610351562,1.7000000000000002,34.2,1.399999976158142,0.0,323.40057373046875,29.260000228881836,12.380000114440918,1.2730000019073486,1.4900000095367432,3.649999856948853,-3.049999952316284,2015-11-11,210.0,0.0,1.0,193.0,1.0,2015-11-11,164.9,780.0,61.0,2015-11-11,199.8,2015-11-11,7836.5,8222.5,7743.0,7656.0,0.0060014762989825,0.0300335097554099,2015-11-11
-26.970278,27.211111,12-11-2014,0.0,0.0,0.0,-1.0,-1.0,2014-12-11,142.889,716.0,195.0,105.0,1.0,91.0,100.0,12.0,1.0,2014-12-11,8354.5,8388.0,8076.0,7892.5,8160.0,7811.5,44646.0,7614.0,21952.0,96.0,0.0169501841088219,0.0189504373177841,2014-12-11,161.5,122.5999984741211,38.900001525878906,6.4,128.9,2.5,0.0,264.9969787597656,26.76999855041504,13.079999923706056,1.2630000114440918,1.2599999904632568,3.179999828338623,-1.819999933242798,2014-12-11,210.0,0.0,1.0,193.0,1.0,2014-12-11,142.889,716.0,195.0,2014-12-11,176.1,2014-12-11,8354.5,8388.0,8076.0,7892.5,0.0169501841088219,0.0189504373177841,2014-12-11
-26.905,32.324722,05-12-2013,0.0,0.0,0.0,-1.0,-1.0,2013-05-12,136.737,544.72,10.0,253.0,0.0,0.0,0.0,0.0,0.0,2013-05-12,19939.5,9393.5,13028.5,10133.5,8629.0,8161.0,43926.0,7947.5,21824.0,224.0,0.2096275175928166,-0.1621175631076614,2013-05-12,133.0,68.80000305175781,64.20000457763672,3.6,71.8,8.300000190734863,0.0,208.59994506835935,31.1299991607666,20.420000076293945,2.3360002040863037,1.149999976158142,1.8399999141693115,-1.5899999141693115,2013-05-12,50.0,0.0,1.0,256.0,1.0,2013-05-12,136.737,544.72,10.0,2013-05-12,156.40001,2013-05-12,19939.5,9393.5,13028.5,10133.5,0.2096275175928166,-0.1621175631076614,2013-05-12
-26.905,32.324722,06-08-2014,0.0,0.0,0.0,-1.0,-1.0,2014-06-08,106.349,406.0,20.0,253.0,0.0,0.0,0.0,0.0,0.0,2014-06-08,17158.5,8792.0,11486.5,9176.5,8312.0,7916.0,41510.0,7681.0,21824.0,160.0,0.1980101239308773,-0.1328747195305366,2014-06-08,93.5,6.800000190734863,86.70000457763672,0.3,6.9,5.400000095367432,0.0,186.49798583984375,28.510000228881836,13.34000015258789,1.6630001068115234,1.059999942779541,1.659999966621399,-2.180000066757202,2014-06-08,50.0,0.0,1.0,256.0,1.0,2014-06-08,106.349,406.0,20.0,2014-06-08,161.2,2014-06-08,17158.5,8792.0,11486.5,9176.5,0.1980101239308773,-0.1328747195305366,2014-06-08
-26.905,32.324722,08-10-2014,0.0,0.0,0.0,-1.0,-1.0,2014-08-10,112.502,434.0,20.0,253.0,0.0,0.0,0.0,0.0,0.0,2014-08-10,17607.5,8646.0,11680.0,9286.5,8118.5,7877.5,44423.0,7800.5,21824.0,96.0,0.2023900981647453,-0.1492669487356088,2014-08-10,144.1999969482422,26.600000381469727,117.5999984741211,1.4,27.8,5.0,0.0,223.40182495117188,30.92999839782715,16.600000381469727,1.9570001363754272,1.2400000095367432,2.679999828338623,-3.0,2014-08-10,50.0,0.0,1.0,256.0,1.0,2014-08-10,112.502,434.0,20.0,2014-08-10,161.2,2014-08-10,17607.5,8646.0,11680.0,9286.5,0.2023900981647453,-0.1492669487356088,2014-08-10
-26.905,32.324722,11-06-2014,0.0,0.0,0.0,-1.0,-1.0,2014-11-06,117.329,437.0,20.0,253.0,0.0,0.0,0.0,0.0,0.0,2014-11-06,17775.5,8669.5,11433.5,8971.0,8138.0,7771.5,42858.5,7559.5,21824.0,160.0,0.2171248587764038,-0.1374919166293581,2014-11-06,75.20000457763672,1.100000023841858,74.0999984741211,0.0,0.8,5.900000095367432,0.0,149.0994415283203,27.86999893188477,11.130000114440918,1.5810000896453855,0.9699999690055848,1.909999966621399,-1.9799998998641968,2014-11-06,50.0,0.0,1.0,256.0,1.0,2014-11-06,117.329,437.0,20.0,2014-11-06,147.40001,2014-11-06,17775.5,8669.5,11433.5,8971.0,0.2171248587764038,-0.1374919166293581,2014-11-06
-26.880278,26.965,02-07-2014,0.0,0.0,0.0,-1.0,-1.0,2014-02-07,261.348,797.0,175.0,253.0,0.0,0.0,0.0,0.0,0.0,2014-02-07,14502.0,10336.5,17255.0,14284.0,11519.5,9112.0,42469.5,8532.0,21824.0,224.0,-0.0866895487609028,-0.2507475128209765,2014-02-07,77.80000305175781,0.4000000059604645,77.4000015258789,0.0,0.0,3.4000000953674316,0.0,176.99993896484375,19.8799991607666,0.0799999982118606,0.5530000329017639,0.9199999570846558,2.049999952316284,-2.2699999809265137,2014-02-07,130.0,0.0,1.0,190.0,1.0,2014-02-07,261.348,797.0,175.0,2014-02-07,172.40001,2014-02-07,14502.0,10336.5,17255.0,14284.0,-0.0866895487609028,-0.2507475128209765,2014-02-07
-26.880278,26.965,02-09-2014,0.0,0.0,0.0,-1.0,-1.0,2014-02-09,277.296,825.0,165.0,253.0,0.0,0.0,0.0,0.0,0.0,2014-02-09,13923.5,10478.0,17671.5,15226.5,11589.0,9328.0,45750.0,8738.5,21824.0,160.0,-0.1186263649311596,-0.255546279685251,2014-02-09,153.10000610351562,0.9000000357627869,152.1999969482422,0.0,0.6000000000000001,2.799999952316284,0.0,260.0006103515625,28.09000015258789,8.069999694824219,0.7760000228881836,1.6699999570846558,3.049999952316284,-2.3399999141693115,2014-02-09,130.0,0.0,1.0,190.0,1.0,2014-02-09,277.296,825.0,165.0,2014-02-09,177.5,2014-02-09,13923.5,10478.0,17671.5,15226.5,-0.1186263649311596,-0.255546279685251,2014-02-09
-26.880278,26.965,03-07-2013,0.0,0.0,0.0,-1.0,-1.0,2013-03-07,260.495,802.0,192.0,253.0,0.0,0.0,0.0,0.0,0.0,2013-03-07,14584.0,10356.0,18135.0,14955.0,11466.5,9254.5,42641.5,8774.5,23888.0,96.0,-0.1085302118035389,-0.2730335895545952,2013-03-07,81.4000015258789,0.800000011920929,80.5999984741211,0.0,0.8,1.100000023841858,0.0,171.89891052246094,20.59000015258789,1.2699999809265137,0.6110000014305115,0.9399999976158142,2.2799999713897705,-3.5999999046325684,2013-03-07,130.0,0.0,1.0,190.0,1.0,2013-03-07,260.495,802.0,192.0,2013-03-07,162.6,2013-03-07,14584.0,10356.0,18135.0,14955.0,-0.1085302118035389,-0.2730335895545952,2013-03-07
-26.880278,26.965,04-03-2015,0.0,0.0,0.0,-1.0,-1.0,2015-04-03,207.384,823.0,178.0,253.0,0.0,0.0,0.0,0.0,0.0,2015-04-03,16417.0,10260.5,17102.5,14088.0,10582.5,9096.5,46463.0,8751.0,21824.0,96.0,-0.0204507823804053,-0.250045682125497,2015-04-03,141.6999969482422,55.400001525878906,86.30000305175781,2.9000000000000004,58.1,1.899999976158142,0.0,233.20213317871097,28.69999885559082,14.039999961853027,1.540000081062317,1.2400000095367432,2.4600000381469727,-3.1999998092651367,2015-04-03,130.0,0.0,1.0,190.0,1.0,2015-04-03,207.384,823.0,178.0,2015-04-03,201.8,2015-04-03,16417.0,10260.5,17102.5,14088.0,-0.0204507823804053,-0.250045682125497,2015-04-03
-26.880278,26.965,04-08-2015,0.0,0.0,0.0,-1.0,-1.0,2015-04-08,254.118,846.0,20.0,253.0,0.0,0.0,0.0,0.0,0.0,2015-04-08,14666.0,10454.5,17695.0,15216.5,11641.5,9297.0,42906.5,8728.5,21824.0,96.0,-0.0936003213744937,-0.2572159363398986,2015-04-08,110.9000015258789,20.600000381469727,90.3000030517578,1.1,21.6,1.5,0.0,210.3978271484375,23.01999855041504,2.2200000286102295,0.5860000252723694,1.1899999380111694,2.5799999237060547,-1.7599999904632568,2015-04-08,130.0,0.0,1.0,190.0,1.0,2015-04-08,254.118,846.0,20.0,2015-04-08,201.8,2015-04-08,14666.0,10454.5,17695.0,15216.5,-0.0936003213744937,-0.2572159363398986,2015-04-08
-26.880278,26.965,04-09-2013,0.0,0.0,0.0,-1.0,-1.0,2013-04-09,265.892,844.0,123.0,253.0,0.0,0.0,0.0,0.0,0.0,2013-04-09,14720.5,10448.5,18654.5,15848.5,11770.5,9367.5,44022.0,8954.5,21824.0,96.0,-0.1178726591760296,-0.2819640586881068,2013-04-09,152.60000610351562,1.2000000476837158,151.40000915527344,0.1,1.2000000000000002,1.100000023841858,0.0,257.40380859375,26.799999237060547,7.409999847412109,0.7820000648498535,1.5,3.4499998092651367,-3.8299999237060542,2013-04-09,130.0,0.0,1.0,190.0,1.0,2013-04-09,265.892,844.0,123.0,2013-04-09,173.7,2013-04-09,14720.5,10448.5,18654.5,15848.5,-0.1178726591760296,-0.2819640586881068,2013-04-09
-26.880278,26.965,05-11-2014,0.0,0.0,0.0,-1.0,-1.0,2014-05-11,271.921,845.0,165.0,253.0,0.0,0.0,0.0,0.0,0.0,2014-05-11,13992.5,10431.0,18263.5,15868.0,11246.0,9584.0,49726.5,9263.5,21824.0,96.0,-0.1324094742063488,-0.2729617174022887,2014-05-11,164.8000030517578,110.4000015258789,54.400001525878906,5.800000000000001,116.0,2.4000000953674316,0.0,265.9039001464844,27.079999923706055,13.399999618530272,1.277000069618225,1.2899999618530271,3.319999933242798,-2.0399999618530273,2014-05-11,130.0,0.0,1.0,190.0,1.0,2014-05-11,271.921,845.0,165.0,2014-05-11,177.5,2014-05-11,13992.5,10431.0,18263.5,15868.0,-0.1324094742063488,-0.2729617174022887,2014-05-11
-26.880278,26.965,06-05-2015,0.0,0.0,0.0,-1.0,-1.0,2015-06-05,236.627,807.0,178.0,253.0,0.0,0.0,0.0,0.0,0.0,2015-06-05,15443.0,9899.0,16057.0,12998.0,10150.5,8784.0,43455.0,8455.5,21824.0,96.0,-0.0194920634920634,-0.2372476498690082,2015-06-05,92.5,1.7000000476837158,90.8000030517578,0.1,1.7000000000000002,1.7000000476837158,0.0,186.29763793945312,25.670000076293945,5.380000114440918,0.9510000348091124,1.149999976158142,1.8700000047683716,-3.7099997997283936,2015-06-05,130.0,0.0,1.0,190.0,1.0,2015-06-05,236.627,807.0,178.0,2015-06-05,201.8,2015-06-05,15443.0,9899.0,16057.0,12998.0,-0.0194920634920634,-0.2372476498690082,2015-06-05
-26.880278,26.965,06-11-2013,0.0,0.0,0.0,-1.0,-1.0,2013-06-11,258.073,796.0,123.0,253.0,0.0,0.0,0.0,0.0,0.0,2013-06-11,15484.0,10694.5,19253.0,16253.0,11597.0,9646.5,50054.0,9282.5,21824.0,96.0,-0.1085010219650513,-0.2857834543784948,2013-06-11,184.8000030517578,54.10000228881836,130.6999969482422,2.8000000000000003,56.900000000000006,1.0,0.0,293.3038635253906,29.939998626708984,13.399999618530272,1.3280000686645508,1.569999933242798,3.3899998664855957,-4.429999828338623,2013-06-11,130.0,0.0,1.0,190.0,1.0,2013-06-11,258.073,796.0,123.0,2013-06-11,173.7,2013-06-11,15484.0,10694.5,19253.0,16253.0,-0.1085010219650513,-0.2857834543784948,2013-06-11
-26.880278,26.965,08-06-2015,0.0,0.0,0.0,-1.0,-1.0,2015-08-06,246.169,813.0,101.0,253.0,0.0,0.0,0.0,0.0,0.0,2015-08-06,14779.5,10238.5,17175.5,14393.0,11235.0,9085.0,41432.0,8543.0,21824.0,160.0,-0.0749804412455012,-0.2530458889618434,2015-08-06,76.5999984741211,19.899999618530273,56.70000076293945,1.0,20.8,1.600000023841858,0.0,156.19888305664062,19.579999923706055,1.7400000095367432,0.6800000071525574,0.8100000023841858,2.5299999713897705,-2.869999885559082,2015-08-06,130.0,0.0,1.0,190.0,1.0,2015-08-06,246.169,813.0,101.0,2015-08-06,201.8,2015-08-06,14779.5,10238.5,17175.5,14393.0,-0.0749804412455012,-0.2530458889618434,2015-08-06
-26.880278,26.965,09-03-2015,0.0,0.0,0.0,-1.0,-1.0,2015-09-03,230.475,876.0,178.0,253.0,0.0,0.0,0.0,0.0,0.0,2015-09-03,16417.0,10260.5,17102.5,14088.0,10582.5,9096.5,46463.0,8751.0,21824.0,96.0,-0.0204507823804053,-0.250045682125497,2015-09-03,141.6999969482422,55.400001525878906,86.30000305175781,2.9000000000000004,58.1,1.899999976158142,0.0,233.20213317871097,28.69999885559082,14.039999961853027,1.540000081062317,1.2400000095367432,2.4600000381469727,-3.1999998092651367,2015-09-03,130.0,0.0,1.0,190.0,1.0,2015-09-03,230.475,876.0,178.0,2015-09-03,201.8,2015-09-03,16417.0,10260.5,17102.5,14088.0,-0.0204507823804053,-0.250045682125497,2015-09-03
-26.880278,26.965,09-07-2015,0.0,0.0,0.0,-1.0,-1.0,2015-09-07,249.856,801.0,20.0,253.0,0.0,0.0,0.0,0.0,0.0,2015-09-07,15108.5,10556.5,17732.5,14826.5,11714.5,9331.0,42491.5,8742.5,21824.0,160.0,-0.0799001248439448,-0.2536675032698213,2015-09-07,80.30000305175781,9.40000057220459,70.9000015258789,0.5,9.9,1.5,0.0,167.902587890625,20.11999893188477,2.609999895095825,0.6800000071525574,0.8700000047683716,2.490000009536743,-2.450000047683716,2015-09-07,130.0,0.0,1.0,190.0,1.0,2015-09-07,249.856,801.0,20.0,2015-09-07,201.8,2015-09-07,15108.5,10556.5,17732.5,14826.5,-0.0799001248439448,-0.2536675032698213,2015-09-07
-26.880278,26.965,10-09-2014,0.0,0.0,0.0,-1.0,-1.0,2014-10-09,279.238,914.0,165.0,253.0,0.0,0.0,0.0,0.0,0.0,2014-10-09,13914.0,10482.5,17669.0,15229.5,11599.5,9375.5,45681.5,8812.5,21824.0,96.0,-0.118893075388658,-0.2552794700104781,2014-10-09,153.10000610351562,0.9000000357627869,152.1999969482422,0.0,0.6000000000000001,2.799999952316284,0.0,260.0006103515625,28.09000015258789,8.069999694824219,0.7760000228881836,1.6699999570846558,3.049999952316284,-2.3399999141693115,2014-10-09,130.0,0.0,1.0,190.0,1.0,2014-10-09,279.238,914.0,165.0,2014-10-09,177.5,2014-10-09,13914.0,10482.5,17669.0,15229.5,-0.118893075388658,-0.2552794700104781,2014-10-09
-26.880278,26.965,10-10-2014,0.0,0.0,0.0,-1.0,-1.0,2014-10-10,277.79,844.0,165.0,253.0,0.0,0.0,0.0,0.0,0.0,2014-10-10,14871.0,10764.0,18379.0,15569.0,11901.5,9472.5,48239.5,8863.0,21824.0,160.0,-0.1055037593984959,-0.2612977387365739,2014-10-10,192.5,13.0,179.5,0.7000000000000001,13.5,2.6000001430511475,0.0,296.7972717285156,29.56999969482422,11.6899995803833,1.0840001106262207,1.6799999475479126,3.629999876022339,-3.2699999809265137,2014-10-10,130.0,0.0,1.0,190.0,1.0,2014-10-10,277.79,844.0,165.0,2014-10-10,177.5,2014-10-10,14871.0,10764.0,18379.0,15569.0,-0.1055037593984959,-0.2612977387365739,2014-10-10
-26.880278,26.965,11-04-2013,0.0,0.0,0.0,-1.0,-1.0,2013-11-04,226.006,767.0,193.0,253.0,0.0,0.0,0.0,0.0,0.0,2013-11-04,14327.5,9762.0,17274.0,14489.5,10367.0,9008.5,44607.5,8734.0,21824.0,96.0,-0.0932392449725484,-0.2778517532179306,2013-11-04,110.20000457763672,46.0,64.20000457763672,2.4000000000000004,48.400000000000006,1.3000000715255735,0.0,202.8008270263672,25.68000030517578,8.479999542236328,1.1950000524520874,1.0199999809265137,2.2799999713897705,-3.619999885559082,2013-11-04,130.0,0.0,1.0,190.0,1.0,2013-11-04,226.006,767.0,193.0,2013-11-04,162.6,2013-11-04,14327.5,9762.0,17274.0,14489.5,-0.0932392449725484,-0.2778517532179306,2013-11-04
-26.880278,26.965,11-05-2015,0.0,0.0,0.0,-1.0,-1.0,2015-11-05,241.943,833.0,178.0,253.0,0.0,0.0,0.0,0.0,0.0,2015-11-05,15618.0,10249.5,16702.0,13455.5,10873.0,8885.0,43327.5,8383.5,21824.0,224.0,-0.0335396039603959,-0.2394115355360546,2015-11-05,92.5,1.7000000476837158,90.8000030517578,0.1,1.7000000000000002,1.7000000476837158,0.0,186.29763793945312,25.670000076293945,5.380000114440918,0.9510000348091124,1.149999976158142,1.8700000047683716,-3.7099997997283936,2015-11-05,130.0,0.0,1.0,190.0,1.0,2015-11-05,241.943,833.0,178.0,2015-11-05,201.8,2015-11-05,15618.0,10249.5,16702.0,13455.5,-0.0335396039603959,-0.2394115355360546,2015-11-05
-26.880278,26.965,11-06-2013,0.0,0.0,0.0,-1.0,-1.0,2013-11-06,259.247,802.0,192.0,253.0,0.0,0.0,0.0,0.0,0.0,2013-11-06,14285.0,10165.5,17769.0,14845.0,11163.0,9240.5,42899.0,8854.0,21824.0,96.0,-0.1086915829537651,-0.2721903023143415,2013-11-06,76.20000457763672,0.0,76.20000457763672,0.0,0.0,1.2000000476837158,0.0,165.20269775390625,20.0,2.009999990463257,0.7050000429153442,0.8199999928474426,2.5199999809265137,-3.740000009536743,2013-11-06,130.0,0.0,1.0,190.0,1.0,2013-11-06,259.247,802.0,192.0,2013-11-06,162.6,2013-11-06,14285.0,10165.5,17769.0,14845.0,-0.1086915829537651,-0.2721903023143415,2013-11-06
-26.880278,26.965,11-11-2015,0.0,0.0,0.0,-1.0,-1.0,2015-11-11,309.495,876.0,132.0,253.0,0.0,0.0,0.0,0.0,0.0,2015-11-11,15042.0,10629.5,18311.5,15626.0,11583.5,9455.0,51523.0,8920.0,21824.0,96.0,-0.0980256944548545,-0.2654365778653113,2015-11-11,199.90000915527344,30.399999618530273,169.5,1.6,31.9,1.3000000715255735,0.0,323.59619140625,29.53999900817871,12.679999351501465,1.281000018119812,1.5299999713897705,3.759999990463257,-3.0899999141693115,2015-11-11,130.0,0.0,1.0,190.0,1.0,2015-11-11,309.495,876.0,132.0,2015-11-11,201.8,2015-11-11,15042.0,10629.5,18311.5,15626.0,-0.0980256944548545,-0.2654365778653113,2015-11-11
-26.880278,26.965,12-11-2014,0.0,0.0,0.0,-1.0,-1.0,2014-12-11,285.167,932.0,165.0,253.0,0.0,0.0,0.0,0.0,0.0,2014-12-11,13983.5,10393.0,18268.0,15873.0,11245.0,9545.0,49646.0,9208.0,21824.0,96.0,-0.1328465342697234,-0.2747636160636395,2014-12-11,164.8000030517578,110.4000015258789,54.400001525878906,5.800000000000001,116.0,2.4000000953674316,0.0,265.9039001464844,27.079999923706055,13.399999618530272,1.277000069618225,1.2899999618530271,3.319999933242798,-2.0399999618530273,2014-12-11,130.0,0.0,1.0,190.0,1.0,2014-12-11,285.167,932.0,165.0,2014-12-11,177.5,2014-12-11,13983.5,10393.0,18268.0,15873.0,-0.1328465342697234,-0.2747636160636395,2014-12-11
-26.861111,28.884722,01-04-2015,0.0,0.0,0.0,-1.0,-1.0,2015-01-04,135.203,542.0,146.0,253.0,0.0,0.0,0.0,0.0,0.0,2015-01-04,16190.5,9627.5,15216.5,12166.5,9497.5,8784.5,45707.5,8641.5,21824.0,96.0,0.031012194733658,-0.2249637739494436,2015-01-04,100.8000030517578,35.79999923706055,65.0,1.9,37.5,3.299999952316284,0.0,195.3036193847656,24.26999855041504,8.429999351501465,1.1690000295639038,0.9099999666213988,2.0799999237060547,-2.669999837875366,2015-01-04,130.0,0.0,1.0,327.0,1.0,2015-01-04,135.203,542.0,146.0,2015-01-04,182.40001,2015-01-04,16190.5,9627.5,15216.5,12166.5,0.031012194733658,-0.2249637739494436,2015-01-04
-26.861111,28.884722,01-09-2015,0.0,0.0,0.0,-1.0,-1.0,2015-01-09,181.078,596.0,20.0,253.0,0.0,0.0,0.0,0.0,0.0,2015-01-09,13751.0,10395.0,17475.0,16017.0,11277.0,9685.5,46419.5,9367.5,21824.0,96.0,-0.1192595913661688,-0.2540365984930023,2015-01-09,125.4000015258789,35.400001525878906,90.0,1.9,37.1,2.5,0.0,234.1964569091797,24.510000228881836,6.37999963760376,0.8710000514984131,1.149999976158142,2.869999885559082,-1.2300000190734863,2015-01-09,130.0,0.0,1.0,327.0,1.0,2015-01-09,181.078,596.0,20.0,2015-01-09,182.40001,2015-01-09,13751.0,10395.0,17475.0,16017.0,-0.1192595913661688,-0.2540365984930023,2015-01-09
-26.861111,28.884722,01-10-2014,0.0,0.0,0.0,-1.0,-1.0,2014-01-10,213.462,808.0,149.0,253.0,0.0,0.0,0.0,0.0,0.0,2014-01-10,17028.0,11562.0,20104.5,16647.0,13096.0,10011.5,48150.5,9209.5,21824.0,113.0,-0.0828519491011914,-0.2697645777083028,2014-01-10,162.1999969482422,17.399999618530273,144.8000030517578,0.9,17.6,5.300000190734863,0.0,283.0036926269531,26.939998626708984,9.210000038146973,1.1230000257492063,1.2400000095367432,3.0299999713897705,-2.93999981880188,2014-01-10,130.0,0.0,1.0,327.0,1.0,2014-01-10,213.462,808.0,149.0,2014-01-10,158.3,2014-01-10,17028.0,11562.0,20104.5,16647.0,-0.0828519491011914,-0.2697645777083028,2014-01-10
-26.861111,28.884722,02-07-2013,0.0,0.0,0.0,-1.0,-1.0,2013-02-07,172.941,649.0,23.0,253.0,0.0,0.0,0.0,0.0,0.0,2013-02-07,15429.5,10607.5,17582.5,14215.0,11933.0,9449.0,43064.5,8780.0,21824.0,160.0,-0.0652187083484791,-0.2474281660163169,2013-02-07,75.9000015258789,1.7000000476837158,74.20000457763672,0.1,1.7000000000000002,1.8000000715255735,0.0,169.89645385742188,18.8799991607666,-1.4900000095367432,0.597000002861023,0.7699999809265137,2.299999952316284,-3.2300000190734863,2013-02-07,130.0,0.0,1.0,327.0,1.0,2013-02-07,172.941,649.0,23.0,2013-02-07,143.2,2013-02-07,15429.5,10607.5,17582.5,14215.0,-0.0652187083484791,-0.2474281660163169,2013-02-07
-26.861111,28.884722,02-09-2014,0.0,0.0,0.0,-1.0,-1.0,2014-02-09,175.891,700.0,20.0,253.0,0.0,0.0,0.0,0.0,0.0,2014-02-09,16328.0,11302.5,19230.0,15857.5,12817.0,9976.5,45676.5,9170.5,21824.0,160.0,-0.0816131390966868,-0.2596413657577982,2014-02-09,133.10000610351562,1.2000000476837158,131.90000915527344,0.0,0.4,6.0,0.0,255.4989318847656,26.229999542236328,5.670000076293945,0.8530000448226929,1.319999933242798,2.5799999237060547,-1.8799999952316284,2014-02-09,130.0,0.0,1.0,327.0,1.0,2014-02-09,175.891,700.0,20.0,2014-02-09,158.3,2014-02-09,16328.0,11302.5,19230.0,15857.5,-0.0816131390966868,-0.2596413657577982,2014-02-09
-26.861111,28.884722,02-12-2014,0.0,0.0,0.0,-1.0,-1.0,2014-02-12,181.888,662.0,149.0,253.0,0.0,0.0,0.0,0.0,0.0,2014-02-12,16174.5,9827.5,15928.0,13095.5,9799.5,8820.0,48814.0,8576.0,21824.0,96.0,0.0076785297095241,-0.2368620294694328,2014-02-12,156.10000610351562,148.8000030517578,7.300000190734863,7.800000000000001,156.20000000000002,4.400000095367432,0.0,279.59857177734375,26.78999900817871,13.449999809265137,1.5470000505447388,0.9899999499320984,2.4600000381469727,-0.6899999976158142,2014-02-12,130.0,0.0,1.0,327.0,1.0,2014-02-12,181.888,662.0,149.0,2014-02-12,158.3,2014-02-12,16174.5,9827.5,15928.0,13095.5,0.0076785297095241,-0.2368620294694328,2014-02-12
-26.861111,28.884722,04-06-2013,0.0,0.0,0.0,-1.0,-1.0,2013-04-06,164.905,574.0,43.0,253.0,0.0,0.0,0.0,0.0,0.0,2013-04-06,14852.0,9934.5,16687.5,13696.5,11144.0,9059.0,41770.0,8643.5,21824.0,96.0,-0.0581968642495916,-0.2536623844940265,2013-04-06,69.5999984741211,0.1000000014901161,69.5,0.0,0.0,1.8000000715255735,0.0,163.49659729003906,19.11999893188477,0.1400000005960464,0.6990000605583191,0.7199999690055847,2.3299999237060547,-3.18999981880188,2013-04-06,130.0,0.0,1.0,327.0,1.0,2013-04-06,164.905,574.0,43.0,2013-04-06,143.2,2013-04-06,14852.0,9934.5,16687.5,13696.5,-0.0581968642495916,-0.2536623844940265,2013-04-06
-26.861111,28.884722,04-11-2014,0.0,0.0,0.0,-1.0,-1.0,2014-04-11,221.86,747.0,149.0,253.0,0.0,0.0,0.0,0.0,0.0,2014-04-11,15468.0,10761.0,18244.5,15153.0,11668.5,9552.5,48535.0,9097.0,21824.0,96.0,-0.082358175750834,-0.2580027925738213,2014-04-11,144.5,118.8000030517578,25.700000762939453,6.2,124.6,4.800000190734863,0.0,260.99822998046875,25.01999855041504,11.179999351501465,1.3220000267028809,0.9399999976158142,3.0899999141693115,-2.2300000190734863,2014-04-11,130.0,0.0,1.0,327.0,1.0,2014-04-11,221.86,747.0,149.0,2014-04-11,158.3,2014-04-11,15468.0,10761.0,18244.5,15153.0,-0.082358175750834,-0.2580027925738213,2014-04-11
-26.861111,28.884722,05-08-2014,0.0,0.0,0.0,-1.0,-1.0,2014-05-08,184.932,709.0,20.0,253.0,0.0,0.0,0.0,0.0,0.0,2014-05-08,17078.5,11452.5,19167.5,15316.5,13369.0,10021.0,44144.0,9292.5,21824.0,96.0,-0.0576339458147104,-0.2519595035924224,2014-05-08,96.9000015258789,5.5,91.4000015258789,0.2,4.7,6.800000190734863,0.0,199.401123046875,21.309999465942383,1.6799999475479126,0.687000036239624,0.9300000071525574,2.5799999237060547,-1.350000023841858,2014-05-08,130.0,0.0,1.0,327.0,1.0,2014-05-08,184.932,709.0,20.0,2014-05-08,158.3,2014-05-08,17078.5,11452.5,19167.5,15316.5,-0.0576339458147104,-0.2519595035924224,2014-05-08
-26.861111,28.884722,08-04-2015,0.0,0.0,0.0,-1.0,-1.0,2015-08-04,152.088,577.0,98.0,253.0,0.0,0.0,0.0,0.0,0.0,2015-08-04,16190.5,9627.5,15216.5,12166.5,9497.5,8784.5,45707.5,8641.5,21824.0,96.0,0.031012194733658,-0.2249637739494436,2015-08-04,100.8000030517578,35.79999923706055,65.0,1.9,37.5,3.299999952316284,0.0,195.3036193847656,24.26999855041504,8.429999351501465,1.1690000295639038,0.9099999666213988,2.0799999237060547,-2.669999837875366,2015-08-04,130.0,0.0,1.0,327.0,1.0,2015-08-04,152.088,577.0,98.0,2015-08-04,182.40001,2015-08-04,16190.5,9627.5,15216.5,12166.5,0.031012194733658,-0.2249637739494436,2015-08-04
-26.861111,28.884722,08-07-2014,0.0,0.0,0.0,-1.0,-1.0,2014-08-07,201.692,739.0,20.0,253.0,0.0,0.0,0.0,0.0,0.0,2014-08-07,16713.5,11257.5,18459.0,15016.0,12996.5,9837.0,41758.0,9131.5,21824.0,96.0,-0.0496268391499039,-0.2423401140780366,2014-08-07,74.20000457763672,1.600000023841858,72.5999984741211,0.0,0.0,7.900000095367432,0.0,176.595947265625,18.299999237060547,-2.4800000190734863,0.5520000457763672,0.7599999904632568,2.2100000381469727,-1.2699999809265137,2014-08-07,130.0,0.0,1.0,327.0,1.0,2014-08-07,201.692,739.0,20.0,2014-08-07,156.1,2014-08-07,16713.5,11257.5,18459.0,15016.0,-0.0496268391499039,-0.2423401140780366,2014-08-07
-26.861111,28.884722,08-10-2013,0.0,0.0,0.0,-1.0,-1.0,2013-08-10,205.349,692.68,195.0,253.0,0.0,0.0,0.0,0.0,0.0,2013-08-10,16770.5,11417.0,19735.0,16110.0,12920.0,10095.0,49026.0,9373.0,21824.0,160.0,-0.0812069414197858,-0.2670133538777598,2013-08-10,156.1999969482422,33.20000076293945,123.0,1.7000000000000002,34.9,1.600000023841858,0.0,270.4037780761719,26.69999885559082,8.210000038146973,1.1230000257492063,1.1799999475479126,3.0799999237060547,-4.110000133514404,2013-08-10,130.0,0.0,1.0,327.0,1.0,2013-08-10,205.349,692.68,195.0,2013-08-10,158.2,2013-08-10,16770.5,11417.0,19735.0,16110.0,-0.0812069414197858,-0.2670133538777598,2013-08-10
-26.861111,28.884722,08-12-2015,0.0,0.0,0.0,-1.0,-1.0,2015-08-12,230.5,700.0,20.0,253.0,0.0,0.0,0.0,0.0,0.0,2015-08-12,15656.0,10450.0,17305.5,15180.0,10804.0,9368.0,49022.0,9037.5,21824.0,96.0,-0.0500432322558134,-0.2469960908648727,2015-08-12,182.40000915527344,34.10000228881836,148.3000030517578,1.8,35.800000000000004,2.200000047683716,0.0,308.5019836425781,29.829999923706055,14.119999885559082,1.6760001182556152,1.2400000095367432,3.009999990463257,-4.360000133514404,2015-08-12,130.0,0.0,1.0,327.0,1.0,2015-08-12,230.5,700.0,20.0,2015-08-12,182.40001,2015-08-12,15656.0,10450.0,17305.5,15180.0,-0.0500432322558134,-0.2469960908648727,2015-08-12
-26.861111,28.884722,09-06-2015,0.0,0.0,0.0,-1.0,-1.0,2015-09-06,146.031,585.0,20.0,253.0,0.0,0.0,0.0,0.0,0.0,2015-09-06,14483.5,9893.5,14950.5,12439.5,11103.0,8904.0,41293.5,8481.0,21824.0,96.0,-0.0158660052999931,-0.2035501529544348,2015-09-06,66.5999984741211,16.899999618530273,49.70000076293945,0.9,17.6,2.9000000953674316,0.0,156.802001953125,18.010000228881836,-0.949999988079071,0.675000011920929,0.6499999761581421,2.190000057220459,-2.549999952316284,2015-09-06,130.0,0.0,1.0,327.0,1.0,2015-09-06,146.031,585.0,20.0,2015-09-06,182.40001,2015-09-06,14483.5,9893.5,14950.5,12439.5,-0.0158660052999931,-0.2035501529544348,2015-09-06
-26.861111,28.884722,09-10-2014,0.0,0.0,0.0,-1.0,-1.0,2014-09-10,206.574,727.0,149.0,253.0,0.0,0.0,0.0,0.0,0.0,2014-09-10,17028.0,11562.0,20104.5,16647.0,13096.0,10011.5,48150.5,9209.5,21824.0,113.0,-0.0828519491011914,-0.2697645777083028,2014-09-10,162.1999969482422,17.399999618530273,144.8000030517578,0.9,17.6,5.300000190734863,0.0,283.0036926269531,26.939998626708984,9.210000038146973,1.1230000257492063,1.2400000095367432,3.0299999713897705,-2.93999981880188,2014-09-10,130.0,0.0,1.0,327.0,1.0,2014-09-10,206.574,727.0,149.0,2014-09-10,158.3,2014-09-10,17028.0,11562.0,20104.5,16647.0,-0.0828519491011914,-0.2697645777083028,2014-09-10
-26.861111,28.884722,09-12-2014,0.0,0.0,0.0,-1.0,-1.0,2014-09-12,172.593,653.0,149.0,253.0,0.0,0.0,0.0,0.0,0.0,2014-09-12,16174.5,9827.5,15928.0,13095.5,9799.5,8820.0,48814.0,8576.0,21824.0,96.0,0.0076785297095241,-0.2368620294694328,2014-09-12,156.10000610351562,148.8000030517578,7.300000190734863,7.800000000000001,156.20000000000002,4.400000095367432,0.0,279.59857177734375,26.78999900817871,13.449999809265137,1.5470000505447388,0.9899999499320984,2.4600000381469727,-0.6899999976158142,2014-09-12,130.0,0.0,1.0,327.0,1.0,2014-09-12,172.593,653.0,149.0,2014-09-12,158.3,2014-09-12,16174.5,9827.5,15928.0,13095.5,0.0076785297095241,-0.2368620294694328,2014-09-12
-26.861111,28.884722,11-11-2013,0.0,0.0,0.0,-1.0,-1.0,2013-11-11,92.794,429.0,98.0,253.0,0.0,0.0,0.0,0.0,0.0,2013-11-11,15292.5,9965.5,15856.0,13425.0,10380.0,9028.0,48317.0,8729.5,21824.0,96.0,-0.0180907587845321,-0.2281238502798047,2013-11-11,158.3000030517578,101.4000015258789,56.900001525878906,5.300000000000001,106.7,1.600000023841858,0.0,275.4980163574219,27.479999542236328,11.139999389648438,1.380000114440918,1.1299999952316284,3.2200000286102295,-3.809999942779541,2013-11-11,130.0,0.0,1.0,327.0,1.0,2013-11-11,92.794,429.0,98.0,2013-11-11,158.2,2013-11-11,15292.5,9965.5,15856.0,13425.0,-0.0180907587845321,-0.2281238502798047,2013-11-11
-26.861111,28.884722,12-08-2014,0.0,0.0,0.0,-1.0,-1.0,2014-12-08,188.804,706.0,20.0,253.0,0.0,0.0,0.0,0.0,0.0,2014-12-08,16006.0,11507.0,16031.0,13189.0,12993.0,9879.0,42215.5,8983.5,21824.0,224.0,-0.0007803477229453,-0.1642820829399369,2014-12-08,96.9000015258789,5.5,91.4000015258789,0.2,4.7,6.800000190734863,0.0,199.401123046875,21.309999465942383,1.6799999475479126,0.687000036239624,0.9300000071525574,2.5799999237060547,-1.350000023841858,2014-12-08,130.0,0.0,1.0,327.0,1.0,2014-12-08,188.804,706.0,20.0,2014-12-08,158.3,2014-12-08,16006.0,11507.0,16031.0,13189.0,-0.0007803477229453,-0.1642820829399369,2014-12-08
-26.861111,28.884722,12-11-2014,0.0,0.0,0.0,-1.0,-1.0,2014-12-11,213.379,724.0,149.0,253.0,0.0,0.0,0.0,0.0,0.0,2014-12-11,17762.5,12139.0,19685.0,16334.5,12648.5,10346.5,45818.0,9431.0,22280.0,224.0,-0.0513385406235394,-0.2371166415284055,2014-12-11,144.5,118.8000030517578,25.700000762939453,6.2,124.6,4.800000190734863,0.0,260.99822998046875,25.01999855041504,11.179999351501465,1.3220000267028809,0.9399999976158142,3.0899999141693115,-2.2300000190734863,2014-12-11,130.0,0.0,1.0,327.0,1.0,2014-12-11,213.379,724.0,149.0,2014-12-11,158.3,2014-12-11,17762.5,12139.0,19685.0,16334.5,-0.0513385406235394,-0.2371166415284055,2014-12-11
-26.73806,27.59194,01-09-2014,0.0,0.0,0.0,-1.0,-1.0,2014-01-09,135.559,762.0,20.0,112.0,1.0,90.0,97.0,12.0,1.0,2014-01-09,9670.0,9371.5,8607.0,8289.0,9420.0,8799.5,42313.0,8401.5,21952.0,96.0,0.0581605296274002,0.042523013599577,2014-01-09,150.10000610351562,1.100000023841858,149.0,0.0,0.6000000000000001,4.099999904632568,0.0,258.5989990234375,27.36999893188477,7.669999599456787,0.7820000648498535,1.569999933242798,3.0899999141693115,-1.7699999809265137,2014-01-09,130.0,0.0,1.0,187.0,1.0,2014-01-09,135.559,762.0,20.0,2014-01-09,168.90001,2014-01-09,9670.0,9371.5,8607.0,8289.0,0.0581605296274002,0.042523013599577,2014-01-09
-26.73806,27.59194,03-02-2014,0.0,0.0,0.0,-1.0,-1.0,2014-03-02,98.99,458.0,75.0,112.0,1.0,90.0,97.0,12.0,1.0,2014-03-02,10290.5,10604.0,8210.5,8046.5,11026.5,9462.0,44405.5,8946.5,21952.0,96.0,0.1124263553321436,0.127215711286507,2014-03-02,132.3000030517578,132.3000030517578,0.0,8.0,160.10000000000002,21.0,0.0,252.2010040283203,27.84000015258789,15.779999732971191,1.715000033378601,1.059999942779541,1.9900000095367432,2.3899998664855957,2014-03-02,130.0,0.0,1.0,187.0,1.0,2014-03-02,98.99,458.0,75.0,2014-03-02,164.40001,2014-03-02,10290.5,10604.0,8210.5,8046.5,0.1124263553321436,0.127215711286507,2014-03-02
-26.73806,27.59194,03-06-2013,0.0,0.0,0.0,-1.0,-1.0,2013-03-06,113.201,627.0,180.0,112.0,1.0,90.0,97.0,12.0,1.0,2013-03-06,9605.0,9184.5,8203.0,7908.0,9259.0,8422.0,40561.5,8100.5,21952.0,96.0,0.0787286612758306,0.0564485981308408,2013-03-06,73.0999984741211,0.1000000014901161,73.0,0.0,0.0,1.399999976158142,0.0,166.99688720703125,19.100000381469727,1.4900000095367432,0.6730000376701355,0.7799999713897705,2.40999984741211,-3.3499999046325684,2013-03-06,130.0,0.0,1.0,187.0,1.0,2013-03-06,113.201,627.0,180.0,2013-03-06,153.90001,2013-03-06,9605.0,9184.5,8203.0,7908.0,0.0787286612758306,0.0564485981308408,2013-03-06
-26.73806,27.59194,03-08-2015,0.0,0.0,0.0,-1.0,-1.0,2015-03-08,115.0,766.0,20.0,112.0,1.0,90.0,97.0,12.0,1.0,2015-03-08,9868.5,9340.5,8329.0,8074.0,9389.5,8782.5,40654.5,8493.5,21952.0,96.0,0.0845995329028708,0.0572455360932677,2015-03-08,107.8000030517578,13.0,94.8000030517578,0.7000000000000001,13.6,1.899999976158142,0.0,212.598388671875,22.559999465942383,2.1499998569488525,0.5820000171661377,1.149999976158142,2.4800000190734863,-1.5199999809265137,2015-03-08,130.0,0.0,1.0,187.0,1.0,2015-03-08,115.0,766.0,20.0,2015-03-08,193.3,2015-03-08,9868.5,9340.5,8329.0,8074.0,0.0845995329028708,0.0572455360932677,2015-03-08
-26.73806,27.59194,03-11-2014,0.0,0.0,0.0,-1.0,-1.0,2014-03-11,134.73,745.0,190.0,112.0,1.0,90.0,97.0,12.0,1.0,2014-03-11,9680.0,8966.5,8684.0,8315.5,8982.5,8083.0,45833.0,7874.5,21952.0,177.0,0.0542365497712913,0.0160052123169314,2014-03-11,154.60000610351562,120.5,34.10000228881836,6.300000000000001,126.5,3.299999952316284,0.0,260.701416015625,25.8799991607666,12.65999984741211,1.2760000228881836,1.1299999952316284,3.18999981880188,-1.6699999570846558,2014-03-11,130.0,0.0,1.0,187.0,1.0,2014-03-11,134.73,745.0,190.0,2014-03-11,168.90001,2014-03-11,9680.0,8966.5,8684.0,8315.5,0.0542365497712913,0.0160052123169314,2014-03-11
-26.73806,27.59194,04-11-2013,0.0,0.0,0.0,-1.0,-1.0,2013-04-11,130.382,674.0,173.0,112.0,1.0,90.0,97.0,12.0,1.0,2013-04-11,10044.5,9316.5,8843.0,8443.5,9590.5,8665.0,45439.0,8509.5,21952.0,96.0,0.0636135009927197,0.0260745064566754,2013-04-11,172.8000030517578,74.9000015258789,97.9000015258789,3.9,78.80000000000001,1.2000000476837158,0.0,287.0001220703125,28.43000030517578,12.559999465942385,1.3340001106262207,1.3399999141693115,3.3299999237060547,-4.009999752044678,2013-04-11,130.0,0.0,1.0,187.0,1.0,2013-04-11,130.382,674.0,173.0,2013-04-11,166.2,2013-04-11,10044.5,9316.5,8843.0,8443.5,0.0636135009927197,0.0260745064566754,2013-04-11
-26.73806,27.59194,05-03-2015,0.0,0.0,0.0,-1.0,-1.0,2015-05-03,112.729,655.0,182.0,112.0,1.0,90.0,97.0,12.0,1.0,2015-05-03,9942.5,9225.0,8383.5,7940.5,9089.5,8230.5,43777.0,7836.5,21952.0,224.0,0.0850703917930804,0.0477894198824428,2015-05-03,135.60000610351562,52.20000076293945,83.4000015258789,2.7,54.8,2.5,0.0,231.59654235839844,27.78999900817871,12.90999984741211,1.4830000400543213,1.1399999856948853,2.2899999618530273,-2.569999933242798,2015-05-03,130.0,0.0,1.0,187.0,1.0,2015-05-03,112.729,655.0,182.0,2015-05-03,193.3,2015-05-03,9942.5,9225.0,8383.5,7940.5,0.0850703917930804,0.0477894198824428,2015-05-03
-26.73806,27.59194,07-04-2014,0.0,0.0,0.0,-1.0,-1.0,2014-07-04,84.66,375.0,166.0,112.0,1.0,90.0,97.0,12.0,1.0,2014-07-04,10052.5,10037.0,8115.0,7894.5,10329.0,8787.0,42538.5,8245.0,21952.0,224.0,0.106646484106233,0.1058836491846622,2014-07-04,102.5,32.400001525878906,70.0999984741211,1.5,30.6,9.100000381469728,0.0,208.80023193359375,24.06999969482422,7.809999942779541,1.1019999980926514,0.9300000071525574,1.8499999046325684,1.4800000190734863,2014-07-04,130.0,0.0,1.0,187.0,1.0,2014-07-04,84.66,375.0,166.0,2014-07-04,164.40001,2014-07-04,10052.5,10037.0,8115.0,7894.5,0.106646484106233,0.1058836491846622,2014-07-04
-26.73806,27.59194,07-04-2015,0.0,0.0,0.0,-1.0,-1.0,2015-07-04,116.272,771.0,158.0,112.0,1.0,90.0,97.0,12.0,1.0,2015-07-04,10231.5,9297.5,8360.5,8017.0,9206.5,8297.0,43197.0,7954.5,21952.0,224.0,0.1006346815834762,0.0530637671310451,2015-07-04,102.0999984741211,32.60000228881836,69.5,1.7000000000000002,34.2,2.299999952316284,0.0,197.30043029785156,24.299999237060547,9.519999504089355,1.1790000200271606,0.9399999976158142,2.0199999809265137,-2.859999895095825,2015-07-04,130.0,0.0,1.0,187.0,1.0,2015-07-04,116.272,771.0,158.0,2015-07-04,193.3,2015-07-04,10231.5,9297.5,8360.5,8017.0,0.1006346815834762,0.0530637671310451,2015-07-04
-26.73806,27.59194,07-12-2015,0.0,0.0,0.0,-1.0,-1.0,2015-07-12,150.282,638.0,190.0,112.0,1.0,90.0,97.0,12.0,1.0,2015-07-12,9408.5,9011.5,8385.0,8162.0,8991.0,8176.0,46272.0,7896.0,21952.0,160.0,0.0575210048613254,0.036012991118903,2015-07-12,193.3000030517578,32.29999923706055,161.0,1.7000000000000002,33.9,1.600000023841858,0.0,311.6968688964844,31.10999870300293,15.799999237060549,1.693000078201294,1.4800000190734863,3.069999933242798,-4.210000038146973,2015-07-12,130.0,0.0,1.0,187.0,1.0,2015-07-12,150.282,638.0,190.0,2015-07-12,193.3,2015-07-12,9408.5,9011.5,8385.0,8162.0,0.0575210048613254,0.036012991118903,2015-07-12
-26.73806,27.59194,08-06-2015,0.0,0.0,0.0,-1.0,-1.0,2015-08-06,112.382,755.0,20.0,112.0,1.0,90.0,97.0,12.0,1.0,2015-08-06,9641.0,9013.0,8381.0,8010.5,9433.0,8454.0,40058.0,8224.0,21952.0,96.0,0.0699145488846961,0.0363343681729329,2015-08-06,73.0,17.899999618530273,55.10000228881836,0.9,18.7,2.1000001430511475,0.0,158.09788513183594,18.479999542236328,0.9099999666213988,0.6460000276565552,0.75,2.40999984741211,-2.429999828338623,2015-08-06,130.0,0.0,1.0,187.0,1.0,2015-08-06,112.382,755.0,20.0,2015-08-06,193.3,2015-08-06,9641.0,9013.0,8381.0,8010.5,0.0699145488846961,0.0363343681729329,2015-08-06
-26.73806,27.59194,09-03-2015,0.0,0.0,0.0,-1.0,-1.0,2015-09-03,120.481,721.0,182.0,112.0,1.0,90.0,97.0,12.0,1.0,2015-09-03,9942.5,9225.0,8383.5,7940.5,9089.5,8230.5,43777.0,7836.5,21952.0,224.0,0.0850703917930804,0.0477894198824428,2015-09-03,135.60000610351562,52.20000076293945,83.4000015258789,2.7,54.8,2.5,0.0,231.59654235839844,27.78999900817871,12.90999984741211,1.4830000400543213,1.1399999856948853,2.2899999618530273,-2.569999933242798,2015-09-03,130.0,0.0,1.0,187.0,1.0,2015-09-03,120.481,721.0,182.0,2015-09-03,193.3,2015-09-03,9942.5,9225.0,8383.5,7940.5,0.0850703917930804,0.0477894198824428,2015-09-03
-26.73806,27.59194,09-06-2014,0.0,0.0,0.0,-1.0,-1.0,2014-09-06,130.745,614.0,72.0,112.0,1.0,90.0,97.0,12.0,1.0,2014-09-06,9583.0,9232.5,8127.0,7929.5,9407.5,8462.5,40202.5,8144.0,21952.0,96.0,0.0822134387351774,0.0636827097554649,2014-09-06,74.20000457763672,1.2000000476837158,73.0,0.0,0.0,6.0,0.0,165.69627380371094,19.209999084472656,-0.449999988079071,0.5910000205039978,0.8199999928474426,2.259999990463257,-1.209999918937683,2014-09-06,130.0,0.0,1.0,187.0,1.0,2014-09-06,130.745,614.0,72.0,2014-09-06,164.40001,2014-09-06,9583.0,9232.5,8127.0,7929.5,0.0822134387351774,0.0636827097554649,2014-09-06
-26.73806,27.59194,09-11-2015,0.0,0.0,0.0,-1.0,-1.0,2015-09-11,169.146,704.0,190.0,112.0,1.0,90.0,97.0,12.0,1.0,2015-09-11,9667.0,9314.0,9333.0,9038.5,9521.5,8240.0,46756.0,7940.0,21952.0,96.0,0.0175789473684209,-0.0010189306590872,2015-09-11,188.1999969482422,38.5,149.6999969482422,2.0,40.5,1.600000023841858,0.0,320.001953125,28.13999938964844,11.969999313354492,1.2960000038146973,1.319999933242798,3.6999998092651367,-2.929999828338623,2015-09-11,130.0,0.0,1.0,187.0,1.0,2015-09-11,169.146,704.0,190.0,2015-09-11,193.3,2015-09-11,9667.0,9314.0,9333.0,9038.5,0.0175789473684209,-0.0010189306590872,2015-09-11
-26.73806,27.59194,11-11-2014,0.0,0.0,0.0,-1.0,-1.0,2014-11-11,131.584,722.0,165.0,112.0,1.0,90.0,97.0,12.0,1.0,2014-11-11,10208.5,9555.5,8987.5,8631.0,9734.0,8967.0,45230.0,8620.5,21952.0,96.0,0.0636070014586368,0.0306315051501912,2014-11-11,154.60000610351562,120.5,34.10000228881836,6.300000000000001,126.5,3.299999952316284,0.0,260.701416015625,25.8799991607666,12.65999984741211,1.2760000228881836,1.1299999952316284,3.18999981880188,-1.6699999570846558,2014-11-11,130.0,0.0,1.0,187.0,1.0,2014-11-11,131.584,722.0,165.0,2014-11-11,168.90001,2014-11-11,10208.5,9555.5,8987.5,8631.0,0.0636070014586368,0.0306315051501912,2014-11-11
-26.73806,27.59194,12-01-2015,0.0,0.0,0.0,-1.0,-1.0,2015-12-01,106.221,625.0,165.0,112.0,1.0,90.0,97.0,12.0,1.0,2015-12-01,9790.5,9216.5,8299.5,7936.5,9110.0,8084.0,44560.5,7629.5,21952.0,160.0,0.0824212271973461,0.0523521351906825,2015-12-01,168.90000915527344,46.70000076293945,122.20000457763672,2.4000000000000004,48.900000000000006,2.799999952316284,0.0,289.7972412109375,29.299999237060547,15.219999313354492,1.627000093460083,1.2899999618530271,1.8399999141693115,-1.5899999141693115,2015-12-01,130.0,0.0,1.0,187.0,1.0,2015-12-01,106.221,625.0,165.0,2015-12-01,193.3,2015-12-01,9790.5,9216.5,8299.5,7936.5,0.0824212271973461,0.0523521351906825,2015-12-01
-26.73806,27.59194,12-05-2015,0.0,0.0,0.0,-1.0,-1.0,2015-12-05,121.625,799.0,20.0,112.0,1.0,90.0,97.0,12.0,1.0,2015-12-05,10142.5,9122.0,9252.0,8527.5,9276.5,8009.5,41196.5,7605.0,23888.0,224.0,0.0459150790172469,-0.0070752149776858,2015-12-05,89.5999984741211,1.8000000715255735,87.80000305175781,0.1,1.7000000000000002,2.200000047683716,0.0,185.401123046875,24.5,4.630000114440918,0.9110000729560852,1.059999942779541,1.8600000143051147,-3.119999885559082,2015-12-05,130.0,0.0,1.0,187.0,1.0,2015-12-05,121.625,799.0,20.0,2015-12-05,193.3,2015-12-05,10142.5,9122.0,9252.0,8527.5,0.0459150790172469,-0.0070752149776858,2015-12-05
-26.73806,27.59194,12-08-2013,0.0,0.0,0.0,-1.0,-1.0,2013-12-08,152.153,651.54,38.0,112.0,1.0,90.0,97.0,12.0,1.0,2013-12-08,9317.0,8876.5,8418.5,8033.0,9303.0,8378.0,41142.0,8289.5,21952.0,96.0,0.0506611034366099,0.0264816420930903,2013-12-08,111.9000015258789,0.0,111.9000015258789,0.0,0.0,1.3000000715255735,0.0,215.20004272460935,21.85999870300293,2.3399999141693115,0.5910000205039978,1.090000033378601,2.93999981880188,-3.25,2013-12-08,130.0,0.0,1.0,187.0,1.0,2013-12-08,152.153,651.54,38.0,2013-12-08,166.2,2013-12-08,9317.0,8876.5,8418.5,8033.0,0.0506611034366099,0.0264816420930903,2013-12-08
-26.648056,27.089444,01-05-2014,0.0,0.0,0.0,-1.0,-1.0,2014-01-05,310.367,717.0,20.0,253.0,0.0,0.0,0.0,0.0,0.0,2014-01-05,15139.5,9821.5,16729.0,13167.5,10620.5,8789.5,43424.5,8387.0,21824.0,96.0,-0.0498768376296341,-0.2601645920039161,2014-01-05,89.0999984741211,7.300000190734863,81.80000305175781,0.3,5.7,6.900000095367432,0.0,181.69949340820312,23.329999923706055,4.690000057220459,0.8700000643730164,1.0,2.0199999809265137,-1.579999923706055,2014-01-05,130.0,0.0,1.0,354.0,1.0,2014-01-05,310.367,717.0,20.0,2014-01-05,168.6,2014-01-05,15139.5,9821.5,16729.0,13167.5,-0.0498768376296341,-0.2601645920039161,2014-01-05
-26.648056,27.089444,01-08-2014,0.0,0.0,0.0,-1.0,-1.0,2014-01-08,256.412,708.0,20.0,253.0,0.0,0.0,0.0,0.0,0.0,2014-01-08,15076.0,10559.0,18344.5,14684.5,11865.0,9351.0,43057.5,8735.5,21824.0,160.0,-0.0977992549483098,-0.2693618419914534,2014-01-08,108.5,13.0,95.5,0.7000000000000001,13.0,4.300000190734863,0.0,197.99951171875,22.459999084472656,3.93999981880188,0.6550000309944153,1.1200000047683716,2.869999885559082,-1.4900000095367432,2014-01-08,130.0,0.0,1.0,354.0,1.0,2014-01-08,256.412,708.0,20.0,2014-01-08,174.8,2014-01-08,15076.0,10559.0,18344.5,14684.5,-0.0977992549483098,-0.2693618419914534,2014-01-08
-26.648056,27.089444,02-07-2014,0.0,0.0,0.0,-1.0,-1.0,2014-02-07,256.528,708.0,20.0,253.0,0.0,0.0,0.0,0.0,0.0,2014-02-07,14724.5,10249.5,17362.0,13892.5,11408.5,9096.0,41652.5,8515.5,21824.0,160.0,-0.0821996789927225,-0.2575919453850741,2014-02-07,78.70000457763672,0.800000011920929,77.9000015258789,0.0,0.0,4.900000095367432,0.0,179.10235595703125,19.63999938964844,-0.3199999928474426,0.5480000376701355,0.8999999761581421,2.109999895095825,-1.7999999523162842,2014-02-07,130.0,0.0,1.0,354.0,1.0,2014-02-07,256.528,708.0,20.0,2014-02-07,168.6,2014-02-07,14724.5,10249.5,17362.0,13892.5,-0.0821996789927225,-0.2575919453850741,2014-02-07
-26.648056,27.089444,02-09-2015,0.0,0.0,0.0,-1.0,-1.0,2015-02-09,256.179,744.0,20.0,253.0,0.0,0.0,0.0,0.0,0.0,2015-02-09,13204.5,9944.5,16564.5,13754.5,10800.0,9115.5,43682.5,8585.0,21824.0,96.0,-0.1128690920084648,-0.2497265079784215,2015-02-09,144.40000915527344,40.10000228881836,104.3000030517578,2.1,42.1,1.7000000476837158,0.0,238.4997711181641,26.469999313354492,8.880000114440918,0.8160000443458557,1.4900000095367432,3.240000009536743,-0.7999999523162842,2015-02-09,130.0,0.0,1.0,354.0,1.0,2015-02-09,256.179,744.0,20.0,2015-02-09,197.3,2015-02-09,13204.5,9944.5,16564.5,13754.5,-0.1128690920084648,-0.2497265079784215,2015-02-09
-26.648056,27.089444,03-07-2013,0.0,0.0,0.0,-1.0,-1.0,2013-03-07,227.263,711.0,10.0,253.0,0.0,0.0,0.0,0.0,0.0,2013-03-07,14998.5,10104.5,17049.0,13720.0,11022.0,8982.0,42178.0,8430.0,21824.0,96.0,-0.0639831500117011,-0.2557497191890538,2013-03-07,81.70000457763672,0.5,81.20000457763672,0.0,0.5,1.2000000476837158,0.0,173.9013671875,20.329999923706055,0.8199999928474426,0.6050000190734863,0.9199999570846558,2.309999942779541,-3.4800000190734863,2013-03-07,130.0,0.0,1.0,354.0,1.0,2013-03-07,227.263,711.0,10.0,2013-03-07,158.8,2013-03-07,14998.5,10104.5,17049.0,13720.0,-0.0639831500117011,-0.2557497191890538,2013-03-07
-26.648056,27.089444,04-03-2015,0.0,0.0,0.0,-1.0,-1.0,2015-04-03,219.863,669.0,20.0,253.0,0.0,0.0,0.0,0.0,0.0,2015-04-03,17762.5,9477.0,14392.0,10707.5,9022.0,8202.5,45574.5,7921.0,21824.0,96.0,0.1048220311309455,-0.2059156227743089,2015-04-03,139.6999969482422,54.29999923706055,85.4000015258789,2.8000000000000003,56.900000000000006,2.299999952316284,0.0,234.60397338867188,28.28999900817871,13.5,1.5190000534057615,1.1899999380111694,2.40999984741211,-3.0199999809265137,2015-04-03,130.0,0.0,1.0,354.0,1.0,2015-04-03,219.863,669.0,20.0,2015-04-03,197.3,2015-04-03,17762.5,9477.0,14392.0,10707.5,0.1048220311309455,-0.2059156227743089,2015-04-03
-26.648056,27.089444,04-09-2013,0.0,0.0,0.0,-1.0,-1.0,2013-04-09,238.979,683.0,10.0,253.0,0.0,0.0,0.0,0.0,0.0,2013-04-09,14981.5,10420.0,18584.0,15234.0,11569.0,9230.5,43089.5,8764.5,21824.0,96.0,-0.1073274642117647,-0.2814784167700997,2013-04-09,152.0,1.5,150.5,0.1,1.6,1.100000023841858,0.0,257.0033264160156,26.88999938964844,7.190000057220459,0.7860000133514404,1.5,3.40999984741211,-3.7300000190734863,2013-04-09,130.0,0.0,1.0,354.0,1.0,2013-04-09,238.979,683.0,10.0,2013-04-09,171.1,2013-04-09,14981.5,10420.0,18584.0,15234.0,-0.1073274642117647,-0.2814784167700997,2013-04-09
-26.648056,27.089444,05-06-2013,0.0,0.0,0.0,-1.0,-1.0,2013-05-06,242.225,713.0,10.0,253.0,0.0,0.0,0.0,0.0,0.0,2013-05-06,11577.5,8819.5,12122.5,10149.5,9166.0,8027.5,42755.5,7687.0,21824.0,96.0,-0.0229957805907172,-0.1577213255658477,2013-05-06,75.5999984741211,0.0,75.5999984741211,0.0,0.0,1.3000000715255735,0.0,167.10101318359375,19.86999893188477,1.8499999046325684,0.6970000267028809,0.8199999928474426,2.450000047683716,-3.629999876022339,2013-05-06,130.0,0.0,1.0,354.0,1.0,2013-05-06,242.225,713.0,10.0,2013-05-06,158.8,2013-05-06,11577.5,8819.5,12122.5,10149.5,-0.0229957805907172,-0.1577213255658477,2013-05-06
-26.648056,27.089444,05-08-2015,0.0,0.0,0.0,-1.0,-1.0,2015-05-08,242.129,737.0,20.0,253.0,0.0,0.0,0.0,0.0,0.0,2015-05-08,13891.0,10053.5,17230.0,14222.0,11044.0,9019.5,43018.5,8515.5,21824.0,96.0,-0.1072908968220812,-0.2630344347316134,2015-05-08,109.20000457763672,21.30000114440918,87.9000015258789,1.1,22.3,1.7000000476837158,0.0,211.59591674804688,23.100000381469727,2.3299999237060547,0.5900000333786011,1.1899999380111694,2.450000047683716,-1.6299999952316284,2015-05-08,130.0,0.0,1.0,354.0,1.0,2015-05-08,242.129,737.0,20.0,2015-05-08,197.3,2015-05-08,13891.0,10053.5,17230.0,14222.0,-0.1072908968220812,-0.2630344347316134,2015-05-08
-26.648056,27.089444,05-11-2014,0.0,0.0,0.0,-1.0,-1.0,2014-05-11,258.647,727.0,20.0,253.0,0.0,0.0,0.0,0.0,0.0,2014-05-11,16851.0,10498.5,18025.5,14697.5,11001.0,9004.5,46943.5,8478.0,21793.0,160.0,-0.0336759709259815,-0.2638830458561202,2014-05-11,161.0,102.20000457763672,58.79999923706055,5.4,107.3,3.1000001430511475,0.0,264.7991027832031,26.69999885559082,13.019999504089355,1.2750000953674316,1.2400000095367432,3.2200000286102295,-1.919999957084656,2014-05-11,130.0,0.0,1.0,354.0,1.0,2014-05-11,258.647,727.0,20.0,2014-05-11,174.8,2014-05-11,16851.0,10498.5,18025.5,14697.5,-0.0336759709259815,-0.2638830458561202,2014-05-11
-26.648056,27.089444,06-05-2015,0.0,0.0,0.0,-1.0,-1.0,2015-06-05,240.305,700.0,20.0,253.0,0.0,0.0,0.0,0.0,0.0,2015-06-05,14685.0,9306.5,15191.0,12057.5,9589.0,8425.5,43853.5,8141.5,21824.0,96.0,-0.0169366715758467,-0.2402081845086223,2015-06-05,92.20000457763672,1.399999976158142,90.8000030517578,0.1,1.4,2.0,0.0,187.39791870117188,25.399999618530273,5.139999866485596,0.9410000443458556,1.1299999952316284,1.8600000143051147,-3.509999990463257,2015-06-05,130.0,0.0,1.0,354.0,1.0,2015-06-05,240.305,700.0,20.0,2015-06-05,197.3,2015-06-05,14685.0,9306.5,15191.0,12057.5,-0.0169366715758467,-0.2402081845086223,2015-06-05
-26.648056,27.089444,07-01-2015,0.0,0.0,0.0,-1.0,-1.0,2015-07-01,226.714,691.0,20.0,253.0,0.0,0.0,0.0,0.0,0.0,2015-07-01,18028.5,9380.0,14481.0,10823.5,8863.0,8326.5,46745.5,8134.0,21824.0,96.0,0.1091219489687626,-0.2137798080549842,2015-07-01,174.8000030517578,45.900001525878906,128.90000915527344,2.4000000000000004,48.1,2.700000047683716,0.0,296.79827880859375,29.92999839782715,15.460000038146973,1.6660001277923584,1.3399999141693115,1.959999918937683,-1.959999918937683,2015-07-01,130.0,0.0,1.0,354.0,1.0,2015-07-01,226.714,691.0,20.0,2015-07-01,80.6,2015-07-01,18028.5,9380.0,14481.0,10823.5,0.1091219489687626,-0.2137798080549842,2015-07-01
-26.648056,27.089444,07-05-2014,0.0,0.0,0.0,-1.0,-1.0,2014-07-05,310.367,692.0,20.0,253.0,0.0,0.0,0.0,0.0,0.0,2014-07-05,15139.5,9821.5,16729.0,13167.5,10620.5,8789.5,43424.5,8387.0,21824.0,96.0,-0.0498768376296341,-0.2601645920039161,2014-07-05,89.0999984741211,7.300000190734863,81.80000305175781,0.3,5.7,6.900000095367432,0.0,181.69949340820312,23.329999923706055,4.690000057220459,0.8700000643730164,1.0,2.0199999809265137,-1.579999923706055,2014-07-05,130.0,0.0,1.0,354.0,1.0,2014-07-05,310.367,692.0,20.0,2014-07-05,168.6,2014-07-05,15139.5,9821.5,16729.0,13167.5,-0.0498768376296341,-0.2601645920039161,2014-07-05
-26.648056,27.089444,08-01-2014,0.0,0.0,0.0,-1.0,-1.0,2014-08-01,251.157,707.28,14.0,253.0,0.0,0.0,0.0,0.0,0.0,2014-08-01,17556.5,9544.5,14522.0,11188.0,9029.5,8436.5,46748.5,8212.5,21824.0,113.0,0.0945960690181894,-0.2068227619304834,2014-08-01,171.10000610351562,71.5,99.5999984741211,3.8,75.2,1.0,0.0,287.2002868652344,29.989999771118164,16.84000015258789,1.8190001249313352,1.2699999809265137,2.319999933242798,-2.559999942779541,2014-08-01,130.0,0.0,1.0,354.0,1.0,2014-08-01,251.157,707.28,14.0,2014-08-01,108.5,2014-08-01,17556.5,9544.5,14522.0,11188.0,0.0945960690181894,-0.2068227619304834,2014-08-01
-26.648056,27.089444,08-08-2013,0.0,0.0,0.0,-1.0,-1.0,2013-08-08,243.353,704.0,10.0,253.0,0.0,0.0,0.0,0.0,0.0,2013-08-08,15086.5,10244.5,17721.5,14353.0,11347.5,9126.0,42472.0,8599.5,21824.0,96.0,-0.0803157766398437,-0.2673603661589063,2013-08-08,113.5999984741211,0.0,113.5999984741211,0.0,0.0,1.2000000476837158,0.0,214.7995452880859,22.350000381469727,2.5,0.6000000238418579,1.1200000047683716,2.919999837875366,-3.5,2013-08-08,130.0,0.0,1.0,354.0,1.0,2013-08-08,243.353,704.0,10.0,2013-08-08,171.1,2013-08-08,15086.5,10244.5,17721.5,14353.0,-0.0803157766398437,-0.2673603661589063,2013-08-08
-26.648056,27.089444,09-04-2015,0.0,0.0,0.0,-1.0,-1.0,2015-09-04,231.882,731.0,30.0,253.0,0.0,0.0,0.0,0.0,0.0,2015-09-04,15858.5,9400.5,14022.5,10706.5,8963.0,8174.5,44328.5,7885.0,21824.0,160.0,0.0614437267829053,-0.1973274132263152,2015-09-04,105.20000457763672,30.30000114440918,74.9000015258789,1.6,31.8,2.200000047683716,0.0,199.59878540039065,25.029998779296875,10.039999961853027,1.2130000591278076,1.0,2.059999942779541,-3.3299999237060547,2015-09-04,130.0,0.0,1.0,354.0,1.0,2015-09-04,231.882,731.0,30.0,2015-09-04,197.3,2015-09-04,15858.5,9400.5,14022.5,10706.5,0.0614437267829053,-0.1973274132263152,2015-09-04
-26.648056,27.089444,09-06-2015,0.0,0.0,0.0,-1.0,-1.0,2015-09-06,238.515,709.0,20.0,253.0,0.0,0.0,0.0,0.0,0.0,2015-09-06,14198.0,9839.0,16484.0,13368.5,10724.5,8791.0,41334.0,8294.0,21824.0,96.0,-0.0745062251482951,-0.2524408312122469,2015-09-06,76.0,18.700000762939453,57.29999923706055,1.0,19.6,1.899999976158142,0.0,158.49725341796875,19.43000030517578,1.4299999475479126,0.6680000424385071,0.7999999523162842,2.450000047683716,-2.740000009536743,2015-09-06,130.0,0.0,1.0,354.0,1.0,2015-09-06,238.515,709.0,20.0,2015-09-06,197.3,2015-09-06,14198.0,9839.0,16484.0,13368.5,-0.0745062251482951,-0.2524408312122469,2015-09-06
-26.648056,27.089444,09-07-2013,0.0,0.0,0.0,-1.0,-1.0,2013-09-07,242.887,705.0,10.0,253.0,0.0,0.0,0.0,0.0,0.0,2013-09-07,14792.0,10138.0,17447.5,14122.0,11085.0,9061.0,42327.0,8572.5,21824.0,128.0,-0.0823679027280197,-0.2649761650142275,2013-09-07,81.70000457763672,0.5,81.20000457763672,0.0,0.5,1.2000000476837158,0.0,173.9013671875,20.329999923706055,0.8199999928474426,0.6050000190734863,0.9199999570846558,2.309999942779541,-3.4800000190734863,2013-09-07,130.0,0.0,1.0,354.0,1.0,2013-09-07,242.887,705.0,10.0,2013-09-07,171.1,2013-09-07,14792.0,10138.0,17447.5,14122.0,-0.0823679027280197,-0.2649761650142275,2013-09-07
-26.648056,27.089444,09-07-2015,0.0,0.0,0.0,-1.0,-1.0,2015-09-07,247.713,733.0,20.0,253.0,0.0,0.0,0.0,0.0,0.0,2015-09-07,14225.0,10301.0,15712.0,12988.0,11226.0,8958.5,40560.5,8216.0,21824.0,224.0,-0.0496709757156694,-0.2080113789259208,2015-09-07,80.5999984741211,7.900000095367432,72.70000457763672,0.4,8.200000000000001,1.8000000715255735,0.0,170.6981201171875,20.0,2.1399998664855957,0.675000011920929,0.85999995470047,2.5,-2.3399999141693115,2015-09-07,130.0,0.0,1.0,354.0,1.0,2015-09-07,247.713,733.0,20.0,2015-09-07,197.3,2015-09-07,14225.0,10301.0,15712.0,12988.0,-0.0496709757156694,-0.2080113789259208,2015-09-07
-26.648056,27.089444,10-03-2015,0.0,0.0,0.0,-1.0,-1.0,2015-10-03,237.151,715.0,20.0,253.0,0.0,0.0,0.0,0.0,0.0,2015-10-03,17762.5,9477.0,14392.0,10707.5,9022.0,8202.5,45574.5,7921.0,21824.0,96.0,0.1048220311309455,-0.2059156227743089,2015-10-03,139.6999969482422,54.29999923706055,85.4000015258789,2.8000000000000003,56.900000000000006,2.299999952316284,0.0,234.60397338867188,28.28999900817871,13.5,1.5190000534057615,1.1899999380111694,2.40999984741211,-3.0199999809265137,2015-10-03,130.0,0.0,1.0,354.0,1.0,2015-10-03,237.151,715.0,20.0,2015-10-03,197.3,2015-10-03,17762.5,9477.0,14392.0,10707.5,0.1048220311309455,-0.2059156227743089,2015-10-03
-26.648056,27.089444,10-09-2014,0.0,0.0,0.0,-1.0,-1.0,2014-10-09,249.437,800.0,20.0,253.0,0.0,0.0,0.0,0.0,0.0,2014-10-09,14584.0,10472.0,18309.0,14980.5,11678.5,9318.5,44726.0,8737.5,21824.0,96.0,-0.1132459793877113,-0.2722976963969276,2014-10-09,152.90000915527344,1.2000000476837158,151.6999969482422,0.0,0.7000000000000001,3.799999952316284,0.0,261.19610595703125,27.989999771118164,7.819999694824219,0.7720000147819519,1.659999966621399,3.0399999618530273,-1.9499999284744265,2014-10-09,130.0,0.0,1.0,354.0,1.0,2014-10-09,249.437,800.0,20.0,2014-10-09,174.8,2014-10-09,14584.0,10472.0,18309.0,14980.5,-0.1132459793877113,-0.2722976963969276,2014-10-09
-26.648056,27.089444,10-10-2014,0.0,0.0,0.0,-1.0,-1.0,2014-10-10,265.0,722.0,20.0,253.0,0.0,0.0,0.0,0.0,0.0,2014-10-10,15900.0,10746.0,18839.5,15240.0,11918.5,9467.5,47035.0,8838.5,21824.0,96.0,-0.0846154953295237,-0.2735630629869353,2014-10-10,189.1999969482422,12.300000190734863,176.90000915527344,0.6000000000000001,12.6,3.4000000953674316,0.0,296.4015197753906,29.229999542236328,11.389999389648438,1.071000099182129,1.6399999856948853,3.5199999809265137,-2.8899998664855957,2014-10-10,130.0,0.0,1.0,354.0,1.0,2014-10-10,265.0,722.0,20.0,2014-10-10,174.8,2014-10-10,15900.0,10746.0,18839.5,15240.0,-0.0846154953295237,-0.2735630629869353,2014-10-10
-26.648056,27.089444,11-05-2015,0.0,0.0,0.0,-1.0,-1.0,2015-11-05,235.493,703.0,20.0,253.0,0.0,0.0,0.0,0.0,0.0,2015-11-05,14903.0,9832.0,16192.0,12674.0,10525.0,8692.5,43714.5,8238.5,21824.0,160.0,-0.0414536099051293,-0.2443897940362732,2015-11-05,92.20000457763672,1.399999976158142,90.8000030517578,0.1,1.4,2.0,0.0,187.39791870117188,25.399999618530273,5.139999866485596,0.9410000443458556,1.1299999952316284,1.8600000143051147,-3.509999990463257,2015-11-05,130.0,0.0,1.0,354.0,1.0,2015-11-05,235.493,703.0,20.0,2015-11-05,197.3,2015-11-05,14903.0,9832.0,16192.0,12674.0,-0.0414536099051293,-0.2443897940362732,2015-11-05
-26.648056,27.089444,11-06-2013,0.0,0.0,0.0,-1.0,-1.0,2013-11-06,249.729,705.0,16.0,253.0,0.0,0.0,0.0,0.0,0.0,2013-11-06,14651.5,9824.0,16677.5,13534.5,10537.5,8838.0,42486.5,8401.0,21824.0,96.0,-0.0646685179865298,-0.2586080033205658,2013-11-06,75.5999984741211,0.0,75.5999984741211,0.0,0.0,1.3000000715255735,0.0,167.10101318359375,19.86999893188477,1.8499999046325684,0.6970000267028809,0.8199999928474426,2.450000047683716,-3.629999876022339,2013-11-06,130.0,0.0,1.0,354.0,1.0,2013-11-06,249.729,705.0,16.0,2013-11-06,158.8,2013-11-06,14651.5,9824.0,16677.5,13534.5,-0.0646685179865298,-0.2586080033205658,2013-11-06
-26.648056,27.089444,12-11-2014,0.0,0.0,0.0,-1.0,-1.0,2014-12-11,243.794,716.0,20.0,253.0,0.0,0.0,0.0,0.0,0.0,2014-12-11,16706.0,10438.0,17965.0,14655.5,10942.0,8581.5,46943.0,8114.5,23857.0,224.0,-0.036312768596233,-0.2650072175474413,2014-12-11,161.0,102.20000457763672,58.79999923706055,5.4,107.3,3.1000001430511475,0.0,264.7991027832031,26.69999885559082,13.019999504089355,1.2750000953674316,1.2400000095367432,3.2200000286102295,-1.919999957084656,2014-12-11,130.0,0.0,1.0,354.0,1.0,2014-12-11,243.794,716.0,20.0,2014-12-11,174.8,2014-12-11,16706.0,10438.0,17965.0,14655.5,-0.036312768596233,-0.2650072175474413,2014-12-11
-26.648056,27.089444,12-11-2015,0.0,0.0,0.0,-1.0,-1.0,2015-12-11,248.6,713.0,45.0,253.0,0.0,0.0,0.0,0.0,0.0,2015-12-11,15826.5,9830.5,16362.5,13157.5,9997.5,8815.0,49828.5,8499.0,21824.0,96.0,-0.0166516511851874,-0.2493796052380397,2015-12-11,195.5,33.0,162.5,1.7000000000000002,34.7,1.5,0.0,323.59619140625,29.079999923706055,12.369999885559082,1.2910000085830688,1.4499999284744265,3.679999828338623,-2.879999876022339,2015-12-11,130.0,0.0,1.0,354.0,1.0,2015-12-11,248.6,713.0,45.0,2015-12-11,197.3,2015-12-11,15826.5,9830.5,16362.5,13157.5,-0.0166516511851874,-0.2493796052380397,2015-12-11
-26.619444,27.980833,02-10-2014,0.7023406655386351,0.668006204173717,0.0,15.148900169204737,1398.804216018048,2014-02-10,111.441,830.0,20.0,253.0,0.0,0.0,0.0,0.0,0.0,2014-02-10,14544.0,10407.5,16772.0,14529.5,11314.0,9262.5,46670.0,8724.0,21824.0,160.0,-0.0711457401967043,-0.2341654555823314,2014-02-10,175.5,14.0,161.5,0.7000000000000001,14.2,4.200000286102295,0.0,287.901123046875,27.959999084472656,11.050000190734863,1.0920000076293943,1.459999918937683,3.2200000286102295,-2.75,2014-02-10,130.0,0.0,1.0,356.0,1.0,2014-02-10,111.441,830.0,20.0,2014-02-10,167.2,2014-02-10,14544.0,10407.5,16772.0,14529.5,-0.0711457401967043,-0.2341654555823314,2014-02-10
-26.619444,27.980833,06-11-2014,0.7023406655386351,0.668006204173717,0.0,15.148900169204737,1398.804216018048,2014-06-11,116.913,820.0,20.0,253.0,0.0,0.0,0.0,0.0,0.0,2014-06-11,15902.5,10438.0,16890.0,14445.0,11176.0,9353.0,47690.5,8947.5,21824.0,96.0,-0.0301135930471905,-0.2360948477751747,2014-06-11,151.1999969482422,118.3000030517578,32.900001525878906,6.2,124.1,3.799999952316284,0.0,258.2032470703125,25.85999870300293,12.719999313354492,1.3070000410079956,1.100000023841858,3.049999952316284,-1.8399999141693115,2014-06-11,130.0,0.0,1.0,356.0,1.0,2014-06-11,116.913,820.0,20.0,2014-06-11,167.2,2014-06-11,15902.5,10438.0,16890.0,14445.0,-0.0301135930471905,-0.2360948477751747,2014-06-11
-26.619444,27.980833,12-03-2015,0.7023406655386351,0.668006204173717,0.0,15.816906373378451,1398.804216018048,2015-12-03,197.471,937.0,20.0,253.0,0.0,0.0,0.0,0.0,0.0,2015-12-03,15982.5,9480.0,14191.0,11346.5,9513.0,8343.0,45522.5,7984.0,21824.0,96.0,0.0593732911329475,-0.1990198977651971,2015-12-03,136.60000610351562,55.400001525878906,81.20000457763672,2.9000000000000004,58.1,2.799999952316284,0.0,232.1996612548828,27.899999618530273,13.00999927520752,1.4800000190734863,1.159999966621399,2.309999942779541,-2.0999999046325684,2015-12-03,130.0,0.0,1.0,356.0,1.0,2015-12-03,197.471,937.0,20.0,2015-12-03,190.0,2015-12-03,15982.5,9480.0,14191.0,11346.5,0.0593732911329475,-0.1990198977651971,2015-12-03
-26.619444,27.980833,12-06-2015,0.7023406655386351,0.668006204173717,0.0,15.816906373378451,1398.804216018048,2015-12-06,149.646,879.0,20.0,253.0,0.0,0.0,0.0,0.0,0.0,2015-12-06,25005.5,21577.0,23754.0,21588.5,22455.0,20100.0,38540.5,18709.0,22280.0,208.0,0.0256667931377474,-0.0480245306743728,2015-12-06,73.20000457763672,19.100000381469727,54.10000228881836,1.0,20.0,2.299999952316284,0.0,159.5975341796875,18.690000534057617,0.7099999785423279,0.6550000309944153,0.75,2.3899998664855957,-2.0899999141693115,2015-12-06,130.0,0.0,1.0,356.0,1.0,2015-12-06,149.646,879.0,20.0,2015-12-06,190.0,2015-12-06,25005.5,21577.0,23754.0,21588.5,0.0256667931377474,-0.0480245306743728,2015-12-06
-26.510278,28.351389,01-06-2015,0.3802906320541759,0.3802906320541759,0.0226439051918735,8.321458803611735,756.7247460496611,2015-01-06,180.985,698.0,137.0,253.0,0.0,0.0,0.0,0.0,0.0,2015-01-06,13284.0,9721.5,14812.0,12894.0,10669.0,8776.5,43776.0,8490.0,21824.0,96.0,-0.0543849658314348,-0.2074917969307265,2015-01-06,76.5,15.0,61.5,0.8,15.6,3.1000001430511475,0.0,159.0025634765625,19.459999084472656,0.550000011920929,0.6550000309944153,0.7999999523162842,2.490000009536743,-2.0899999141693115,2015-01-06,130.0,0.0,1.0,363.0,1.0,2015-01-06,180.985,698.0,137.0,2015-01-06,183.8,2015-01-06,13284.0,9721.5,14812.0,12894.0,-0.0543849658314348,-0.2074917969307265,2015-01-06
-26.510278,28.351389,09-03-2015,0.3802906320541759,0.3802906320541759,0.0226439051918735,8.321458803611735,756.7247460496611,2015-09-03,152.159,568.0,137.0,253.0,0.0,0.0,0.0,0.0,0.0,2015-09-03,14459.5,9834.0,15178.5,12866.0,10658.5,8718.0,46628.0,8335.5,21824.0,96.0,-0.0242593967204263,-0.21367316341829,2015-09-03,133.10000610351562,58.400001525878906,74.70000457763672,3.1,61.2,3.700000047683716,0.0,231.40093994140625,27.489999771118164,12.369999885559082,1.4560000896453855,1.1100000143051147,2.180000066757202,-2.0899999141693115,2015-09-03,130.0,0.0,1.0,363.0,1.0,2015-09-03,152.159,568.0,137.0,2015-09-03,183.8,2015-09-03,14459.5,9834.0,15178.5,12866.0,-0.0242593967204263,-0.21367316341829,2015-09-03
-26.45,28.085833,01-09-2014,0.0,0.0,0.0,-1.0,-1.0,2014-01-09,144.391,733.0,125.0,253.0,0.0,0.0,0.0,0.0,0.0,2014-01-09,14095.0,10221.5,17539.0,15256.0,11371.0,9279.5,44569.0,8795.0,21824.0,96.0,-0.1088702029461967,-0.2635939554402829,2014-01-09,145.8000030517578,1.2000000476837158,144.60000610351562,0.0,0.6000000000000001,5.099999904632568,0.0,258.401123046875,27.349998474121097,8.0,0.812000036239624,1.5499999523162842,2.859999895095825,-1.6299999952316284,2014-01-09,130.0,0.0,1.0,346.0,1.0,2014-01-09,144.391,733.0,125.0,2014-01-09,164.5,2014-01-09,14095.0,10221.5,17539.0,15256.0,-0.1088702029461967,-0.2635939554402829,2014-01-09
-26.45,28.085833,02-09-2013,0.0,0.0,0.0,-1.0,-1.0,2013-02-09,138.021,652.0,95.0,253.0,0.0,0.0,0.0,0.0,0.0,2013-02-09,14070.5,10214.5,17362.0,14763.5,11285.0,9213.0,44291.0,8705.5,21824.0,160.0,-0.1047164558975579,-0.2591880768045246,2013-02-09,147.40000915527344,2.6000001430511475,144.8000030517578,0.1,2.6,1.5,0.0,251.79693603515625,26.760000228881836,7.419999599456787,0.8400000333786011,1.4399999380111694,3.3299999237060547,-3.5199999809265137,2013-02-09,130.0,0.0,1.0,346.0,1.0,2013-02-09,138.021,652.0,95.0,2013-02-09,163.6,2013-02-09,14070.5,10214.5,17362.0,14763.5,-0.1047164558975579,-0.2591880768045246,2013-02-09
-26.45,28.085833,02-12-2013,0.0,0.0,0.0,-1.0,-1.0,2013-02-12,88.96,581.32,108.0,253.0,0.0,0.0,0.0,0.0,0.0,2013-02-12,17425.0,9493.0,14119.5,11035.5,9042.0,8347.0,46703.0,8072.0,21824.0,96.0,0.104788473426429,-0.1959343568025402,2013-02-12,147.8000030517578,143.10000610351562,4.700000286102295,7.5,150.6,1.399999976158142,0.0,252.9022979736328,26.309999465942383,14.309999465942385,1.531000018119812,1.0099999904632568,2.419999837875366,-2.0399999618530273,2013-02-12,130.0,0.0,1.0,346.0,1.0,2013-02-12,88.96,581.32,108.0,2013-02-12,163.6,2013-02-12,17425.0,9493.0,14119.5,11035.5,0.104788473426429,-0.1959343568025402,2013-02-12
-26.45,28.085833,03-06-2013,0.0,0.0,0.0,-1.0,-1.0,2013-03-06,114.3,632.0,147.0,253.0,0.0,0.0,0.0,0.0,0.0,2013-03-06,13602.5,9761.0,16646.5,14226.0,10709.5,9032.5,42696.5,8678.5,21824.0,96.0,-0.1006314258322585,-0.2607403199848518,2013-03-06,75.0,0.1000000014901161,74.9000015258789,0.0,0.0,1.600000023841858,0.0,167.1971435546875,19.40999984741211,1.5099999904632568,0.6880000233650208,0.7799999713897705,2.5199999809265137,-3.3499999046325684,2013-03-06,130.0,0.0,1.0,346.0,1.0,2013-03-06,114.3,632.0,147.0,2013-03-06,147.8,2013-03-06,13602.5,9761.0,16646.5,14226.0,-0.1006314258322585,-0.2607403199848518,2013-03-06
-26.45,28.085833,03-08-2015,0.0,0.0,0.0,-1.0,-1.0,2015-03-08,122.544,907.0,173.0,253.0,0.0,0.0,0.0,0.0,0.0,2015-03-08,14139.5,10194.0,17635.5,14963.0,11414.0,9220.5,42548.0,8710.0,21824.0,96.0,-0.1100236034618407,-0.2673961084460725,2015-03-08,103.0999984741211,11.199999809265137,91.9000015258789,0.6000000000000001,11.7,2.299999952316284,0.0,213.60086059570312,22.989999771118164,2.4700000286102295,0.6130000352859497,1.159999966621399,2.119999885559082,-1.329999923706055,2015-03-08,130.0,0.0,1.0,346.0,1.0,2015-03-08,122.544,907.0,173.0,2015-03-08,186.7,2015-03-08,14139.5,10194.0,17635.5,14963.0,-0.1100236034618407,-0.2673961084460725,2015-03-08
-26.45,28.085833,03-11-2014,0.0,0.0,0.0,-1.0,-1.0,2014-03-11,108.469,811.0,79.0,253.0,0.0,0.0,0.0,0.0,0.0,2014-03-11,15485.0,10369.0,17824.0,14875.5,11211.5,9161.0,48237.5,8635.0,21824.0,160.0,-0.07022126152091,-0.264427340119887,2014-03-11,149.10000610351562,111.8000030517578,37.29999923706055,5.9,117.3,4.099999904632568,0.0,258.0960693359375,25.459999084472656,12.119999885559082,1.312000036239624,1.0299999713897705,3.179999828338623,-1.9799998998641968,2014-03-11,130.0,0.0,1.0,346.0,1.0,2014-03-11,108.469,811.0,79.0,2014-03-11,164.5,2014-03-11,15485.0,10369.0,17824.0,14875.5,-0.07022126152091,-0.264427340119887,2014-03-11
-26.45,28.085833,03-12-2014,0.0,0.0,0.0,-1.0,-1.0,2014-03-12,112.11,772.0,79.0,253.0,0.0,0.0,0.0,0.0,0.0,2014-03-12,18998.0,9481.5,13439.0,10178.0,8802.0,8121.0,45391.0,7773.0,21824.0,160.0,0.171378364213706,-0.1726620274426815,2014-03-12,159.6999969482422,146.90000915527344,12.800000190734863,7.7,154.3,3.799999952316284,0.0,277.60333251953125,27.399999618530273,14.449999809265137,1.561000108718872,1.100000023841858,2.5,1.6999999284744265,2014-03-12,130.0,0.0,1.0,346.0,1.0,2014-03-12,112.11,772.0,79.0,2014-03-12,164.5,2014-03-12,18998.0,9481.5,13439.0,10178.0,0.171378364213706,-0.1726620274426815,2014-03-12
-26.45,28.085833,04-08-2014,0.0,0.0,0.0,-1.0,-1.0,2014-04-08,134.767,837.0,125.0,253.0,0.0,0.0,0.0,0.0,0.0,2014-04-08,14505.5,10138.5,17375.5,14876.5,11544.5,9165.5,41908.0,8733.5,21824.0,96.0,-0.0900222703177438,-0.2630297303191093,2014-04-08,103.20000457763672,4.599999904632568,98.5999984741211,0.2,4.0,5.700000286102295,0.0,202.79800415039065,22.239999771118164,3.740000009536743,0.656000018119812,1.090000033378601,2.5199999809265137,-1.1299999952316284,2014-04-08,130.0,0.0,1.0,346.0,1.0,2014-04-08,134.767,837.0,125.0,2014-04-08,164.5,2014-04-08,14505.5,10138.5,17375.5,14876.5,-0.0900222703177438,-0.2630297303191093,2014-04-08
-26.45,28.085833,05-03-2015,0.0,0.0,0.0,-1.0,-1.0,2015-05-03,115.084,861.0,20.0,253.0,0.0,0.0,0.0,0.0,0.0,2015-05-03,15914.5,9400.0,14116.5,11178.0,9506.5,8280.0,45771.5,7919.0,21824.0,96.0,0.0598714661516431,-0.2005613080177739,2015-05-03,134.40000915527344,57.29999923706055,77.0999984741211,3.0,60.1,3.0,0.0,232.6968231201172,27.489999771118164,12.670000076293944,1.4700000286102295,1.1100000143051147,2.25,-2.119999885559082,2015-05-03,130.0,0.0,1.0,346.0,1.0,2015-05-03,115.084,861.0,20.0,2015-05-03,186.7,2015-05-03,15914.5,9400.0,14116.5,11178.0,0.0598714661516431,-0.2005613080177739,2015-05-03
-26.45,28.085833,05-05-2014,0.0,0.0,0.0,-1.0,-1.0,2014-05-05,124.254,648.0,171.0,253.0,0.0,0.0,0.0,0.0,0.0,2014-05-05,14835.0,9667.5,16195.5,13290.0,10468.5,8766.0,44044.5,8385.0,21824.0,160.0,-0.0438439599748633,-0.2524069133511184,2014-05-05,85.30000305175781,8.0,77.30000305175781,0.3,5.6000000000000005,9.40000057220459,0.0,183.39791870117188,22.420000076293945,4.059999942779541,0.8490000367164612,0.9199999570846558,1.8799999952316284,1.4900000095367432,2014-05-05,130.0,0.0,1.0,346.0,1.0,2014-05-05,124.254,648.0,171.0,2014-05-05,159.7,2014-05-05,14835.0,9667.5,16195.5,13290.0,-0.0438439599748633,-0.2524069133511184,2014-05-05
-26.45,28.085833,06-01-2014,0.0,0.0,0.0,-1.0,-1.0,2014-06-01,114.523,585.94,170.0,253.0,0.0,0.0,0.0,0.0,0.0,2014-06-01,18083.0,9294.0,13620.0,10625.0,9015.5,8135.0,47226.0,7822.5,21824.0,96.0,0.1407753209475439,-0.1887928777166789,2014-06-01,163.60000610351562,71.5,92.0999984741211,3.8,75.2,1.3000000715255735,0.0,283.9023742675781,28.86999893188477,16.299999237060547,1.7910001277923584,1.1399999856948853,2.200000047683716,-2.3999998569488525,2014-06-01,130.0,0.0,1.0,346.0,1.0,2014-06-01,114.523,585.94,170.0,2014-06-01,76.8,2014-06-01,18083.0,9294.0,13620.0,10625.0,0.1407753209475439,-0.1887928777166789,2014-06-01
-26.45,28.085833,06-05-2013,0.0,0.0,0.0,-1.0,-1.0,2013-06-05,114.113,633.0,138.0,253.0,0.0,0.0,0.0,0.0,0.0,2013-06-05,13801.5,9600.0,16105.5,13625.5,10306.0,8818.0,42706.5,8530.5,21824.0,96.0,-0.0770388203430632,-0.2530781350294674,2013-06-05,81.5999984741211,0.1000000014901161,81.5,0.0,0.0,1.7000000476837158,0.0,180.99807739257812,22.309999465942383,3.259999990463257,0.8480000495910645,0.8899999856948853,1.6399999856948853,-3.2699999809265137,2013-06-05,130.0,0.0,1.0,346.0,1.0,2013-06-05,114.113,633.0,138.0,2013-06-05,147.8,2013-06-05,13801.5,9600.0,16105.5,13625.5,-0.0770388203430632,-0.2530781350294674,2013-06-05
-26.45,28.085833,07-10-2013,0.0,0.0,0.0,-1.0,-1.0,2013-07-10,139.395,646.0,95.0,253.0,0.0,0.0,0.0,0.0,0.0,2013-07-10,14856.5,10266.5,17759.0,14965.5,11321.0,9191.0,48432.5,8719.0,21824.0,96.0,-0.0889914304548448,-0.2673458100658319,2013-07-10,167.1999969482422,23.100000381469727,144.10000610351562,1.2000000000000002,24.3,1.399999976158142,0.0,274.6970520019531,27.420000076293945,9.789999961853027,1.1019999980926514,1.3399999141693115,3.259999990463257,-4.099999904632568,2013-07-10,130.0,0.0,1.0,346.0,1.0,2013-07-10,139.395,646.0,95.0,2013-07-10,163.6,2013-07-10,14856.5,10266.5,17759.0,14965.5,-0.0889914304548448,-0.2673458100658319,2013-07-10
-26.45,28.085833,07-12-2015,0.0,0.0,0.0,-1.0,-1.0,2015-07-12,122.875,688.0,173.0,253.0,0.0,0.0,0.0,0.0,0.0,2015-07-12,16140.0,9962.5,15740.5,13322.5,10106.0,9032.0,48122.5,8766.5,21824.0,96.0,0.0125311710920468,-0.2247986616348277,2015-07-12,186.6999969482422,36.900001525878906,149.8000030517578,1.9,38.7,1.899999976158142,0.0,307.7032775878906,30.5,15.229999542236328,1.7020000219345093,1.3600000143051147,3.009999990463257,-4.079999923706055,2015-07-12,130.0,0.0,1.0,346.0,1.0,2015-07-12,122.875,688.0,173.0,2015-07-12,186.7,2015-07-12,16140.0,9962.5,15740.5,13322.5,0.0125311710920468,-0.2247986616348277,2015-07-12
-26.45,28.085833,08-06-2015,0.0,0.0,0.0,-1.0,-1.0,2015-08-06,128.534,873.0,29.0,253.0,0.0,0.0,0.0,0.0,0.0,2015-08-06,34012.5,31193.0,30900.5,27605.0,32553.5,30648.5,38294.5,28917.5,22280.0,224.0,0.0479410903825119,0.0047106379894835,2015-08-06,74.4000015258789,18.0,56.400001525878906,0.9,18.8,2.5,0.0,159.5975341796875,18.779998779296875,0.7599999904632568,0.6570000052452087,0.75,2.4700000286102295,-2.0799999237060547,2015-08-06,130.0,0.0,1.0,346.0,1.0,2015-08-06,128.534,873.0,29.0,2015-08-06,186.7,2015-08-06,34012.5,31193.0,30900.5,27605.0,0.0479410903825119,0.0047106379894835,2015-08-06
-26.45,28.085833,08-07-2013,0.0,0.0,0.0,-1.0,-1.0,2013-08-07,130.553,676.0,178.0,253.0,0.0,0.0,0.0,0.0,0.0,2013-08-07,13657.5,9926.5,16780.5,14146.5,10913.0,9042.5,43275.0,8596.0,21824.0,160.0,-0.1026020106445886,-0.2566368367843627,2013-08-07,78.30000305175781,0.6000000238418579,77.70000457763672,0.0,0.6000000000000001,1.600000023841858,0.0,172.7960205078125,19.63999938964844,0.1799999922513961,0.5890000462532043,0.8700000047683716,2.15999984741211,-3.299999952316284,2013-08-07,130.0,0.0,1.0,346.0,1.0,2013-08-07,130.553,676.0,178.0,2013-08-07,147.8,2013-08-07,13657.5,9926.5,16780.5,14146.5,-0.1026020106445886,-0.2566368367843627,2013-08-07
-26.45,28.085833,08-12-2014,0.0,0.0,0.0,-1.0,-1.0,2014-08-12,104.915,695.0,79.0,253.0,0.0,0.0,0.0,0.0,0.0,2014-08-12,18998.0,9481.5,13439.0,10178.0,8802.0,8121.0,45391.0,7773.0,21824.0,160.0,0.171378364213706,-0.1726620274426815,2014-08-12,159.6999969482422,146.90000915527344,12.800000190734863,7.7,154.3,3.799999952316284,0.0,277.60333251953125,27.399999618530273,14.449999809265137,1.561000108718872,1.100000023841858,2.5,1.6999999284744265,2014-08-12,130.0,0.0,1.0,346.0,1.0,2014-08-12,104.915,695.0,79.0,2014-08-12,164.5,2014-08-12,18998.0,9481.5,13439.0,10178.0,0.171378364213706,-0.1726620274426815,2014-08-12
-26.45,28.085833,09-03-2015,0.0,0.0,0.0,-1.0,-1.0,2015-09-03,102.359,856.0,20.0,253.0,0.0,0.0,0.0,0.0,0.0,2015-09-03,15914.5,9400.0,14116.5,11178.0,9506.5,8280.0,45771.5,7919.0,21824.0,96.0,0.0598714661516431,-0.2005613080177739,2015-09-03,134.40000915527344,57.29999923706055,77.0999984741211,3.0,60.1,3.0,0.0,232.6968231201172,27.489999771118164,12.670000076293944,1.4700000286102295,1.1100000143051147,2.25,-2.119999885559082,2015-09-03,130.0,0.0,1.0,346.0,1.0,2015-09-03,102.359,856.0,20.0,2015-09-03,186.7,2015-09-03,15914.5,9400.0,14116.5,11178.0,0.0598714661516431,-0.2005613080177739,2015-09-03
-26.45,28.085833,09-06-2014,0.0,0.0,0.0,-1.0,-1.0,2014-09-06,130.71,669.0,20.0,253.0,0.0,0.0,0.0,0.0,0.0,2014-09-06,14341.5,9877.0,16910.5,14441.0,11004.0,9028.5,42417.0,8627.5,21824.0,96.0,-0.0822027390247021,-0.2625664955669612,2014-09-06,76.80000305175781,1.7000000476837158,75.0999984741211,0.0,0.0,7.700000286102295,0.0,166.10028076171875,19.549999237060547,-0.449999988079071,0.6070000529289246,0.8299999833106995,2.419999837875366,0.9899999499320984,2014-09-06,130.0,0.0,1.0,346.0,1.0,2014-09-06,130.71,669.0,20.0,2014-09-06,159.7,2014-09-06,14341.5,9877.0,16910.5,14441.0,-0.0822027390247021,-0.2625664955669612,2014-09-06
-26.45,28.085833,09-09-2013,0.0,0.0,0.0,-1.0,-1.0,2013-09-09,155.152,662.0,95.0,253.0,0.0,0.0,0.0,0.0,0.0,2013-09-09,14240.5,10326.5,17656.0,15142.0,11478.0,9291.0,46445.0,8764.5,21824.0,160.0,-0.1070807141849416,-0.2619315643705878,2013-09-09,147.40000915527344,2.6000001430511475,144.8000030517578,0.1,2.6,1.5,0.0,251.79693603515625,26.760000228881836,7.419999599456787,0.8400000333786011,1.4399999380111694,3.3299999237060547,-3.5199999809265137,2013-09-09,130.0,0.0,1.0,346.0,1.0,2013-09-09,155.152,662.0,95.0,2013-09-09,163.6,2013-09-09,14240.5,10326.5,17656.0,15142.0,-0.1070807141849416,-0.2619315643705878,2013-09-09
-26.45,28.085833,10-06-2013,0.0,0.0,0.0,-1.0,-1.0,2013-10-06,118.697,644.0,90.0,253.0,0.0,0.0,0.0,0.0,0.0,2013-10-06,13602.5,9761.0,16646.5,14226.0,10709.5,9032.5,42696.5,8678.5,21824.0,96.0,-0.1006314258322585,-0.2607403199848518,2013-10-06,75.0,0.1000000014901161,74.9000015258789,0.0,0.0,1.600000023841858,0.0,167.1971435546875,19.40999984741211,1.5099999904632568,0.6880000233650208,0.7799999713897705,2.5199999809265137,-3.3499999046325684,2013-10-06,130.0,0.0,1.0,346.0,1.0,2013-10-06,118.697,644.0,90.0,2013-10-06,147.8,2013-10-06,13602.5,9761.0,16646.5,14226.0,-0.1006314258322585,-0.2607403199848518,2013-10-06
-26.45,28.085833,11-08-2014,0.0,0.0,0.0,-1.0,-1.0,2014-11-08,130.584,836.0,125.0,253.0,0.0,0.0,0.0,0.0,0.0,2014-11-08,31265.5,28296.5,29583.0,27787.0,29575.5,28089.0,34719.0,27130.0,55052.0,224.0,0.0276506405252388,-0.0222272134348084,2014-11-08,103.20000457763672,4.599999904632568,98.5999984741211,0.2,4.0,5.700000286102295,0.0,202.79800415039065,22.239999771118164,3.740000009536743,0.656000018119812,1.090000033378601,2.5199999809265137,-1.1299999952316284,2014-11-08,130.0,0.0,1.0,346.0,1.0,2014-11-08,130.584,836.0,125.0,2014-11-08,164.5,2014-11-08,31265.5,28296.5,29583.0,27787.0,0.0276506405252388,-0.0222272134348084,2014-11-08
-26.45,28.085833,11-11-2014,0.0,0.0,0.0,-1.0,-1.0,2014-11-11,114.443,764.0,79.0,253.0,0.0,0.0,0.0,0.0,0.0,2014-11-11,15485.0,10369.0,17824.0,14875.5,11211.5,9161.0,48237.5,8635.0,21824.0,160.0,-0.07022126152091,-0.264427340119887,2014-11-11,149.10000610351562,111.8000030517578,37.29999923706055,5.9,117.3,4.099999904632568,0.0,258.0960693359375,25.459999084472656,12.119999885559082,1.312000036239624,1.0299999713897705,3.179999828338623,-1.9799998998641968,2014-11-11,130.0,0.0,1.0,346.0,1.0,2014-11-11,114.443,764.0,79.0,2014-11-11,164.5,2014-11-11,15485.0,10369.0,17824.0,14875.5,-0.07022126152091,-0.264427340119887,2014-11-11
-26.45,28.085833,12-10-2015,0.0,0.0,0.0,-1.0,-1.0,2015-12-10,141.196,766.0,173.0,253.0,0.0,0.0,0.0,0.0,0.0,2015-12-10,14479.5,9913.0,16296.0,14449.0,10219.0,9159.0,48834.0,8971.5,21824.0,96.0,-0.0590242238143976,-0.2435422946316141,2015-12-10,178.3000030517578,22.0,156.3000030517578,1.2000000000000002,23.1,2.1000001430511475,0.0,282.5028076171875,29.85999870300293,11.789999961853027,1.2330000400543213,1.579999923706055,3.259999990463257,-1.6799999475479126,2015-12-10,130.0,0.0,1.0,346.0,1.0,2015-12-10,141.196,766.0,173.0,2015-12-10,186.7,2015-12-10,14479.5,9913.0,16296.0,14449.0,-0.0590242238143976,-0.2435422946316141,2015-12-10
-26.006389,29.253889,03-09-2014,0.0,0.0,0.0,-1.0,-1.0,2014-03-09,108.809,629.0,20.0,253.0,0.0,0.0,0.0,0.0,0.0,2014-03-09,11253.0,9514.0,12424.0,11600.0,9798.5,8715.0,45466.0,8307.0,21824.0,160.0,-0.0494572792161167,-0.1326465493663956,2014-03-09,140.1999969482422,1.7000000476837158,138.5,0.0,0.9,6.200000286102295,0.0,257.2962951660156,27.719999313354492,7.849999904632568,0.9000000357627869,1.5,2.549999952316284,-1.7400000095367432,2014-03-09,200.0,0.0,1.0,290.0,1.0,2014-03-09,108.809,629.0,20.0,2014-03-09,153.7,2014-03-09,11253.0,9514.0,12424.0,11600.0,-0.0494572792161167,-0.1326465493663956,2014-03-09
-26.006389,29.253889,06-05-2014,0.0,0.0,0.0,-1.0,-1.0,2014-06-05,166.174,551.0,20.0,253.0,0.0,0.0,0.0,0.0,0.0,2014-06-05,11993.0,8840.0,11786.5,9925.0,8942.0,8128.5,42774.5,7836.5,21824.0,160.0,0.0086839504615319,-0.1428502169539178,2014-06-05,88.80000305175781,5.0,83.80000305175781,0.1,1.4,11.800000190734863,0.0,186.9019775390625,23.579999923706055,4.759999752044678,0.9010000228881836,0.9899999499320984,1.909999966621399,1.7400000095367432,2014-06-05,200.0,0.0,1.0,290.0,1.0,2014-06-05,166.174,551.0,20.0,2014-06-05,149.3,2014-06-05,11993.0,8840.0,11786.5,9925.0,0.0086839504615319,-0.1428502169539178,2014-06-05
-26.006389,29.253889,08-09-2015,0.0,0.0,0.0,-1.0,-1.0,2015-08-09,126.126,956.0,20.0,253.0,0.0,0.0,0.0,0.0,0.0,2015-08-09,11199.5,9109.5,12119.5,11599.0,9346.0,8420.0,46247.0,8207.5,21824.0,160.0,-0.0394528067241303,-0.1417871779169996,2015-08-09,133.1999969482422,36.0,97.20000457763672,1.9,37.4,4.900000095367432,0.0,235.40269470214844,25.959999084472656,8.399999618530273,0.9100000262260436,1.329999923706055,2.8299999237060547,-0.8100000023841858,2015-08-09,200.0,0.0,1.0,290.0,1.0,2015-08-09,126.126,956.0,20.0,2015-08-09,173.40001,2015-08-09,11199.5,9109.5,12119.5,11599.0,-0.0394528067241303,-0.1417871779169996,2015-08-09
-26.006389,29.253889,12-06-2014,0.0,0.0,0.0,-1.0,-1.0,2014-12-06,119.97,728.0,20.0,253.0,0.0,0.0,0.0,0.0,0.0,2014-12-06,11519.5,9152.5,12056.5,10338.0,9187.0,8330.0,41444.5,7952.5,21824.0,224.0,-0.0227774007465217,-0.1369230043849303,2014-12-06,81.70000457763672,2.299999952316284,79.4000015258789,0.0,0.1,9.600000381469728,0.0,167.50189208984375,21.209999084472656,0.6899999976158142,0.6770000457763672,0.9099999666213988,2.5,1.159999966621399,2014-12-06,200.0,0.0,1.0,290.0,1.0,2014-12-06,119.97,728.0,20.0,2014-12-06,149.3,2014-12-06,11519.5,9152.5,12056.5,10338.0,-0.0227774007465217,-0.1369230043849303,2014-12-06
-25.99136,27.84208,01-09-2014,0.036144578313253,0.036144578313253,0.0,-0.2409638554216867,71.10843373493977,2014-01-09,118.23,446.0,87.0,253.0,0.0,0.0,0.0,0.0,0.0,2014-01-09,14367.5,9913.5,16188.5,13602.5,11087.0,8856.0,44675.5,8308.0,21824.0,96.0,-0.0595954967927737,-0.2404030342502481,2014-01-09,149.3000030517578,1.2000000476837158,148.10000610351562,0.0,0.6000000000000001,5.0,0.0,260.8992919921875,28.11999893188477,9.010000228881836,0.8520000576972961,1.6399999856948853,2.8299999237060547,-1.6200000047683716,2014-01-09,130.0,0.0,1.0,330.0,1.0,2014-01-09,118.23,446.0,87.0,2014-01-09,168.0,2014-01-09,14367.5,9913.5,16188.5,13602.5,-0.0595954967927737,-0.2404030342502481,2014-01-09
-25.99136,27.84208,02-09-2013,0.036144578313253,0.036144578313253,0.0,-0.2771084337349397,71.10843373493977,2013-02-09,104.42,449.48,28.0,253.0,0.0,0.0,0.0,0.0,0.0,2013-02-09,13497.0,9628.5,15787.5,13435.0,10633.0,8881.5,43621.0,8585.0,21824.0,96.0,-0.0782154382010958,-0.2423276676109527,2013-02-09,149.10000610351562,2.299999952316284,146.8000030517578,0.1,2.4000000000000004,1.5,0.0,252.1974334716797,27.65999984741211,8.34999942779541,0.8890000581741333,1.5199999809265137,3.18999981880188,-3.4800000190734863,2013-02-09,130.0,0.0,1.0,330.0,1.0,2013-02-09,104.42,449.48,28.0,2013-02-09,165.8,2013-02-09,13497.0,9628.5,15787.5,13435.0,-0.0782154382010958,-0.2423276676109527,2013-02-09
-25.99136,27.84208,03-08-2015,0.036144578313253,0.036144578313253,0.0,-0.2048192771084336,71.10843373493977,2015-03-08,99.93,508.0,20.0,253.0,0.0,0.0,0.0,0.0,0.0,2015-03-08,13100.5,9806.0,15641.5,13821.0,10660.5,8915.5,42553.0,8481.0,21824.0,96.0,-0.0884072089624936,-0.2293152569014629,2015-03-08,106.4000015258789,11.0,95.4000015258789,0.6000000000000001,11.2,3.799999952316284,0.0,216.6001434326172,23.510000228881836,3.7699999809265137,0.656000018119812,1.1999999284744265,2.15999984741211,-1.7599999904632568,2015-03-08,130.0,0.0,1.0,330.0,1.0,2015-03-08,99.93,508.0,20.0,2015-03-08,187.6,2015-03-08,13100.5,9806.0,15641.5,13821.0,-0.0884072089624936,-0.2293152569014629,2015-03-08
-25.99136,27.84208,04-08-2014,0.036144578313253,0.036144578313253,0.0,-0.2409638554216867,71.10843373493977,2014-04-08,106.757,446.0,20.0,253.0,0.0,0.0,0.0,0.0,0.0,2014-04-08,14043.0,9868.5,15996.5,13631.0,10884.5,9104.0,42985.5,8748.0,21824.0,96.0,-0.0650310424607597,-0.2369224821186923,2014-04-08,107.9000015258789,5.0,102.9000015258789,0.2,4.4,5.700000286102295,0.0,206.5988616943359,22.75,4.980000019073486,0.6910000443458557,1.1299999952316284,2.6399998664855957,-1.1699999570846558,2014-04-08,130.0,0.0,1.0,330.0,1.0,2014-04-08,106.757,446.0,20.0,2014-04-08,168.0,2014-04-08,14043.0,9868.5,15996.5,13631.0,-0.0650310424607597,-0.2369224821186923,2014-04-08
-25.99136,27.84208,05-01-2015,0.036144578313253,0.036144578313253,0.0,-0.2048192771084336,71.10843373493977,2015-05-01,76.878,357.4,85.0,253.0,0.0,0.0,0.0,0.0,0.0,2015-05-01,16762.5,9387.0,14448.0,11302.5,9038.5,8320.0,46746.0,8119.0,21824.0,96.0,0.0741577353775169,-0.2123348017621136,2015-05-01,168.0,58.900001525878906,109.0999984741211,2.9000000000000004,58.7,9.800000190734863,0.0,288.10198974609375,29.209999084472656,15.929999351501465,1.6970000267028809,1.25,1.909999966621399,-1.329999923706055,2015-05-01,130.0,0.0,1.0,330.0,1.0,2015-05-01,76.878,357.4,85.0,2015-05-01,92.3,2015-05-01,16762.5,9387.0,14448.0,11302.5,0.0741577353775169,-0.2123348017621136,2015-05-01
-25.99136,27.84208,06-01-2014,0.036144578313253,0.036144578313253,0.0,-0.2409638554216867,71.10843373493977,2014-06-01,108.895,396.73,10.0,253.0,0.0,0.0,0.0,0.0,0.0,2014-06-01,17085.0,9421.0,13907.0,11011.5,9154.5,8368.5,46372.0,8247.5,21824.0,96.0,0.102542591636551,-0.1923010973936891,2014-06-01,165.8000030517578,86.4000015258789,79.4000015258789,4.5,90.0,6.0,0.0,283.3005065917969,29.19999885559082,17.43000030517578,1.8620001077651975,1.1699999570846558,2.2899999618530273,-2.15999984741211,2014-06-01,130.0,0.0,1.0,330.0,1.0,2014-06-01,108.895,396.73,10.0,2014-06-01,76.5,2014-06-01,17085.0,9421.0,13907.0,11011.5,0.102542591636551,-0.1923010973936891,2014-06-01
-25.99136,27.84208,07-12-2015,0.036144578313253,0.036144578313253,0.0,-0.2048192771084336,71.10843373493977,2015-07-12,77.939,413.0,166.0,253.0,0.0,0.0,0.0,0.0,0.0,2015-07-12,16554.0,9864.5,15589.0,12569.0,9840.5,8872.0,48498.5,8613.0,21824.0,96.0,0.0300220887907163,-0.2249003084055229,2015-07-12,187.6000061035156,43.900001525878906,143.6999969482422,2.3000000000000003,46.0,2.9000000953674316,0.0,305.60052490234375,31.010000228881836,16.18000030517578,1.7680001258850098,1.409999966621399,2.8999998569488525,-4.079999923706055,2015-07-12,130.0,0.0,1.0,330.0,1.0,2015-07-12,77.939,413.0,166.0,2015-07-12,187.6,2015-07-12,16554.0,9864.5,15589.0,12569.0,0.0300220887907163,-0.2249003084055229,2015-07-12
-25.99136,27.84208,08-06-2015,0.036144578313253,0.036144578313253,0.0,-0.2048192771084336,71.10843373493977,2015-08-06,89.338,445.0,20.0,253.0,0.0,0.0,0.0,0.0,0.0,2015-08-06,13961.0,9427.0,14649.0,12176.0,10075.5,8470.5,41708.0,7950.0,21824.0,224.0,-0.0240475358266339,-0.2168964944342905,2015-08-06,75.5,15.0,60.5,0.8,15.3,4.599999904632568,0.0,162.4011993408203,19.439998626708984,2.3499999046325684,0.7000000476837158,0.7999999523162842,2.3299999237060547,-2.490000009536743,2015-08-06,130.0,0.0,1.0,330.0,1.0,2015-08-06,89.338,445.0,20.0,2015-08-06,187.6,2015-08-06,13961.0,9427.0,14649.0,12176.0,-0.0240475358266339,-0.2168964944342905,2015-08-06
-25.99136,27.84208,08-07-2013,0.036144578313253,0.036144578313253,0.0,-0.2771084337349397,71.10843373493977,2013-08-07,99.918,453.0,26.0,253.0,0.0,0.0,0.0,0.0,0.0,2013-08-07,13719.0,9543.0,15561.0,12812.5,10303.0,8626.5,42507.5,8178.5,21824.0,160.0,-0.0629098360655735,-0.2397227533460793,2013-08-07,80.30000305175781,0.2000000029802322,80.0999984741211,0.0,0.1,1.600000023841858,0.0,175.59945678710938,20.219999313354492,1.6999999284744265,0.6270000338554382,0.9099999666213988,2.1499998569488525,-3.319999933242798,2013-08-07,130.0,0.0,1.0,330.0,1.0,2013-08-07,99.918,453.0,26.0,2013-08-07,149.40001,2013-08-07,13719.0,9543.0,15561.0,12812.5,-0.0629098360655735,-0.2397227533460793,2013-08-07
-25.99136,27.84208,09-06-2014,0.036144578313253,0.036144578313253,0.0,-0.2409638554216867,71.10843373493977,2014-09-06,121.265,451.0,43.0,253.0,0.0,0.0,0.0,0.0,0.0,2014-09-06,14383.0,9466.0,15722.0,13086.0,10363.5,8593.5,41610.0,8266.0,21824.0,96.0,-0.0444776615180201,-0.2483722407495623,2014-09-06,76.5,1.7000000476837158,74.80000305175781,0.0,0.0,7.700000286102295,0.0,168.3016357421875,20.100000381469727,1.159999966621399,0.6550000309944153,0.85999995470047,2.240000009536743,0.8199999928474426,2014-09-06,130.0,0.0,1.0,330.0,1.0,2014-09-06,121.265,451.0,43.0,2014-09-06,160.1,2014-09-06,14383.0,9466.0,15722.0,13086.0,-0.0444776615180201,-0.2483722407495623,2014-09-06
-25.99136,27.84208,09-11-2015,0.036144578313253,0.036144578313253,0.0,-0.2048192771084336,71.10843373493977,2015-09-11,96.867,520.0,96.0,253.0,0.0,0.0,0.0,0.0,0.0,2015-09-11,15408.5,9530.0,14734.5,12360.5,9819.0,8812.0,49671.0,8552.5,21824.0,96.0,0.0223600836014994,-0.2144903047662213,2015-09-11,183.90000915527344,46.70000076293945,137.1999969482422,2.4000000000000004,49.0,3.0,0.0,315.3970642089844,28.260000228881836,12.979999542236328,1.4000000953674316,1.2799999713897705,3.549999952316284,-2.859999895095825,2015-09-11,130.0,0.0,1.0,330.0,1.0,2015-09-11,96.867,520.0,96.0,2015-09-11,187.6,2015-09-11,15408.5,9530.0,14734.5,12360.5,0.0223600836014994,-0.2144903047662213,2015-09-11
-25.99136,27.84208,10-06-2013,0.036144578313253,0.036144578313253,0.0,-0.2771084337349397,71.10843373493977,2013-10-06,96.674,452.0,59.0,253.0,0.0,0.0,0.0,0.0,0.0,2013-10-06,13817.0,9409.0,15105.0,12594.5,10134.0,8712.5,42525.0,8414.5,21824.0,96.0,-0.0445335730585711,-0.2323570204780932,2013-10-06,74.4000015258789,0.1000000014901161,74.30000305175781,0.0,0.0,1.7000000476837158,0.0,169.50396728515625,19.649999618530273,2.869999885559082,0.7320000529289246,0.7899999618530273,2.3399999141693115,-3.4600000381469727,2013-10-06,130.0,0.0,1.0,330.0,1.0,2013-10-06,96.674,452.0,59.0,2013-10-06,149.40001,2013-10-06,13817.0,9409.0,15105.0,12594.5,-0.0445335730585711,-0.2323570204780932,2013-10-06
-25.99136,27.84208,10-11-2014,0.036144578313253,0.036144578313253,0.0,-0.2409638554216867,71.10843373493977,2014-10-11,117.433,400.0,148.0,253.0,0.0,0.0,0.0,0.0,0.0,2014-10-11,15629.5,9478.5,14633.5,11998.5,9578.5,8636.5,47287.5,8423.5,21824.0,96.0,0.0329114760598749,-0.2137939615129387,2014-10-11,150.1999969482422,83.0,67.20000457763672,4.3,86.9,4.099999904632568,0.0,255.8040008544922,26.079999923706055,13.31999969482422,1.3650000095367432,1.100000023841858,3.0199999809265137,-2.3899998664855957,2014-10-11,130.0,0.0,1.0,330.0,1.0,2014-10-11,117.433,400.0,148.0,2014-10-11,168.0,2014-10-11,15629.5,9478.5,14633.5,11998.5,0.0329114760598749,-0.2137939615129387,2014-10-11
-25.99136,27.84208,12-05-2014,0.036144578313253,0.036144578313253,0.0,-0.2409638554216867,71.10843373493977,2014-12-05,101.723,433.0,37.0,253.0,0.0,0.0,0.0,0.0,0.0,2014-12-05,14491.5,9191.0,14482.5,11799.0,9751.5,8348.5,43267.5,8071.0,21824.0,96.0,0.000310623317457,-0.2235199695862453,2014-12-05,89.4000015258789,6.900000095367432,82.5,0.2,4.3,9.300000190734863,0.0,184.40377807617188,23.029998779296875,5.420000076293945,0.9030000567436218,0.959999978542328,2.0299999713897705,1.309999942779541,2014-12-05,130.0,0.0,1.0,330.0,1.0,2014-12-05,101.723,433.0,37.0,2014-12-05,160.1,2014-12-05,14491.5,9191.0,14482.5,11799.0,0.000310623317457,-0.2235199695862453,2014-12-05
-25.99136,27.84208,12-05-2015,0.036144578313253,0.036144578313253,0.0,-0.2048192771084336,71.10843373493977,2015-12-05,114.793,458.0,112.0,253.0,0.0,0.0,0.0,0.0,0.0,2015-12-05,14327.0,9547.5,14964.0,12332.0,10076.0,8576.0,43563.5,8135.0,21824.0,160.0,-0.0217472943907684,-0.2209779083287427,2015-12-05,92.3000030517578,1.5,90.8000030517578,0.0,0.9,5.099999904632568,0.0,188.8975524902344,24.959999084472656,5.920000076293945,0.968000054359436,1.090000033378601,1.8499999046325684,-2.8899998664855957,2015-12-05,130.0,0.0,1.0,330.0,1.0,2015-12-05,114.793,458.0,112.0,2015-12-05,187.6,2015-12-05,14327.0,9547.5,14964.0,12332.0,-0.0217472943907684,-0.2209779083287427,2015-12-05
-25.99136,27.84208,12-10-2015,0.036144578313253,0.036144578313253,0.0,-0.2048192771084336,71.10843373493977,2015-12-10,116.336,551.0,145.0,253.0,0.0,0.0,0.0,0.0,0.0,2015-12-10,16067.0,10001.0,15524.5,12708.5,10115.0,8760.0,48031.5,8319.5,21824.0,224.0,0.0171723406612537,-0.2163914516855685,2015-12-10,178.6999969482422,21.700000762939453,157.0,1.1,22.6,3.299999952316284,0.0,283.60308837890625,30.489999771118164,12.710000038146973,1.2630000114440918,1.6699999570846558,2.990000009536743,-1.959999918937683,2015-12-10,130.0,0.0,1.0,330.0,1.0,2015-12-10,116.336,551.0,145.0,2015-12-10,187.6,2015-12-10,16067.0,10001.0,15524.5,12708.5,0.0171723406612537,-0.2163914516855685,2015-12-10
-25.81048333,27.90955222,01-04-2015,0.0,0.0,0.0,-1.0,-1.0,2015-01-04,134.637,588.0,100.0,253.0,0.0,0.0,0.0,0.0,0.0,2015-01-04,14597.5,9404.0,14080.5,11517.0,9442.5,8750.5,44760.5,8606.0,21824.0,96.0,0.0180277564683729,-0.1991313419489442,2015-01-04,105.9000015258789,59.400001525878906,46.5,3.1,61.6,6.099999904632568,0.0,193.9995880126953,26.01999855041504,12.06999969482422,1.3010001182556152,1.100000023841858,1.919999957084656,-2.450000047683716,2015-01-04,120.0,0.0,1.0,331.0,1.0,2015-01-04,134.637,588.0,100.0,2015-01-04,191.90001,2015-01-04,14597.5,9404.0,14080.5,11517.0,0.0180277564683729,-0.1991313419489442,2015-01-04
-25.81048333,27.90955222,01-10-2014,0.0,0.0,0.0,-1.0,-1.0,2014-01-10,129.755,653.0,100.0,253.0,0.0,0.0,0.0,0.0,0.0,2014-01-10,13969.0,9785.0,15634.0,12864.5,10548.5,9001.5,46335.5,8676.0,21824.0,96.0,-0.0562442995642331,-0.2301034659113252,2014-01-10,181.8000030517578,13.40000057220459,168.40000915527344,0.7000000000000001,13.6,4.5,0.0,285.0978698730469,29.439998626708984,12.859999656677246,1.184000015258789,1.6200000047683716,3.18999981880188,-2.690000057220459,2014-01-10,120.0,0.0,1.0,331.0,1.0,2014-01-10,129.755,653.0,100.0,2014-01-10,171.0,2014-01-10,13969.0,9785.0,15634.0,12864.5,-0.0562442995642331,-0.2301034659113252,2014-01-10
-25.81048333,27.90955222,02-09-2015,0.0,0.0,0.0,-1.0,-1.0,2015-02-09,115.237,644.0,100.0,253.0,0.0,0.0,0.0,0.0,0.0,2015-02-09,12998.0,9750.0,15825.0,13284.5,10532.5,8978.5,46039.5,8601.0,21824.0,160.0,-0.0980813933317139,-0.2375366568914947,2015-02-09,139.10000610351562,30.899999618530273,108.20000457763672,1.6,32.2,3.700000047683716,0.0,237.79885864257812,27.559999465942383,10.579999923706056,0.9420000314712524,1.5499999523162842,2.690000057220459,-1.090000033378601,2015-02-09,120.0,0.0,1.0,331.0,1.0,2015-02-09,115.237,644.0,100.0,2015-02-09,191.90001,2015-02-09,12998.0,9750.0,15825.0,13284.5,-0.0980813933317139,-0.2375366568914947,2015-02-09
-25.81048333,27.90955222,02-10-2013,0.0,0.0,0.0,-1.0,-1.0,2013-02-10,125.968,609.02,191.0,253.0,0.0,0.0,0.0,0.0,0.0,2013-02-10,13379.5,9968.5,16099.5,13567.5,10693.5,9146.5,47213.5,8738.5,21824.0,160.0,-0.0922690728993517,-0.2351925732699085,2013-02-10,174.3000030517578,19.899999618530273,154.40000915527344,1.0,20.9,1.5,0.0,274.00018310546875,29.40999984741211,11.889999389648438,1.2030000686645508,1.559999942779541,3.0799999237060547,-3.90999984741211,2013-02-10,120.0,0.0,1.0,331.0,1.0,2013-02-10,125.968,609.02,191.0,2013-02-10,168.90001,2013-02-10,13379.5,9968.5,16099.5,13567.5,-0.0922690728993517,-0.2351925732699085,2013-02-10
-25.81048333,27.90955222,03-09-2014,0.0,0.0,0.0,-1.0,-1.0,2014-03-09,132.855,660.0,100.0,253.0,0.0,0.0,0.0,0.0,0.0,2014-03-09,13213.0,9725.0,15438.5,13204.0,10543.0,9032.5,44104.0,8734.5,21824.0,96.0,-0.0776748163272426,-0.2270550599081995,2014-03-09,149.3000030517578,1.100000023841858,148.1999969482422,0.0,0.5,4.900000095367432,0.0,261.50115966796875,29.260000228881836,9.869999885559082,0.909000039100647,1.7400000095367432,2.5999999046325684,-1.6899999380111694,2014-03-09,120.0,0.0,1.0,331.0,1.0,2014-03-09,132.855,660.0,100.0,2014-03-09,171.0,2014-03-09,13213.0,9725.0,15438.5,13204.0,-0.0776748163272426,-0.2270550599081995,2014-03-09
-25.81048333,27.90955222,04-03-2015,0.0,0.0,0.0,-1.0,-1.0,2015-04-03,141.741,571.0,100.0,253.0,0.0,0.0,0.0,0.0,0.0,2015-04-03,14673.0,9325.0,14396.0,11498.0,9496.0,8715.0,46148.5,8528.0,21824.0,96.0,0.0095290515669613,-0.2137768222250317,2015-04-03,140.0,54.5,85.5,2.8000000000000003,56.0,7.0,0.0,236.60076904296875,29.40999984741211,14.699999809265137,1.6050000190734863,1.2899999618530271,2.0,-2.4700000286102295,2015-04-03,120.0,0.0,1.0,331.0,1.0,2015-04-03,141.741,571.0,100.0,2015-04-03,191.90001,2015-04-03,14673.0,9325.0,14396.0,11498.0,0.0095290515669613,-0.2137768222250317,2015-04-03
-25.81048333,27.90955222,04-09-2013,0.0,0.0,0.0,-1.0,-1.0,2013-04-09,133.399,560.82,191.0,253.0,0.0,0.0,0.0,0.0,0.0,2013-04-09,12800.0,9672.5,15252.0,13441.5,10466.0,8876.0,42622.5,8469.5,21824.0,96.0,-0.08740909739056,-0.2238560452566742,2013-04-09,149.90000915527344,2.0,147.90000915527344,0.1,2.0,1.600000023841858,0.0,252.101318359375,28.939998626708984,9.229999542236328,0.9480000734329224,1.6399999856948853,2.950000047683716,-3.2899999618530273,2013-04-09,120.0,0.0,1.0,331.0,1.0,2013-04-09,133.399,560.82,191.0,2013-04-09,168.90001,2013-04-09,12800.0,9672.5,15252.0,13441.5,-0.08740909739056,-0.2238560452566742,2013-04-09
-25.81048333,27.90955222,05-08-2015,0.0,0.0,0.0,-1.0,-1.0,2015-05-08,105.066,627.0,100.0,253.0,0.0,0.0,0.0,0.0,0.0,2015-05-08,12646.0,9683.5,14552.0,12847.0,10433.5,9161.0,42479.5,8877.0,21824.0,96.0,-0.0700786822560479,-0.2008830022075047,2015-05-08,108.0,9.100000381469728,98.9000015258789,0.5,9.2,4.0,0.0,216.80389404296875,24.809999465942383,4.5,0.703000009059906,1.2899999618530271,2.049999952316284,-1.829999923706055,2015-05-08,120.0,0.0,1.0,331.0,1.0,2015-05-08,105.066,627.0,100.0,2015-05-08,191.90001,2015-05-08,12646.0,9683.5,14552.0,12847.0,-0.0700786822560479,-0.2008830022075047,2015-05-08
-25.81048333,27.90955222,06-08-2014,0.0,0.0,0.0,-1.0,-1.0,2014-06-08,138.157,652.0,139.0,253.0,0.0,0.0,0.0,0.0,0.0,2014-06-08,12705.5,9621.0,14640.5,12310.5,10352.0,8814.0,42727.0,8425.5,21824.0,96.0,-0.0707598917574779,-0.2068915771901976,2014-06-08,110.9000015258789,4.099999904632568,106.8000030517578,0.2,3.5,5.5,0.0,207.70367431640625,24.06999969482422,5.659999847412109,0.7310000061988831,1.2300000190734863,2.549999952316284,-1.2999999523162842,2014-06-08,120.0,0.0,1.0,331.0,1.0,2014-06-08,138.157,652.0,139.0,2014-06-08,171.0,2014-06-08,12705.5,9621.0,14640.5,12310.5,-0.0707598917574779,-0.2068915771901976,2014-06-08
-25.81048333,27.90955222,07-01-2015,0.0,0.0,0.0,-1.0,-1.0,2015-07-01,109.033,488.0,100.0,253.0,0.0,0.0,0.0,0.0,0.0,2015-07-01,16731.0,9464.0,13973.5,10924.5,9097.0,8632.0,46252.0,8503.5,21824.0,96.0,0.0898076829129277,-0.1924053333333325,2015-07-01,171.0,57.29999923706055,113.70000457763672,2.8000000000000003,57.0,10.199999809265137,0.0,288.99853515625,30.1299991607666,16.8799991607666,1.7700001001358032,1.3399999141693115,1.8499999046325684,-1.4800000190734863,2015-07-01,120.0,0.0,1.0,331.0,1.0,2015-07-01,109.033,488.0,100.0,2015-07-01,84.1,2015-07-01,16731.0,9464.0,13973.5,10924.5,0.0898076829129277,-0.1924053333333325,2015-07-01
-25.81048333,27.90955222,08-01-2014,0.0,0.0,0.0,-1.0,-1.0,2014-08-01,123.373,737.57,191.0,253.0,0.0,0.0,0.0,0.0,0.0,2014-08-01,16608.0,9355.5,13836.5,11042.5,9375.5,8307.0,47063.0,8053.5,21824.0,96.0,0.0910345054114861,-0.1932131769575707,2014-08-01,168.90000915527344,83.0999984741211,85.80000305175781,4.4,87.4,1.399999976158142,0.0,283.5973205566406,30.079999923706055,18.350000381469727,1.940000057220459,1.2599999904632568,2.2200000286102295,-2.190000057220459,2014-08-01,120.0,0.0,1.0,331.0,1.0,2014-08-01,123.373,737.57,191.0,2014-08-01,110.9,2014-08-01,16608.0,9355.5,13836.5,11042.5,0.0910345054114861,-0.1932131769575707,2014-08-01
-25.81048333,27.90955222,09-12-2015,0.0,0.0,0.0,-1.0,-1.0,2015-09-12,103.806,597.0,100.0,253.0,0.0,0.0,0.0,0.0,0.0,2015-09-12,14520.0,9982.5,16013.5,13462.0,10472.5,9256.0,48766.5,9081.5,21824.0,96.0,-0.0489134884634907,-0.2319972303431288,2015-09-12,191.90000915527344,44.70000076293945,147.1999969482422,2.3000000000000003,46.8,3.0,0.0,304.2964782714844,31.989999771118164,17.1299991607666,1.8390001058578491,1.5299999713897705,2.8899998664855957,-4.009999752044678,2015-09-12,120.0,0.0,1.0,331.0,1.0,2015-09-12,103.806,597.0,100.0,2015-09-12,191.90001,2015-09-12,14520.0,9982.5,16013.5,13462.0,-0.0489134884634907,-0.2319972303431288,2015-09-12
-25.81048333,27.90955222,10-06-2015,0.0,0.0,0.0,-1.0,-1.0,2015-10-06,148.237,642.0,100.0,253.0,0.0,0.0,0.0,0.0,0.0,2015-10-06,12964.0,9201.5,13232.5,11148.0,9577.5,8439.0,41277.5,8147.5,21824.0,224.0,-0.0102494608058328,-0.1796826245876786,2015-10-06,76.80000305175781,12.199999809265137,64.5999984741211,0.6000000000000001,12.2,4.800000190734863,0.0,164.202392578125,20.920000076293945,3.1999998092651367,0.737000048160553,0.8899999856948853,2.0999999046325684,-2.549999952316284,2015-10-06,120.0,0.0,1.0,331.0,1.0,2015-10-06,148.237,642.0,100.0,2015-10-06,191.90001,2015-10-06,12964.0,9201.5,13232.5,11148.0,-0.0102494608058328,-0.1796826245876786,2015-10-06
-25.81048333,27.90955222,10-07-2013,0.0,0.0,0.0,-1.0,-1.0,2013-10-07,132.178,612.0,191.0,253.0,0.0,0.0,0.0,0.0,0.0,2013-10-07,13115.5,9520.0,14687.5,12061.0,10097.0,8684.5,41969.0,8359.5,21824.0,160.0,-0.0565406610797393,-0.2134669007538977,2013-10-07,83.4000015258789,0.2000000029802322,83.20000457763672,0.0,0.1,1.7000000476837158,0.0,176.89703369140625,21.549999237060547,2.299999952316284,0.6660000085830688,0.9899999499320984,2.119999885559082,-3.179999828338623,2013-10-07,120.0,0.0,1.0,331.0,1.0,2013-10-07,132.178,612.0,191.0,2013-10-07,168.90001,2013-10-07,13115.5,9520.0,14687.5,12061.0,-0.0565406610797393,-0.2134669007538977,2013-10-07
-25.81048333,27.90955222,11-06-2014,0.0,0.0,0.0,-1.0,-1.0,2014-11-06,149.097,796.0,139.0,253.0,0.0,0.0,0.0,0.0,0.0,2014-11-06,13579.5,9330.0,14132.5,11681.5,9646.5,8709.0,40912.0,8549.5,21824.0,96.0,-0.0199552540415703,-0.2046883324453907,2014-11-06,77.20000457763672,1.399999976158142,75.80000305175781,0.0,0.0,7.300000190734863,0.0,169.8022003173828,21.529998779296875,2.009999990463257,0.6930000185966492,0.949999988079071,2.0,0.5799999833106995,2014-11-06,120.0,0.0,1.0,331.0,1.0,2014-11-06,149.097,796.0,139.0,2014-11-06,163.7,2014-11-06,13579.5,9330.0,14132.5,11681.5,-0.0199552540415703,-0.2046883324453907,2014-11-06
-25.81048333,27.90955222,12-05-2015,0.0,0.0,0.0,-1.0,-1.0,2015-12-05,141.519,626.0,100.0,253.0,0.0,0.0,0.0,0.0,0.0,2015-12-05,13349.0,9268.0,13978.5,11331.5,9549.0,8602.5,43394.5,8337.5,21824.0,160.0,-0.023035403897173,-0.2026326543780775,2015-12-05,94.3000030517578,1.399999976158142,92.9000015258789,0.0,0.7000000000000001,5.400000095367432,0.0,189.99783325195312,26.25,6.96999979019165,1.0200001001358032,1.1899999380111694,1.7400000095367432,-2.90999984741211,2015-12-05,120.0,0.0,1.0,331.0,1.0,2015-12-05,141.519,626.0,100.0,2015-12-05,191.90001,2015-12-05,13349.0,9268.0,13978.5,11331.5,-0.023035403897173,-0.2026326543780775,2015-12-05
-25.81048333,27.90955222,12-06-2013,0.0,0.0,0.0,-1.0,-1.0,2013-12-06,135.724,604.0,10.0,253.0,0.0,0.0,0.0,0.0,0.0,2013-12-06,13265.0,9414.5,13746.5,11454.5,9886.5,8691.5,41326.0,8431.5,21824.0,96.0,-0.0178257408881401,-0.1870385561936005,2013-12-06,75.0999984741211,0.1000000014901161,75.0,0.0,0.0,1.7000000476837158,0.0,171.00180053710938,20.979999542236328,3.639999866485596,0.7710000276565552,0.8700000047683716,2.0899999141693115,-3.309999942779541,2013-12-06,120.0,0.0,1.0,331.0,1.0,2013-12-06,135.724,604.0,10.0,2013-12-06,153.40001,2013-12-06,13265.0,9414.5,13746.5,11454.5,-0.0178257408881401,-0.1870385561936005,2013-12-06
-25.81048333,27.90955222,12-11-2014,0.0,0.0,0.0,-1.0,-1.0,2014-12-11,90.612,533.0,100.0,253.0,0.0,0.0,0.0,0.0,0.0,2014-12-11,13727.5,9757.5,15016.5,12635.5,10230.0,9053.0,47437.0,8826.5,21824.0,96.0,-0.0448441413860282,-0.2122790021797037,2014-12-11,155.40000915527344,70.9000015258789,84.5,3.7,74.3,4.099999904632568,0.0,255.20211791992188,27.309999465942383,14.469999313354492,1.4350000619888306,1.209999918937683,3.0,-2.609999895095825,2014-12-11,120.0,0.0,1.0,331.0,1.0,2014-12-11,90.612,533.0,100.0,2014-12-11,171.0,2014-12-11,13727.5,9757.5,15016.5,12635.5,-0.0448441413860282,-0.2122790021797037,2014-12-11
-25.73411,27.21422,02-09-2014,0.0,0.0,0.0,-1.0,-1.0,2014-02-09,11.086,25.09,20.0,253.0,0.0,0.0,0.0,0.0,0.0,2014-02-09,13363.0,9897.0,15824.5,13327.5,10893.5,8996.0,44621.5,8670.5,21824.0,96.0,-0.0843340471092074,-0.230449235075714,2014-02-09,155.8000030517578,1.399999976158142,154.40000915527344,0.0,0.8,5.099999904632568,0.0,263.1996154785156,28.849998474121097,8.829999923706055,0.8280000686645508,1.7400000095367432,2.9700000286102295,-1.4499999284744265,2014-02-09,100.0,0.0,1.0,302.0,1.0,2014-02-09,11.086,25.09,20.0,2014-02-09,172.5,2014-02-09,13363.0,9897.0,15824.5,13327.5,-0.0843340471092074,-0.230449235075714,2014-02-09
-25.73411,27.21422,02-10-2014,0.0,0.0,0.0,-1.0,-1.0,2014-02-10,10.0,35.64,20.0,253.0,0.0,0.0,0.0,0.0,0.0,2014-02-10,14255.0,10225.0,16763.0,13948.5,11359.0,9179.0,46951.0,8817.5,21824.0,96.0,-0.0808562770004511,-0.2422558174003252,2014-02-10,191.1999969482422,11.90000057220459,179.3000030517578,0.6000000000000001,12.0,4.599999904632568,0.0,290.10247802734375,29.719999313354492,12.019999504089355,1.1120001077651978,1.6899999380111694,3.5999999046325684,-2.40999984741211,2014-02-10,100.0,0.0,1.0,302.0,1.0,2014-02-10,10.0,35.64,20.0,2014-02-10,172.5,2014-02-10,14255.0,10225.0,16763.0,13948.5,-0.0808562770004511,-0.2422558174003252,2014-02-10
-25.73411,27.21422,03-09-2013,0.0,0.0,0.0,-1.0,-1.0,2013-03-09,19.894,82.1,10.0,253.0,0.0,0.0,0.0,0.0,0.0,2013-03-09,13639.5,9850.0,15954.5,13396.5,10865.0,8947.5,43136.0,8660.5,21824.0,96.0,-0.0782253159424205,-0.2365672653994449,2013-03-09,154.5,1.7000000476837158,152.8000030517578,0.1,1.8,1.5,0.0,253.99964904785156,28.349998474121097,8.130000114440918,0.8530000448226929,1.6299999952316284,3.240000009536743,-3.65999984741211,2013-03-09,100.0,0.0,1.0,302.0,1.0,2013-03-09,19.894,82.1,10.0,2013-03-09,168.6,2013-03-09,13639.5,9850.0,15954.5,13396.5,-0.0782253159424205,-0.2365672653994449,2013-03-09
-25.73411,27.21422,04-06-2014,0.0,0.0,0.0,-1.0,-1.0,2014-04-06,10.0,26.79,20.0,253.0,0.0,0.0,0.0,0.0,0.0,2014-04-06,12731.0,9212.0,13887.0,11608.5,9806.0,8475.5,43451.5,8277.0,21824.0,96.0,-0.0434292583965735,-0.2023897138404251,2014-04-06,81.70000457763672,1.7000000476837158,80.0,0.0,0.0,7.700000286102295,0.0,169.00244140625,21.549999237060547,1.9499999284744265,0.6660000085830688,0.9799999594688416,2.259999990463257,0.6299999952316284,2014-04-06,100.0,0.0,1.0,302.0,1.0,2014-04-06,10.0,26.79,20.0,2014-04-06,165.7,2014-04-06,12731.0,9212.0,13887.0,11608.5,-0.0434292583965735,-0.2023897138404251,2014-04-06
-25.73411,27.21422,05-08-2015,0.0,0.0,0.0,-1.0,-1.0,2015-05-08,10.0,35.3,20.0,253.0,0.0,0.0,0.0,0.0,0.0,2015-05-08,14275.5,10375.0,15447.0,13289.5,11384.5,9186.0,40842.5,8499.5,21824.0,224.0,-0.0394145849104212,-0.196421655952288,2015-05-08,112.20000457763672,19.700000762939453,92.5,1.0,20.6,2.299999952316284,0.0,216.99951171875,24.489999771118164,3.859999895095825,0.6650000214576721,1.2799999713897705,2.2899999618530273,-1.6699999570846558,2015-05-08,100.0,0.0,1.0,302.0,1.0,2015-05-08,10.0,35.3,20.0,2015-05-08,194.2,2015-05-08,14275.5,10375.0,15447.0,13289.5,-0.0394145849104212,-0.196421655952288,2015-05-08
-25.73411,27.21422,05-11-2014,0.0,0.0,0.0,-1.0,-1.0,2014-05-11,10.0,39.89,20.0,253.0,0.0,0.0,0.0,0.0,0.0,2014-05-11,14874.5,10250.0,17210.5,14236.0,11180.0,9186.0,47911.0,8863.5,21824.0,96.0,-0.0728066074489634,-0.2534731705540676,2014-05-11,159.40000915527344,71.80000305175781,87.5999984741211,3.8,75.10000000000001,4.200000286102295,0.0,256.1007995605469,27.599998474121097,13.279999732971191,1.3510000705718994,1.2699999809265137,3.1399998664855957,-2.2799999713897705,2014-05-11,100.0,0.0,1.0,302.0,1.0,2014-05-11,10.0,39.89,20.0,2014-05-11,172.5,2014-05-11,14874.5,10250.0,17210.5,14236.0,-0.0728066074489634,-0.2534731705540676,2014-05-11
-25.73411,27.21422,06-01-2015,0.0,0.0,0.0,-1.0,-1.0,2015-06-01,16.231,46.8,20.0,253.0,0.0,0.0,0.0,0.0,0.0,2015-06-01,15976.0,10285.0,17023.0,13643.5,10764.0,9071.0,47458.0,8745.0,21824.0,160.0,-0.0317282341889147,-0.2467408817928803,2015-06-01,172.5,55.900001525878906,116.5999984741211,2.9000000000000004,58.5,3.5,0.0,292.9024658203125,30.17999839782715,15.710000038146973,1.7290000915527344,1.319999933242798,1.8899999856948853,-1.7599999904632568,2015-06-01,100.0,0.0,1.0,302.0,1.0,2015-06-01,16.231,46.8,20.0,2015-06-01,81.8,2015-06-01,15976.0,10285.0,17023.0,13643.5,-0.0317282341889147,-0.2467408817928803,2015-06-01
-25.73411,27.21422,06-08-2014,0.0,0.0,0.0,-1.0,-1.0,2014-06-08,16.757,47.9,20.0,253.0,0.0,0.0,0.0,0.0,0.0,2014-06-08,12981.5,9593.5,15160.5,12752.0,10480.0,8809.0,42829.5,8510.0,21824.0,96.0,-0.0774287541752538,-0.2248929465944888,2014-06-08,114.20000457763672,13.100000381469728,101.0999984741211,0.6000000000000001,12.9,5.700000286102295,0.0,206.79673767089844,23.600000381469727,4.96999979019165,0.6990000605583191,1.1999999284744265,2.8399999141693115,-1.0199999809265137,2014-06-08,100.0,0.0,1.0,302.0,1.0,2014-06-08,16.757,47.9,20.0,2014-06-08,172.5,2014-06-08,12981.5,9593.5,15160.5,12752.0,-0.0774287541752538,-0.2248929465944888,2014-06-08
-25.73411,27.21422,07-07-2015,0.0,0.0,0.0,-1.0,-1.0,2015-07-07,10.0,30.6,20.0,253.0,0.0,0.0,0.0,0.0,0.0,2015-07-07,12953.0,9480.0,14416.5,12152.0,10241.0,8679.0,42665.0,8358.5,21824.0,96.0,-0.0534719304335115,-0.2065783692172485,2015-07-07,86.5999984741211,12.5,74.0999984741211,0.7000000000000001,13.1,2.4000000953674316,0.0,176.00390625,21.6299991607666,3.740000009536743,0.7040000557899475,0.9899999499320984,2.3999998569488525,-2.3299999237060547,2015-07-07,100.0,0.0,1.0,302.0,1.0,2015-07-07,10.0,30.6,20.0,2015-07-07,194.2,2015-07-07,12953.0,9480.0,14416.5,12152.0,-0.0534719304335115,-0.2065783692172485,2015-07-07
-25.73411,27.21422,08-04-2015,0.0,0.0,0.0,-1.0,-1.0,2015-08-04,11.771,36.9,20.0,253.0,0.0,0.0,0.0,0.0,0.0,2015-08-04,13908.5,9475.5,14364.0,12100.5,9993.5,8606.0,43947.5,8366.5,21824.0,96.0,-0.0161110619860287,-0.2050588309318559,2015-08-04,105.8000030517578,43.70000076293945,62.10000228881836,2.3000000000000003,45.8,2.9000000953674316,0.0,195.40142822265625,25.90999984741211,11.149999618530272,1.25,1.090000033378601,1.8899999856948853,-2.9700000286102295,2015-08-04,100.0,0.0,1.0,302.0,1.0,2015-08-04,11.771,36.9,20.0,2015-08-04,194.2,2015-08-04,13908.5,9475.5,14364.0,12100.5,-0.0161110619860287,-0.2050588309318559,2015-08-04
-25.73411,27.21422,08-10-2014,0.0,0.0,0.0,-1.0,-1.0,2014-08-10,10.0,32.4,20.0,253.0,0.0,0.0,0.0,0.0,0.0,2014-08-10,14255.0,10225.0,16763.0,13948.5,11359.0,9179.0,46951.0,8817.5,21824.0,96.0,-0.0808562770004511,-0.2422558174003252,2014-08-10,191.1999969482422,11.90000057220459,179.3000030517578,0.6000000000000001,12.0,4.599999904632568,0.0,290.10247802734375,29.719999313354492,12.019999504089355,1.1120001077651978,1.6899999380111694,3.5999999046325684,-2.40999984741211,2014-08-10,100.0,0.0,1.0,302.0,1.0,2014-08-10,10.0,32.4,20.0,2014-08-10,172.5,2014-08-10,14255.0,10225.0,16763.0,13948.5,-0.0808562770004511,-0.2422558174003252,2014-08-10
-25.73411,27.21422,09-06-2015,0.0,0.0,0.0,-1.0,-1.0,2015-09-06,10.0,30.58,20.0,253.0,0.0,0.0,0.0,0.0,0.0,2015-09-06,12926.0,9484.0,14032.0,11881.0,10205.5,8644.5,41879.5,8359.0,21824.0,96.0,-0.0410267824022552,-0.1934002381357365,2015-09-06,81.80000305175781,18.30000114440918,63.5,1.0,19.1,2.5,0.0,163.2977294921875,20.760000228881836,3.059999942779541,0.7110000252723694,0.8999999761581421,2.4600000381469727,-2.759999990463257,2015-09-06,100.0,0.0,1.0,302.0,1.0,2015-09-06,10.0,30.58,20.0,2015-09-06,194.2,2015-09-06,12926.0,9484.0,14032.0,11881.0,-0.0410267824022552,-0.1934002381357365,2015-09-06
-25.73411,27.21422,11-11-2014,0.0,0.0,0.0,-1.0,-1.0,2014-11-11,10.468,43.7,20.0,253.0,0.0,0.0,0.0,0.0,0.0,2014-11-11,14874.5,10250.0,17210.5,14236.0,11180.0,9186.0,47911.0,8863.5,21824.0,96.0,-0.0728066074489634,-0.2534731705540676,2014-11-11,159.40000915527344,71.80000305175781,87.5999984741211,3.8,75.10000000000001,4.200000286102295,0.0,256.1007995605469,27.599998474121097,13.279999732971191,1.3510000705718994,1.2699999809265137,3.1399998664855957,-2.2799999713897705,2014-11-11,100.0,0.0,1.0,302.0,1.0,2014-11-11,10.468,43.7,20.0,2014-11-11,172.5,2014-11-11,14874.5,10250.0,17210.5,14236.0,-0.0728066074489634,-0.2534731705540676,2014-11-11
-25.73411,27.21422,12-08-2014,0.0,0.0,0.0,-1.0,-1.0,2014-12-08,10.0,27.54,20.0,253.0,0.0,0.0,0.0,0.0,0.0,2014-12-08,12981.5,9593.5,15160.5,12752.0,10480.0,8809.0,42829.5,8510.0,21824.0,96.0,-0.0774287541752538,-0.2248929465944888,2014-12-08,114.20000457763672,13.100000381469728,101.0999984741211,0.6000000000000001,12.9,5.700000286102295,0.0,206.79673767089844,23.600000381469727,4.96999979019165,0.6990000605583191,1.1999999284744265,2.8399999141693115,-1.0199999809265137,2014-12-08,100.0,0.0,1.0,302.0,1.0,2014-12-08,10.0,27.54,20.0,2014-12-08,172.5,2014-12-08,12981.5,9593.5,15160.5,12752.0,-0.0774287541752538,-0.2248929465944888,2014-12-08
-25.681111,31.783333,01-04-2014,0.0728848476237834,0.0728848476237834,0.0,0.9080770050436884,144.0277758045038,2014-01-04,59.848,201.8,20.0,253.0,0.0,0.0,0.0,0.0,0.0,2014-01-04,11422.5,10899.0,8916.0,8403.5,11695.0,9390.0,45612.5,8817.5,21824.0,96.0,0.1232391769304515,0.1000757002271001,2014-01-04,98.0,39.70000076293945,58.29999923706055,2.0,40.8,10.699999809265137,0.0,184.0987243652344,28.84000015258789,15.649999618530272,1.9830000400543213,0.8999999761581421,1.6999999284744265,-0.699999988079071,2014-01-04,40.0,0.0,1.0,281.0,1.0,2014-01-04,59.848,201.8,20.0,2014-01-04,135.7,2014-01-04,11422.5,10899.0,8916.0,8403.5,0.1232391769304515,0.1000757002271001,2014-01-04
-25.681111,31.783333,10-02-2015,0.0728848476237834,0.0728848476237834,0.0,0.9809618526674718,144.0277758045038,2015-10-02,87.907,330.2,20.0,253.0,0.0,0.0,0.0,0.0,0.0,2015-10-02,13685.0,9896.0,11642.0,10076.0,9894.5,8613.0,46242.0,8136.0,21824.0,160.0,0.0806649030678719,-0.0810660228433462,2015-10-02,133.0,77.70000457763672,55.29999923706055,3.5,69.8,30.399999618530273,0.0,251.19781494140625,32.34000015258789,18.60999870300293,2.3030002117156982,1.209999918937683,1.4399999380111694,-1.5899999141693115,2015-10-02,40.0,0.0,1.0,281.0,1.0,2015-10-02,87.907,330.2,20.0,2015-10-02,165.1,2015-10-02,13685.0,9896.0,11642.0,10076.0,0.0806649030678719,-0.0810660228433462,2015-10-02
-25.681111,31.783333,10-06-2014,0.0728848476237834,0.0728848476237834,0.0,0.9080770050436884,144.0277758045038,2014-10-06,159.228,524.0,20.0,253.0,0.0,0.0,0.0,0.0,0.0,2014-10-06,13259.5,9726.5,11734.5,10425.0,10021.5,8431.5,42559.0,7856.0,21824.0,224.0,0.0610146435144432,-0.0935650715250916,2014-10-06,80.4000015258789,1.2000000476837158,79.20000457763672,0.0,0.6000000000000001,9.199999809265137,0.0,154.20298767089844,27.8799991607666,10.40999984741211,1.380000114440918,1.1399999856948853,1.819999933242798,-1.6100000143051147,2014-10-06,40.0,0.0,1.0,281.0,1.0,2014-10-06,159.228,524.0,20.0,2014-10-06,135.7,2014-10-06,13259.5,9726.5,11734.5,10425.0,0.0610146435144432,-0.0935650715250916,2014-10-06
-25.57877778,29.12747222,02-09-2014,0.0,0.0,0.0,-1.0,-1.0,2014-02-09,20.328,372.0,20.0,253.0,0.0,0.0,0.0,0.0,0.0,2014-02-09,12129.0,9671.0,14342.5,13380.0,10386.5,9011.5,45896.0,8687.0,21824.0,96.0,-0.083618230927601,-0.1945364066046174,2014-02-09,149.0,0.9000000357627869,148.10000610351562,0.0,0.9,1.100000023841858,0.0,259.1019287109375,30.479999542236328,10.019999504089355,0.9850000739097596,1.819999933242798,2.440000057220459,-1.7300000190734863,2014-02-09,100.0,0.0,1.0,382.0,1.0,2014-02-09,20.328,372.0,20.0,2014-02-09,166.40001,2014-02-09,12129.0,9671.0,14342.5,13380.0,-0.083618230927601,-0.1945364066046174,2014-02-09
-25.57877778,29.12747222,07-09-2015,0.0,0.0,0.0,-1.0,-1.0,2015-07-09,49.745,420.0,20.0,253.0,0.0,0.0,0.0,0.0,0.0,2015-07-09,14013.0,10081.0,16236.5,13202.5,11032.0,8979.0,46292.5,8579.5,21824.0,96.0,-0.0735053471958211,-0.2338937969032004,2015-07-09,142.10000610351562,30.200000762939453,111.9000015258789,1.6,31.3,4.400000095367432,0.0,236.69857788085935,28.760000228881836,10.489999771118164,0.987000048160553,1.6299999952316284,2.6399998664855957,0.4199999868869781,2015-07-09,100.0,0.0,1.0,382.0,1.0,2015-07-09,49.745,420.0,20.0,2015-07-09,186.90001,2015-07-09,14013.0,10081.0,16236.5,13202.5,-0.0735053471958211,-0.2338937969032004,2015-07-09
-25.57877778,29.12747222,10-06-2015,0.0,0.0,0.0,-1.0,-1.0,2015-10-06,47.823,391.0,20.0,253.0,0.0,0.0,0.0,0.0,0.0,2015-10-06,14301.0,9727.5,15086.0,12495.0,10793.5,8571.0,41955.0,8073.5,21824.0,224.0,-0.026712491918195,-0.2159509944183601,2015-10-06,80.30000305175781,7.599999904632568,72.70000457763672,0.4,7.1000000000000005,6.099999904632568,0.0,167.29946899414062,23.13999938964844,3.109999895095825,0.7710000276565552,1.0299999713897705,1.9499999284744265,-1.209999918937683,2015-10-06,100.0,0.0,1.0,382.0,1.0,2015-10-06,47.823,391.0,20.0,2015-10-06,186.90001,2015-10-06,14301.0,9727.5,15086.0,12495.0,-0.026712491918195,-0.2159509944183601,2015-10-06
-25.57877778,29.12747222,11-06-2014,0.0,0.0,0.0,-1.0,-1.0,2014-11-06,29.538,275.2,20.0,253.0,0.0,0.0,0.0,0.0,0.0,2014-11-06,14000.5,9748.5,15987.0,12992.5,10686.5,8790.0,41457.0,8340.5,21824.0,96.0,-0.0662442684451852,-0.2424083464475132,2014-11-06,82.30000305175781,0.1000000014901161,82.20000457763672,0.0,0.0,1.2000000476837158,0.0,171.30276489257812,23.75,2.0999999046325684,0.7310000061988831,1.100000023841858,2.0,0.8899999856948853,2014-11-06,100.0,0.0,1.0,382.0,1.0,2014-11-06,29.538,275.2,20.0,2014-11-06,160.6,2014-11-06,14000.5,9748.5,15987.0,12992.5,-0.0662442684451852,-0.2424083464475132,2014-11-06
-25.513889,31.224444,09-02-2015,0.0,0.0,0.0,-1.0,-1.0,2015-09-02,47.37,164.6,20.0,253.0,0.0,0.0,0.0,0.0,0.0,2015-09-02,15343.5,9249.5,13190.0,11044.0,9214.5,8328.0,45845.0,8102.0,21824.0,96.0,0.0754726899959693,-0.1756055170569746,2015-09-02,133.8000030517578,101.70000457763672,32.10000228881836,4.1000000000000005,81.2,46.70000076293945,0.0,258.1010437011719,30.829999923706055,17.68000030517578,2.0,1.25,1.4199999570846558,-0.9300000071525574,2015-09-02,120.0,0.0,1.0,193.0,1.0,2015-09-02,47.37,164.6,20.0,2015-09-02,166.3,2015-09-02,15343.5,9249.5,13190.0,11044.0,0.0754726899959693,-0.1756055170569746,2015-09-02
-25.513889,31.224444,12-06-2014,0.0,0.0,0.0,-1.0,-1.0,2014-12-06,70.963,232.5,20.0,253.0,0.0,0.0,0.0,0.0,0.0,2014-12-06,11147.0,8277.0,10060.5,8666.0,8347.0,7757.5,41006.5,7476.5,21824.0,160.0,0.0512318755157371,-0.0972597137014309,2014-12-06,76.70000457763672,6.0,70.70000457763672,0.0,0.6000000000000001,22.200000762939453,0.0,163.50314331054688,24.439998626708984,7.899999618530273,1.0950000286102295,0.9799999594688416,1.8799999952316284,-0.959999978542328,2014-12-06,120.0,0.0,1.0,193.0,1.0,2014-12-06,70.963,232.5,20.0,2014-12-06,139.0,2014-12-06,11147.0,8277.0,10060.5,8666.0,0.0512318755157371,-0.0972597137014309,2014-12-06
-25.49037,30.6986,04-09-2013,0.0,0.0,0.0,-1.0,-1.0,2013-04-09,113.992,568.12,17.0,253.0,0.0,0.0,0.0,0.0,0.0,2013-04-09,12397.0,9031.5,12599.5,11151.0,9310.5,8344.0,44834.5,8151.5,21824.0,96.0,-0.0081011341587821,-0.1649484536082466,2013-04-09,134.10000610351562,12.40000057220459,121.70000457763672,0.6000000000000001,11.0,16.600000381469727,0.0,235.60107421875,28.10999870300293,10.019999504089355,1.2450000047683716,1.2799999713897705,2.819999933242798,-2.3299999237060547,2013-04-09,120.0,0.0,1.0,332.0,1.0,2013-04-09,113.992,568.12,17.0,2013-04-09,148.40001,2013-04-09,12397.0,9031.5,12599.5,11151.0,-0.0081011341587821,-0.1649484536082466,2013-04-09
-25.49037,30.6986,06-10-2014,0.0,0.0,0.0,-1.0,-1.0,2014-06-10,126.516,621.0,20.0,253.0,0.0,0.0,0.0,0.0,0.0,2014-06-10,13484.5,9200.0,12933.5,11258.0,9271.0,8332.5,48501.5,8007.0,21824.0,160.0,0.0208569914452266,-0.1686809587277196,2014-06-10,144.3000030517578,39.5,104.8000030517578,2.0,39.2,17.899999618530273,0.0,257.50244140625,27.59000015258789,12.729999542236328,1.449000120162964,1.1399999856948853,2.2100000381469727,-2.299999952316284,2014-06-10,120.0,0.0,1.0,332.0,1.0,2014-06-10,126.516,621.0,20.0,2014-06-10,149.8,2014-06-10,13484.5,9200.0,12933.5,11258.0,0.0208569914452266,-0.1686809587277196,2014-06-10
-25.49037,30.6986,11-05-2015,0.0,0.0,0.0,-1.0,-1.0,2015-11-05,95.532,449.0,20.0,253.0,0.0,0.0,0.0,0.0,0.0,2015-11-05,15261.0,8769.5,11917.0,9734.5,8425.0,8063.0,43976.0,7982.0,21824.0,96.0,0.1230406946795197,-0.1521523699030761,2015-11-05,90.5999984741211,10.699999809265137,79.9000015258789,0.0,0.6000000000000001,34.20000076293945,0.0,186.5013885498047,27.10999870300293,9.529999732971191,1.2510000467300415,1.149999976158142,1.6100000143051147,-0.5199999809265137,2015-11-05,120.0,0.0,1.0,332.0,1.0,2015-11-05,95.532,449.0,20.0,2015-11-05,165.0,2015-11-05,15261.0,8769.5,11917.0,9734.5,0.1230406946795197,-0.1521523699030761,2015-11-05
-25.45963889,28.26430556,01-09-2015,0.0622019785068678,0.0071169311792754,0.0071169311792754,-0.971532275282898,124.43292292363532,2015-01-09,210.019,795.0,168.0,253.0,0.0,0.0,0.0,0.0,0.0,2015-01-09,14758.0,10048.5,15407.0,12992.0,10780.5,9046.0,47151.0,8693.5,21824.0,160.0,-0.021515000828775,-0.2105046060772712,2015-01-09,143.3000030517578,29.899999618530273,113.4000015258789,1.6,31.0,4.599999904632568,0.0,238.89913940429688,29.01999855041504,10.84999942779541,0.999000072479248,1.6699999570846558,2.629999876022339,-0.6599999666213989,2015-01-09,40.0,0.0,1.0,357.0,1.0,2015-01-09,210.019,795.0,168.0,2015-01-09,192.90001,2015-01-09,14758.0,10048.5,15407.0,12992.0,-0.021515000828775,-0.2105046060772712,2015-01-09
-25.45963889,28.26430556,01-10-2013,0.0622019785068678,0.0071169311792754,0.0071169311792754,-0.985766137641449,124.43292292363532,2013-01-10,231.82,688.99,10.0,253.0,0.0,0.0,0.0,0.0,0.0,2013-01-10,15238.0,10064.0,15595.5,13022.0,10812.0,8853.5,48764.0,8307.5,21824.0,224.0,-0.011594531921449,-0.215573179524152,2013-01-10,179.8000030517578,22.80000114440918,157.0,1.2000000000000002,23.9,1.7000000476837158,0.0,270.9964904785156,31.010000228881836,12.029999732971191,1.246000051498413,1.71999990940094,3.0299999713897705,-3.429999828338623,2013-01-10,40.0,0.0,1.0,357.0,1.0,2013-01-10,231.82,688.99,10.0,2013-01-10,170.7,2013-01-10,15238.0,10064.0,15595.5,13022.0,-0.011594531921449,-0.215573179524152,2013-01-10
-25.45963889,28.26430556,02-09-2014,0.0622019785068678,0.0071169311792754,0.0071169311792754,-0.9786492064621736,124.43292292363532,2014-02-09,152.345,849.0,168.0,253.0,0.0,0.0,0.0,0.0,0.0,2014-02-09,14244.5,9992.5,15699.0,13518.5,10963.0,8986.5,45290.0,8542.0,21824.0,160.0,-0.0485748159032843,-0.2221162641340512,2014-02-09,152.1999969482422,0.800000011920929,151.40000915527344,0.0,0.4,4.700000286102295,0.0,262.20196533203125,30.719999313354492,10.260000228881836,0.9820000529289246,1.8700000047683716,2.5,-1.659999966621399,2014-02-09,40.0,0.0,1.0,357.0,1.0,2014-02-09,152.345,849.0,168.0,2014-02-09,172.3,2014-02-09,14244.5,9992.5,15699.0,13518.5,-0.0485748159032843,-0.2221162641340512,2014-02-09
-25.45963889,28.26430556,03-03-2015,0.0622019785068678,0.0071169311792754,0.0071169311792754,-0.971532275282898,124.43292292363532,2015-03-03,228.411,734.0,168.0,253.0,0.0,0.0,0.0,0.0,0.0,2015-03-03,16626.0,9455.5,14220.0,11217.0,9563.5,8459.0,47042.0,8127.0,21824.0,160.0,0.0780003890293714,-0.2012417900361124,2015-03-03,145.6999969482422,51.900001525878906,93.8000030517578,2.6,51.900000000000006,10.100000381469728,0.0,240.3009796142578,30.479999542236328,15.119999885559082,1.6670000553131104,1.3899999856948853,2.0999999046325684,-2.169999837875366,2015-03-03,40.0,0.0,1.0,357.0,1.0,2015-03-03,228.411,734.0,168.0,2015-03-03,192.90001,2015-03-03,16626.0,9455.5,14220.0,11217.0,0.0780003890293714,-0.2012417900361124,2015-03-03
-25.45963889,28.26430556,03-09-2013,0.0622019785068678,0.0071169311792754,0.0071169311792754,-0.985766137641449,124.43292292363532,2013-03-09,206.662,739.0,10.0,253.0,0.0,0.0,0.0,0.0,0.0,2013-03-09,15095.5,10133.5,15836.5,13209.5,11046.0,8940.0,46640.5,8361.0,21824.0,224.0,-0.0239557739557738,-0.219599537928378,2013-03-09,154.60000610351562,2.1000001430511475,152.5,0.1,2.2,1.7000000476837158,0.0,251.39645385742188,30.88999938964844,9.760000228881836,1.031000018119812,1.819999933242798,2.8399999141693115,-2.859999895095825,2013-03-09,40.0,0.0,1.0,357.0,1.0,2013-03-09,206.662,739.0,10.0,2013-03-09,170.7,2013-03-09,15095.5,10133.5,15836.5,13209.5,-0.0239557739557738,-0.219599537928378,2013-03-09
-25.45963889,28.26430556,05-08-2014,0.0622019785068678,0.0071169311792754,0.0071169311792754,-0.9786492064621736,124.43292292363532,2014-05-08,182.962,740.0,168.0,253.0,0.0,0.0,0.0,0.0,0.0,2014-05-08,15548.5,10279.0,16193.0,13251.0,11345.0,8795.5,43653.5,8183.0,21824.0,224.0,-0.0203046484885716,-0.2234058627984277,2014-05-08,116.5999984741211,2.5,114.0999984741211,0.1,2.0,5.200000286102295,0.0,210.3997344970703,25.969999313354492,6.019999980926514,0.7860000133514404,1.3700000047683716,2.509999990463257,-1.2200000286102295,2014-05-08,40.0,0.0,1.0,357.0,1.0,2014-05-08,182.962,740.0,168.0,2014-05-08,172.3,2014-05-08,15548.5,10279.0,16193.0,13251.0,-0.0203046484885716,-0.2234058627984277,2014-05-08
-25.45963889,28.26430556,07-01-2014,0.0622019785068678,0.0071169311792754,0.0071169311792754,-0.9786492064621736,124.43292292363532,2014-07-01,197.773,619.57,168.0,253.0,0.0,0.0,0.0,0.0,0.0,2014-07-01,18919.0,9571.5,13958.0,10991.0,9411.5,8425.5,47372.5,8193.5,21824.0,96.0,0.1508957629954066,-0.1864255509041833,2014-07-01,170.6999969482422,75.0999984741211,95.5999984741211,3.9,79.0,1.5,0.0,283.6962585449219,30.84000015258789,18.440000534057617,2.004000186920166,1.2999999523162842,2.2100000381469727,-1.7400000095367432,2014-07-01,40.0,0.0,1.0,357.0,1.0,2014-07-01,197.773,619.57,168.0,2014-07-01,84.5,2014-07-01,18919.0,9571.5,13958.0,10991.0,0.1508957629954066,-0.1864255509041833,2014-07-01
-25.45963889,28.26430556,08-07-2014,0.0622019785068678,0.0071169311792754,0.0071169311792754,-0.9786492064621736,124.43292292363532,2014-08-07,246.027,744.0,168.0,253.0,0.0,0.0,0.0,0.0,0.0,2014-08-07,14832.5,9973.0,15614.5,12955.0,10910.0,8869.0,41760.0,8353.5,21824.0,160.0,-0.025683975432719,-0.2204787493893494,2014-08-07,84.5,0.699999988079071,83.80000305175781,0.0,0.0,5.800000190734863,0.0,183.49685668945312,22.88999938964844,2.3899998664855957,0.6760000586509705,1.090000033378601,1.899999976158142,0.8100000023841858,2014-08-07,40.0,0.0,1.0,357.0,1.0,2014-08-07,246.027,744.0,168.0,2014-08-07,164.7,2014-08-07,14832.5,9973.0,15614.5,12955.0,-0.025683975432719,-0.2204787493893494,2014-08-07
-25.45963889,28.26430556,08-12-2015,0.0622019785068678,0.0071169311792754,0.0071169311792754,-0.971532275282898,124.43292292363532,2015-08-12,207.2,686.0,168.0,253.0,0.0,0.0,0.0,0.0,0.0,2015-08-12,16481.0,9832.5,15611.0,13192.0,10162.5,8670.0,50376.0,8339.0,21824.0,160.0,0.0271095600149569,-0.2271110499734697,2015-08-12,192.90000915527344,47.10000228881836,145.8000030517578,2.5,49.3,3.700000047683716,0.0,301.5009460449219,32.93000030517578,17.209999084472656,1.902000069618225,1.5999999046325684,2.7799999713897705,-3.4800000190734863,2015-08-12,40.0,0.0,1.0,357.0,1.0,2015-08-12,207.2,686.0,168.0,2015-08-12,192.90001,2015-08-12,16481.0,9832.5,15611.0,13192.0,0.0271095600149569,-0.2271110499734697,2015-08-12
-25.45963889,28.26430556,09-06-2015,0.0622019785068678,0.0071169311792754,0.0071169311792754,-0.971532275282898,124.43292292363532,2015-09-06,205.769,776.0,168.0,253.0,0.0,0.0,0.0,0.0,0.0,2015-09-06,14668.5,9509.0,14377.0,11827.0,10040.0,8392.5,42699.5,7970.5,21824.0,224.0,0.0100359780344631,-0.2038013899355262,2015-09-06,79.9000015258789,8.90000057220459,71.0,0.4,8.4,6.300000190734863,0.0,165.89764404296875,22.88999938964844,3.75,0.7920000553131104,1.0099999904632568,1.959999918937683,-1.919999957084656,2015-09-06,40.0,0.0,1.0,357.0,1.0,2015-09-06,205.769,776.0,168.0,2015-09-06,192.90001,2015-09-06,14668.5,9509.0,14377.0,11827.0,0.0100359780344631,-0.2038013899355262,2015-09-06
-25.45963889,28.26430556,09-07-2013,0.0622019785068678,0.0071169311792754,0.0071169311792754,-0.985766137641449,124.43292292363532,2013-09-07,200.8,720.0,10.0,253.0,0.0,0.0,0.0,0.0,0.0,2013-09-07,14684.0,9700.0,15131.5,12505.0,10597.5,8528.5,43288.0,8020.5,21824.0,177.0,-0.0150089718435041,-0.2187342689728763,2013-09-07,87.0,0.1000000014901161,86.9000015258789,0.0,0.1,1.8000000715255735,0.0,177.49777221679688,23.28999900817871,2.929999828338623,0.7100000381469727,1.100000023841858,2.059999942779541,-2.559999942779541,2013-09-07,40.0,0.0,1.0,357.0,1.0,2013-09-07,200.8,720.0,10.0,2013-09-07,170.7,2013-09-07,14684.0,9700.0,15131.5,12505.0,-0.0150089718435041,-0.2187342689728763,2013-09-07
-25.45963889,28.26430556,09-12-2014,0.0622019785068678,0.0071169311792754,0.0071169311792754,-0.9786492064621736,124.43292292363532,2014-09-12,139.238,471.0,168.0,253.0,0.0,0.0,0.0,0.0,0.0,2014-09-12,19168.5,9428.0,13665.0,10607.5,9003.5,8184.5,46555.5,7830.5,21824.0,160.0,0.1676184384850833,-0.1834755120599308,2014-09-12,164.6999969482422,164.6999969482422,0.0,10.1,201.2,30.5,0.0,272.10400390625,29.78999900817871,16.670000076293945,1.7760001420974731,1.2799999713897705,2.309999942779541,-0.5799999833106995,2014-09-12,40.0,0.0,1.0,357.0,1.0,2014-09-12,139.238,471.0,168.0,2014-09-12,172.3,2014-09-12,19168.5,9428.0,13665.0,10607.5,0.1676184384850833,-0.1834755120599308,2014-09-12
-25.45963889,28.26430556,10-06-2014,0.0622019785068678,0.0071169311792754,0.0071169311792754,-0.9786492064621736,124.43292292363532,2014-10-06,199.537,713.0,168.0,253.0,0.0,0.0,0.0,0.0,0.0,2014-10-06,14498.5,9505.0,14697.5,12196.0,10236.0,8653.0,42288.0,8279.0,21824.0,96.0,-0.006816002192081,-0.2145439520710661,2014-10-06,80.20000457763672,0.9000000357627869,79.30000305175781,0.0,0.0,6.5,0.0,170.70089721679688,23.439998626708984,2.609999895095825,0.7520000338554382,1.069999933242798,1.899999976158142,1.1699999570846558,2014-10-06,40.0,0.0,1.0,357.0,1.0,2014-10-06,199.537,713.0,168.0,2014-10-06,164.7,2014-10-06,14498.5,9505.0,14697.5,12196.0,-0.006816002192081,-0.2145439520710661,2014-10-06
-25.45963889,28.26430556,10-12-2013,0.0622019785068678,0.0071169311792754,0.0071169311792754,-0.985766137641449,124.43292292363532,2013-10-12,196.508,604.35,168.0,253.0,0.0,0.0,0.0,0.0,0.0,2013-10-12,18201.5,9625.5,14269.0,11184.5,9149.5,8549.0,47340.0,8328.0,21824.0,96.0,0.1211099305523471,-0.1943334240097085,2013-10-12,155.0,140.5,14.5,7.4,147.8,1.600000023841858,0.0,249.6022491455078,28.88999938964844,16.510000228881836,1.7370001077651978,1.1999999284744265,2.359999895095825,-1.329999923706055,2013-10-12,40.0,0.0,1.0,357.0,1.0,2013-10-12,196.508,604.35,168.0,2013-10-12,170.7,2013-10-12,18201.5,9625.5,14269.0,11184.5,0.1211099305523471,-0.1943334240097085,2013-10-12
-25.45963889,28.26430556,11-11-2014,0.0622019785068678,0.0071169311792754,0.0071169311792754,-0.9786492064621736,124.43292292363532,2014-11-11,194.498,742.0,168.0,253.0,0.0,0.0,0.0,0.0,0.0,2014-11-11,16507.0,10311.5,16095.0,13255.5,11108.0,8971.0,48379.5,8454.5,21824.0,177.0,0.0126372615176982,-0.219018044799575,2014-11-11,159.90000915527344,47.60000228881836,112.3000030517578,2.5,49.7,4.0,0.0,254.60025024414065,28.90999984741211,14.460000038146973,1.5070000886917114,1.319999933242798,2.9700000286102295,-3.18999981880188,2014-11-11,40.0,0.0,1.0,357.0,1.0,2014-11-11,194.498,742.0,168.0,2014-11-11,172.3,2014-11-11,16507.0,10311.5,16095.0,13255.5,0.0126372615176982,-0.219018044799575,2014-11-11
-25.45963889,28.26430556,12-11-2013,0.0622019785068678,0.0071169311792754,0.0071169311792754,-0.985766137641449,124.43292292363532,2013-12-11,191.688,707.0,168.0,253.0,0.0,0.0,0.0,0.0,0.0,2013-12-11,16724.0,9640.0,14675.5,12335.0,9597.5,8564.0,48049.5,8260.0,21824.0,113.0,0.0652398923549736,-0.2070901276963245,2013-12-11,177.5,101.0999984741211,76.4000015258789,5.300000000000001,106.4,1.600000023841858,0.0,283.4998474121094,30.94999885559082,14.149999618530272,1.5540000200271606,1.5099999904632568,3.0799999237060547,-2.90999984741211,2013-12-11,40.0,0.0,1.0,357.0,1.0,2013-12-11,191.688,707.0,168.0,2013-12-11,170.7,2013-12-11,16724.0,9640.0,14675.5,12335.0,0.0652398923549736,-0.2070901276963245,2013-12-11
-25.447222,30.711667,01-09-2015,0.0,0.0,0.0,-1.0,-1.0,2015-01-09,62.273,147.4,20.0,253.0,0.0,0.0,0.0,0.0,0.0,2015-01-09,12493.0,9314.0,13421.0,11615.0,9729.5,8477.5,44536.5,8116.5,21824.0,160.0,-0.0358107586632706,-0.1806465801627438,2015-01-09,121.70000457763672,35.10000228881836,86.5999984741211,1.7000000000000002,34.800000000000004,16.80000114440918,0.0,217.20326232910156,25.969999313354492,11.199999809265137,1.2140001058578491,1.1399999856948853,2.569999933242798,-1.059999942779541,2015-01-09,62.0,0.0,1.0,306.0,1.0,2015-01-09,62.273,147.4,20.0,2015-01-09,167.0,2015-01-09,12493.0,9314.0,13421.0,11615.0,-0.0358107586632706,-0.1806465801627438,2015-01-09
-25.447222,30.711667,06-10-2014,0.0,0.0,0.0,-1.0,-1.0,2014-06-10,58.537,136.0,20.0,253.0,0.0,0.0,0.0,0.0,0.0,2014-06-10,13680.5,9690.5,14220.0,12299.0,10021.5,8787.5,47585.0,8509.5,21824.0,160.0,-0.0193365710291929,-0.1894356036051099,2014-06-10,145.40000915527344,38.20000076293945,107.20000457763672,1.9,38.2,16.399999618530273,0.0,256.1007995605469,27.93000030517578,13.289999961853027,1.4810000658035278,1.1799999475479126,2.240000009536743,-2.359999895095825,2014-06-10,62.0,0.0,1.0,306.0,1.0,2014-06-10,58.537,136.0,20.0,2014-06-10,152.5,2014-06-10,13680.5,9690.5,14220.0,12299.0,-0.0193365710291929,-0.1894356036051099,2014-06-10
-25.447222,30.711667,11-05-2015,0.0,0.0,0.0,-1.0,-1.0,2015-11-05,65.62,150.3,20.0,253.0,0.0,0.0,0.0,0.0,0.0,2015-11-05,13881.0,8880.5,12186.0,10085.0,8809.5,8185.0,43648.0,8092.5,21824.0,96.0,0.0650247439291055,-0.1569078869294844,2015-11-05,91.5,8.300000190734863,83.20000457763672,0.0,0.6000000000000001,30.0,0.0,186.80294799804688,27.549999237060547,9.989999771118164,1.287000060081482,1.1799999475479126,1.5899999141693115,-1.350000023841858,2015-11-05,62.0,0.0,1.0,306.0,1.0,2015-11-05,65.62,150.3,20.0,2015-11-05,167.0,2015-11-05,13881.0,8880.5,12186.0,10085.0,0.0650247439291055,-0.1569078869294844,2015-11-05
-25.398889,31.610556,10-02-2015,0.0,0.0,0.0,-1.0,-1.0,2015-10-02,62.377,189.1,20.0,253.0,0.0,0.0,0.0,0.0,0.0,2015-10-02,16907.5,10034.0,15675.5,13225.0,10474.5,8867.0,47586.5,8495.0,21824.0,96.0,0.0378111285025932,-0.2194325054940772,2015-10-02,130.90000915527344,75.70000457763672,55.20000076293945,3.3000000000000003,66.60000000000001,31.30000114440918,0.0,249.99972534179688,32.349998474121094,18.959999084472656,2.277000188827514,1.2599999904632568,1.2400000095367432,-1.2400000095367432,2015-10-02,210.0,0.0,1.0,13.0,1.0,2015-10-02,62.377,189.1,20.0,2015-10-02,162.90001,2015-10-02,16907.5,10034.0,15675.5,13225.0,0.0378111285025932,-0.2194325054940772,2015-10-02
-25.20639,27.558,01-07-2014,0.0,0.0,0.0,-1.0,-1.0,2014-01-07,160.321,728.0,20.0,253.0,0.0,0.0,0.0,0.0,0.0,2014-01-07,13362.5,10052.0,13178.0,11441.5,10963.5,8671.5,41771.5,7981.5,21824.0,160.0,0.0069516399464968,-0.1345673697804557,2014-01-07,84.80000305175781,0.699999988079071,84.0999984741211,0.0,0.0,6.700000286102295,0.0,186.7041015625,22.44999885559082,1.9799998998641968,0.7040000557899475,1.0099999904632568,1.9799998998641968,-1.409999966621399,2014-01-07,20.0,0.0,1.0,347.0,1.0,2014-01-07,160.321,728.0,20.0,2014-01-07,174.0,2014-01-07,13362.5,10052.0,13178.0,11441.5,0.0069516399464968,-0.1345673697804557,2014-01-07
-25.20639,27.558,02-07-2013,0.0,0.0,0.0,-1.0,-1.0,2013-02-07,182.05,806.0,13.0,253.0,0.0,0.0,0.0,0.0,0.0,2013-02-07,13566.0,9683.5,12640.5,11097.0,10077.5,8550.0,41919.0,8109.5,21824.0,160.0,0.0353156659607348,-0.1324583407991393,2013-02-07,87.70000457763672,0.1000000014901161,87.5999984741211,0.0,0.0,2.299999952316284,0.0,180.70172119140625,22.899999618530273,2.5199999809265137,0.7350000143051147,1.0299999713897705,2.180000066757202,-2.929999828338623,2013-02-07,20.0,0.0,1.0,347.0,1.0,2013-02-07,182.05,806.0,13.0,2013-02-07,165.2,2013-02-07,13566.0,9683.5,12640.5,11097.0,0.0353156659607348,-0.1324583407991393,2013-02-07
-25.20639,27.558,03-06-2014,0.0,0.0,0.0,-1.0,-1.0,2014-03-06,219.496,854.0,20.0,253.0,0.0,0.0,0.0,0.0,0.0,2014-03-06,14036.0,9697.5,12382.0,10494.5,10172.0,8421.0,42715.5,7992.5,21824.0,145.0,0.0626088273147094,-0.1215833691886133,2014-03-06,79.5,0.9000000357627869,78.5999984741211,0.0,0.0,7.400000095367432,0.0,173.49588012695312,23.43000030517578,2.5999999046325684,0.7900000214576721,1.0299999713897705,1.8600000143051147,0.7299999594688416,2014-03-06,20.0,0.0,1.0,347.0,1.0,2014-03-06,219.496,854.0,20.0,2014-03-06,174.0,2014-03-06,14036.0,9697.5,12382.0,10494.5,0.0626088273147094,-0.1215833691886133,2014-03-06
-25.20639,27.558,04-06-2013,0.0,0.0,0.0,-1.0,-1.0,2013-04-06,162.808,685.0,23.0,253.0,0.0,0.0,0.0,0.0,0.0,2013-04-06,13878.5,9711.5,12190.5,10385.0,10082.5,8579.0,42938.0,8159.5,21824.0,160.0,0.0647512371015379,-0.1131860104100077,2013-04-06,77.0,0.1000000014901161,76.9000015258789,0.0,0.0,2.4000000953674316,0.0,174.7984619140625,22.600000381469727,3.7899999618530273,0.8640000224113464,0.9099999666213988,1.9499999284744265,-2.8999998569488525,2013-04-06,20.0,0.0,1.0,347.0,1.0,2013-04-06,162.808,685.0,23.0,2013-04-06,165.2,2013-04-06,13878.5,9711.5,12190.5,10385.0,0.0647512371015379,-0.1131860104100077,2013-04-06
-25.20639,27.558,05-05-2015,0.0,0.0,0.0,-1.0,-1.0,2015-05-05,186.454,860.0,20.0,253.0,0.0,0.0,0.0,0.0,0.0,2015-05-05,14424.5,9532.0,12855.5,10830.0,9575.5,8508.0,43524.5,8306.0,21824.0,96.0,0.057514662756598,-0.148453378001116,2015-05-05,96.20000457763672,0.3000000119209289,95.9000015258789,0.0,0.1,3.5,0.0,195.3036193847656,28.06999969482422,7.669999599456787,1.127000093460083,1.309999942779541,1.5099999904632568,-2.7300000190734863,2015-05-05,20.0,0.0,1.0,347.0,1.0,2015-05-05,186.454,860.0,20.0,2015-05-05,204.40001,2015-05-05,14424.5,9532.0,12855.5,10830.0,0.057514662756598,-0.148453378001116,2015-05-05
-25.20639,27.558,06-05-2014,0.0,0.0,0.0,-1.0,-1.0,2014-06-05,193.075,806.0,37.0,253.0,0.0,0.0,0.0,0.0,0.0,2014-06-05,14189.5,9654.5,12292.0,10662.0,9951.0,8620.5,43279.5,8244.5,21824.0,96.0,0.0716537960462962,-0.1201786161802559,2014-06-05,95.5,2.799999952316284,92.70000457763672,0.1,1.7000000000000002,8.300000190734863,0.0,189.69696044921875,26.19999885559082,7.12999963760376,1.0600000619888306,1.149999976158142,1.7999999523162842,1.2999999523162842,2014-06-05,20.0,0.0,1.0,347.0,1.0,2014-06-05,193.075,806.0,37.0,2014-06-05,174.0,2014-06-05,14189.5,9654.5,12292.0,10662.0,0.0716537960462962,-0.1201786161802559,2014-06-05
-25.20639,27.558,06-10-2015,0.0,0.0,0.0,-1.0,-1.0,2015-06-10,164.101,731.0,20.0,253.0,0.0,0.0,0.0,0.0,0.0,2015-06-10,15422.0,10356.0,14975.5,12461.0,10576.0,8844.0,47921.0,8315.5,21824.0,224.0,0.0146887079529566,-0.1823618814519464,2015-06-10,196.1000061035156,15.5,180.6000061035156,0.8,16.2,2.799999952316284,0.0,290.30255126953125,34.21999740600586,15.219999313354492,1.402000069618225,2.169999837875366,2.879999876022339,-1.6299999952316284,2015-06-10,20.0,0.0,1.0,347.0,1.0,2015-06-10,164.101,731.0,20.0,2015-06-10,204.40001,2015-06-10,15422.0,10356.0,14975.5,12461.0,0.0146887079529566,-0.1823618814519464,2015-06-10
-25.20639,27.558,06-11-2013,0.0,0.0,0.0,-1.0,-1.0,2013-06-11,179.214,782.0,15.0,253.0,0.0,0.0,0.0,0.0,0.0,2013-06-11,15540.0,9540.5,13688.5,11500.5,9624.5,8345.5,47361.0,8005.5,21824.0,113.0,0.0633457071009457,-0.1785698910844196,2013-06-11,192.1999969482422,82.5999984741211,109.5999984741211,4.3,86.9,2.1000001430511475,0.0,293.3038635253906,32.47999954223633,15.809999465942385,1.6010000705718994,1.7599999904632568,3.259999990463257,-3.1999998092651367,2013-06-11,20.0,0.0,1.0,347.0,1.0,2013-06-11,179.214,782.0,15.0,2013-06-11,178.40001,2013-06-11,15540.0,9540.5,13688.5,11500.5,0.0633457071009457,-0.1785698910844196,2013-06-11
-25.20639,27.558,07-04-2015,0.0,0.0,0.0,-1.0,-1.0,2015-07-04,190.942,906.0,69.0,253.0,0.0,0.0,0.0,0.0,0.0,2015-07-04,14424.5,9532.0,12855.5,10830.0,9575.5,8508.0,43524.5,8306.0,21824.0,96.0,0.057514662756598,-0.148453378001116,2015-07-04,110.0,48.70000076293945,61.29999923706055,2.6,51.1,3.700000047683716,0.0,193.9995880126953,28.38999938964844,12.979999542236328,1.449000120162964,1.2400000095367432,1.7799999713897705,-2.369999885559082,2015-07-04,20.0,0.0,1.0,347.0,1.0,2015-07-04,190.942,906.0,69.0,2015-07-04,204.40001,2015-07-04,14424.5,9532.0,12855.5,10830.0,0.057514662756598,-0.148453378001116,2015-07-04
-25.20639,27.558,08-10-2014,0.0,0.0,0.0,-1.0,-1.0,2014-08-10,170.7,746.0,20.0,253.0,0.0,0.0,0.0,0.0,0.0,2014-08-10,15569.0,10478.0,15237.0,12522.0,11150.0,9091.5,46690.5,8520.5,21824.0,160.0,0.0107771213399986,-0.1850670814699584,2014-08-10,192.8000030517578,9.90000057220459,182.90000915527344,0.5,10.0,5.099999904632568,0.0,287.80218505859375,31.939998626708984,14.40999984741211,1.2590000629425049,1.9499999284744265,3.0799999237060547,-2.5,2014-08-10,20.0,0.0,1.0,347.0,1.0,2014-08-10,170.7,746.0,20.0,2014-08-10,182.8,2014-08-10,15569.0,10478.0,15237.0,12522.0,0.0107771213399986,-0.1850670814699584,2014-08-10
-25.20639,27.558,09-09-2014,0.0,0.0,0.0,-1.0,-1.0,2014-09-09,160.532,845.0,20.0,253.0,0.0,0.0,0.0,0.0,0.0,2014-09-09,14133.5,10625.0,14960.0,13127.0,11850.5,9423.5,44516.0,8831.5,21824.0,96.0,-0.0284084073762179,-0.1694352159468432,2014-09-09,159.1999969482422,0.9000000357627869,158.3000030517578,0.0,0.4,5.599999904632568,0.0,266.7036437988281,30.84000015258789,11.059999465942385,0.9830000400543212,1.919999957084656,2.759999990463257,-1.569999933242798,2014-09-09,20.0,0.0,1.0,347.0,1.0,2014-09-09,160.532,845.0,20.0,2014-09-09,182.8,2014-09-09,14133.5,10625.0,14960.0,13127.0,-0.0284084073762179,-0.1694352159468432,2014-09-09
-25.20639,27.558,11-02-2014,0.0,0.0,0.0,-1.0,-1.0,2014-11-02,106.019,455.46,88.0,253.0,0.0,0.0,0.0,0.0,0.0,2014-11-02,17068.0,10636.0,14295.0,11783.0,10639.5,8718.0,40986.5,7901.0,55052.0,224.0,0.0884162867072662,-0.1467650715976088,2014-11-02,145.8000030517578,145.8000030517578,0.0,8.3,165.5,13.40000057220459,0.0,261.09716796875,31.209999084472656,18.75,1.9950001239776611,1.3799999952316284,2.0399999618530273,2.419999837875366,2014-11-02,20.0,0.0,1.0,347.0,1.0,2014-11-02,106.019,455.46,88.0,2014-11-02,174.0,2014-11-02,17068.0,10636.0,14295.0,11783.0,0.0884162867072662,-0.1467650715976088,2014-11-02
-25.127778,27.628889,01-07-2014,0.0,0.0,0.0,-1.0,-1.0,2014-01-07,176.864,594.0,189.0,253.0,0.0,0.0,0.0,0.0,0.0,2014-01-07,14776.0,10193.0,17453.5,15017.0,11465.5,9176.5,42349.5,8791.5,21824.0,96.0,-0.0830760638545429,-0.2626191380464064,2014-01-07,85.70000457763672,0.5,85.20000457763672,0.0,0.0,5.700000286102295,0.0,187.00091552734375,22.689998626708984,2.0199999809265137,0.7110000252723694,1.0299999713897705,2.0,-1.329999923706055,2014-01-07,120.0,0.0,1.0,347.0,1.0,2014-01-07,176.864,594.0,189.0,2014-01-07,173.40001,2014-01-07,14776.0,10193.0,17453.5,15017.0,-0.0830760638545429,-0.2626191380464064,2014-01-07
-25.127778,27.628889,03-06-2014,0.0,0.0,0.0,-1.0,-1.0,2014-03-06,175.531,574.0,164.0,253.0,0.0,0.0,0.0,0.0,0.0,2014-03-06,14480.0,9827.0,16855.0,14475.5,10829.0,9003.0,43499.0,8728.5,21824.0,96.0,-0.0757938407531512,-0.2633985458361432,2014-03-06,79.30000305175781,0.6000000238418579,78.70000457763672,0.0,0.0,6.200000286102295,0.0,173.49588012695312,23.56999969482422,2.559999942779541,0.7970000505447388,1.0299999713897705,1.8399999141693115,0.8100000023841858,2014-03-06,120.0,0.0,1.0,347.0,1.0,2014-03-06,175.531,574.0,164.0,2014-03-06,173.40001,2014-03-06,14480.0,9827.0,16855.0,14475.5,-0.0757938407531512,-0.2633985458361432,2014-03-06
-25.127778,27.628889,03-07-2013,0.0,0.0,0.0,-1.0,-1.0,2013-03-07,172.582,645.0,166.0,253.0,0.0,0.0,0.0,0.0,0.0,2013-03-07,14315.5,9915.0,16478.5,14525.5,10940.5,9028.0,42937.5,8751.5,21824.0,96.0,-0.0702409560303953,-0.2486786519408178,2013-03-07,88.5999984741211,0.1000000014901161,88.5,0.0,0.0,2.299999952316284,0.0,180.9019470214844,23.1299991607666,2.549999952316284,0.7420000433921814,1.0499999523162842,2.200000047683716,-2.8399999141693115,2013-03-07,120.0,0.0,1.0,347.0,1.0,2013-03-07,172.582,645.0,166.0,2013-03-07,164.7,2013-03-07,14315.5,9915.0,16478.5,14525.5,-0.0702409560303953,-0.2486786519408178,2013-03-07
-25.127778,27.628889,05-05-2015,0.0,0.0,0.0,-1.0,-1.0,2015-05-05,189.814,603.0,148.0,253.0,0.0,0.0,0.0,0.0,0.0,2015-05-05,13311.0,9608.5,16305.5,15401.5,10518.0,8837.0,44789.0,8633.5,21824.0,96.0,-0.1011091790049462,-0.2584317357412972,2015-05-05,96.5,0.4000000059604645,96.0999984741211,0.0,0.1,4.599999904632568,0.0,195.3036193847656,28.10999870300293,7.639999866485596,1.1340000629425049,1.2999999523162842,1.5099999904632568,-2.5799999237060547,2015-05-05,120.0,0.0,1.0,347.0,1.0,2015-05-05,189.814,603.0,148.0,2015-05-05,203.40001,2015-05-05,13311.0,9608.5,16305.5,15401.5,-0.1011091790049462,-0.2584317357412972,2015-05-05
-25.127778,27.628889,05-11-2013,0.0,0.0,0.0,-1.0,-1.0,2013-05-11,202.853,686.0,166.0,253.0,0.0,0.0,0.0,0.0,0.0,2013-05-11,15330.5,9848.0,17036.0,14901.0,10450.5,8825.0,48590.5,8607.5,21824.0,96.0,-0.0526933712326014,-0.267370926945394,2013-05-11,192.6000061035156,85.0,107.5999984741211,4.5,89.4,2.0,0.0,292.90338134765625,32.61000061035156,16.010000228881836,1.6080000400543213,1.7799999713897705,3.2300000190734863,-3.109999895095825,2013-05-11,120.0,0.0,1.0,347.0,1.0,2013-05-11,202.853,686.0,166.0,2013-05-11,180.2,2013-05-11,15330.5,9848.0,17036.0,14901.0,-0.0526933712326014,-0.267370926945394,2013-05-11
-25.127778,27.628889,06-05-2014,0.0,0.0,0.0,-1.0,-1.0,2014-06-05,171.48,559.0,152.0,253.0,0.0,0.0,0.0,0.0,0.0,2014-06-05,15010.0,9835.5,17118.5,14563.5,10794.5,8934.0,44081.5,8680.5,21824.0,96.0,-0.0656270912118522,-0.270201083327149,2014-06-05,95.8000030517578,2.299999952316284,93.5,0.1,1.6,6.800000190734863,0.0,189.9030914306641,26.279998779296875,7.099999904632568,1.0660001039505005,1.159999966621399,1.7999999523162842,1.3600000143051147,2014-06-05,120.0,0.0,1.0,347.0,1.0,2014-06-05,171.48,559.0,152.0,2014-06-05,173.40001,2014-06-05,15010.0,9835.5,17118.5,14563.5,-0.0656270912118522,-0.270201083327149,2014-06-05
-25.127778,27.628889,06-10-2015,0.0,0.0,0.0,-1.0,-1.0,2015-06-10,214.454,679.0,39.0,253.0,0.0,0.0,0.0,0.0,0.0,2015-06-10,14946.5,10469.5,17836.5,16234.0,11298.0,9409.5,49712.0,9039.5,21824.0,224.0,-0.0881554464204005,-0.2602628418003241,2015-06-10,197.6999969482422,15.600000381469728,182.1000061035156,0.8,16.2,3.4000000953674316,0.0,290.4003601074219,34.47999954223633,15.469999313354492,1.406000018119812,2.2200000286102295,2.8999998569488525,-1.5299999713897705,2015-06-10,120.0,0.0,1.0,347.0,1.0,2015-06-10,214.454,679.0,39.0,2015-06-10,203.40001,2015-06-10,14946.5,10469.5,17836.5,16234.0,-0.0881554464204005,-0.2602628418003241,2015-06-10
-25.127778,27.628889,07-04-2015,0.0,0.0,0.0,-1.0,-1.0,2015-07-04,182.904,608.0,148.0,253.0,0.0,0.0,0.0,0.0,0.0,2015-07-04,13311.0,9608.5,16305.5,15401.5,10518.0,8837.0,44789.0,8633.5,21824.0,96.0,-0.1011091790049462,-0.2584317357412972,2015-07-04,111.5999984741211,47.10000228881836,64.5,2.5,49.1,4.900000095367432,0.0,194.49676513671875,28.53999900817871,13.039999961853027,1.4560000896453855,1.2599999904632568,1.8499999046325684,-2.2100000381469727,2015-07-04,120.0,0.0,1.0,347.0,1.0,2015-07-04,182.904,608.0,148.0,2015-07-04,203.40001,2015-07-04,13311.0,9608.5,16305.5,15401.5,-0.1011091790049462,-0.2584317357412972,2015-07-04
-25.127778,27.628889,07-10-2014,0.0,0.0,0.0,-1.0,-1.0,2014-07-10,190.576,648.0,20.0,253.0,0.0,0.0,0.0,0.0,0.0,2014-07-10,15880.5,10691.5,19108.5,16787.0,12286.5,9470.0,48687.0,9092.0,21824.0,96.0,-0.0922575666638083,-0.2824496644295293,2014-07-10,194.6000061035156,9.300000190734863,185.3000030517578,0.5,9.5,4.599999904632568,0.0,287.901123046875,32.15999984741211,14.649999618530272,1.2590000629425049,1.9900000095367432,3.0999999046325684,-2.4700000286102295,2014-07-10,120.0,0.0,1.0,347.0,1.0,2014-07-10,190.576,648.0,20.0,2014-07-10,184.3,2014-07-10,15880.5,10691.5,19108.5,16787.0,-0.0922575666638083,-0.2824496644295293,2014-07-10
-25.127778,27.628889,09-09-2014,0.0,0.0,0.0,-1.0,-1.0,2014-09-09,171.067,696.0,20.0,253.0,0.0,0.0,0.0,0.0,0.0,2014-09-09,15491.5,10654.0,18664.5,16280.5,12244.5,9463.0,45659.5,9032.0,21824.0,96.0,-0.0928972947651947,-0.2732233913740461,2014-09-09,158.5,0.800000011920929,157.6999969482422,0.0,0.4,4.900000095367432,0.0,266.4975280761719,31.079999923706055,11.219999313354492,0.9910000562667848,1.9399999380111697,2.669999837875366,-1.5499999523162842,2014-09-09,120.0,0.0,1.0,347.0,1.0,2014-09-09,171.067,696.0,20.0,2014-09-09,184.3,2014-09-09,15491.5,10654.0,18664.5,16280.5,-0.0928972947651947,-0.2732233913740461,2014-09-09
-25.127778,27.628889,09-10-2014,0.0,0.0,0.0,-1.0,-1.0,2014-09-10,211.954,416.0,20.0,253.0,0.0,0.0,0.0,0.0,0.0,2014-09-10,15880.5,10691.5,19108.5,16787.0,12286.5,9470.0,48687.0,9092.0,21824.0,96.0,-0.0922575666638083,-0.2824496644295293,2014-09-10,194.6000061035156,9.300000190734863,185.3000030517578,0.5,9.5,4.599999904632568,0.0,287.901123046875,32.15999984741211,14.649999618530272,1.2590000629425049,1.9900000095367432,3.0999999046325684,-2.4700000286102295,2014-09-10,120.0,0.0,1.0,347.0,1.0,2014-09-10,211.954,416.0,20.0,2014-09-10,184.3,2014-09-10,15880.5,10691.5,19108.5,16787.0,-0.0922575666638083,-0.2824496644295293,2014-09-10
-25.127778,27.628889,11-02-2014,0.0,0.0,0.0,-1.0,-1.0,2014-11-02,170.975,540.44,166.0,253.0,0.0,0.0,0.0,0.0,0.0,2014-11-02,18585.0,11903.5,17652.0,15007.5,11675.0,9756.0,42324.5,9199.0,22280.0,224.0,0.0257471645003724,-0.1944984858994089,2014-11-02,147.0,147.0,0.0,8.200000000000001,163.10000000000002,9.90000057220459,0.0,261.60009765625,31.459999084472656,18.979999542236328,1.999000072479248,1.4199999570846558,2.0199999809265137,2.40999984741211,2014-11-02,120.0,0.0,1.0,347.0,1.0,2014-11-02,170.975,540.44,166.0,2014-11-02,173.40001,2014-11-02,18585.0,11903.5,17652.0,15007.5,0.0257471645003724,-0.1944984858994089,2014-11-02
-24.99328,30.81444,03-04-2014,0.0,0.0,0.0,-1.0,-1.0,2014-03-04,40.654,114.8,21.0,253.0,0.0,0.0,0.0,0.0,0.0,2014-03-04,16835.5,8999.5,12932.5,9971.5,8784.5,8002.5,43933.0,7793.5,21824.0,160.0,0.1311139478634771,-0.1793270107605317,2014-03-04,89.4000015258789,83.4000015258789,6.0,3.8,77.0,149.1999969482422,0.0,198.79925537109375,22.59000015258789,9.5,1.4190000295639038,0.550000011920929,1.909999966621399,1.9399999380111697,2014-03-04,60.0,0.0,1.0,284.0,1.0,2014-03-04,40.654,114.8,21.0,2014-03-04,123.5,2014-03-04,16835.5,8999.5,12932.5,9971.5,0.1311139478634771,-0.1793270107605317,2014-03-04
-24.99328,30.81444,11-05-2015,0.0,0.0,0.0,-1.0,-1.0,2015-11-05,38.83,102.7,21.0,253.0,0.0,0.0,0.0,0.0,0.0,2015-11-05,16666.5,9015.0,13472.0,10378.0,9050.0,7981.0,43375.5,7759.5,21824.0,96.0,0.105993994392554,-0.198203406412593,2015-11-05,81.0,36.20000076293945,44.79999923706055,0.0,0.7000000000000001,57.60000228881836,0.0,183.80368041992188,24.43000030517578,7.569999694824219,1.159000039100647,0.8999999761581421,1.399999976158142,-1.0299999713897705,2015-11-05,60.0,0.0,1.0,284.0,1.0,2015-11-05,38.83,102.7,21.0,2015-11-05,149.90001,2015-11-05,16666.5,9015.0,13472.0,10378.0,0.105993994392554,-0.198203406412593,2015-11-05
-24.99328,30.81444,11-08-2015,0.0,0.0,0.0,-1.0,-1.0,2015-11-08,49.1,126.0,20.0,253.0,0.0,0.0,0.0,0.0,0.0,2015-11-08,11682.5,8940.5,12375.5,11698.5,9281.5,8309.5,44365.0,8158.5,21824.0,96.0,-0.0288053869814613,-0.1611465565772182,2015-11-08,94.0999984741211,5.900000095367432,88.20000457763672,0.0,0.4,25.700000762939453,0.0,202.1009063720703,23.0,5.309999942779541,1.0080000162124634,0.8499999642372131,2.0199999809265137,-1.5399999618530271,2015-11-08,60.0,0.0,1.0,284.0,1.0,2015-11-08,49.1,126.0,20.0,2015-11-08,149.90001,2015-11-08,11682.5,8940.5,12375.5,11698.5,-0.0288053869814613,-0.1611465565772182,2015-11-08
-24.9675,31.516667,02-04-2014,0.0,0.0,0.0,-1.0,-1.0,2014-02-04,26.045,89.985,20.0,253.0,0.0,0.0,0.0,0.0,0.0,2014-02-04,17696.0,8885.0,12788.5,9817.0,8399.0,8086.0,45829.5,7995.5,21824.0,96.0,0.1609834506060452,-0.1801047361985827,2014-02-04,101.3000030517578,42.20000076293945,59.10000228881836,2.2,44.1,6.0,0.0,187.39666748046875,28.760000228881836,16.25,1.946000099182129,0.9699999690055848,1.6100000143051147,0.8700000047683716,2014-02-04,120.0,0.0,1.0,120.0,1.0,2014-02-04,26.045,89.985,20.0,2014-02-04,136.40001,2014-02-04,17696.0,8885.0,12788.5,9817.0,0.1609834506060452,-0.1801047361985827,2014-02-04
-24.9675,31.516667,12-05-2015,0.0,0.0,0.0,-1.0,-1.0,2015-12-05,42.936,118.4,20.0,253.0,0.0,0.0,0.0,0.0,0.0,2015-12-05,19091.0,11905.5,19769.5,16577.5,12373.0,8940.5,43294.0,7828.0,22280.0,224.0,-0.0174598885758031,-0.248271507498026,2015-12-05,81.80000305175781,3.900000095367432,77.9000015258789,0.1,1.1,16.30000114440918,0.0,176.4032745361328,29.53999900817871,12.619999885559082,1.5940001010894775,1.2200000286102295,0.85999995470047,-1.5,2015-12-05,120.0,0.0,1.0,120.0,1.0,2015-12-05,42.936,118.4,20.0,2015-12-05,167.90001,2015-12-05,19091.0,11905.5,19769.5,16577.5,-0.0174598885758031,-0.248271507498026,2015-12-05
-24.9675,31.516667,12-08-2015,0.0,0.0,0.0,-1.0,-1.0,2015-12-08,50.496,136.5,20.0,253.0,0.0,0.0,0.0,0.0,0.0,2015-12-08,13840.5,9529.5,15524.0,12824.5,10303.5,8821.0,43639.5,8487.0,21824.0,96.0,-0.057331131127722,-0.2392679665515786,2015-12-08,88.5,1.899999976158142,86.5999984741211,0.0,0.7000000000000001,11.40000057220459,0.0,189.59848022460935,28.18000030517578,10.889999389648438,1.4450000524520874,1.1299999952316284,1.1299999952316284,-1.3700000047683716,2015-12-08,120.0,0.0,1.0,120.0,1.0,2015-12-08,50.496,136.5,20.0,2015-12-08,167.90001,2015-12-08,13840.5,9529.5,15524.0,12824.5,-0.057331131127722,-0.2392679665515786,2015-12-08
-24.95861111,29.39527778,11-06-2015,0.0,0.0,0.0,-1.0,-1.0,2015-11-06,208.275,1019.0,20.0,253.0,0.0,0.0,0.0,0.0,0.0,2015-11-06,13872.5,9811.0,16291.0,13280.0,10643.0,8722.0,43410.5,8283.0,21824.0,160.0,-0.0801796873704971,-0.2482568385564315,2015-11-06,80.5999984741211,4.800000190734863,75.80000305175781,0.2,4.3,4.5,0.0,168.7991180419922,24.719999313354492,4.619999885559082,0.9080000519752502,1.079999923706055,1.7799999713897705,0.949999988079071,2015-11-06,120.0,0.0,1.0,399.0,1.0,2015-11-06,208.275,1019.0,20.0,2015-11-06,191.2,2015-11-06,13872.5,9811.0,16291.0,13280.0,-0.0801796873704971,-0.2482568385564315,2015-11-06
-24.95861111,29.39527778,11-09-2015,0.0,0.0,0.0,-1.0,-1.0,2015-11-09,247.11,1185.0,20.0,253.0,0.0,0.0,0.0,0.0,0.0,2015-11-09,13563.5,10087.5,17581.0,14943.0,10947.5,9175.0,46520.0,8767.5,21824.0,160.0,-0.1289954887700874,-0.2708314509279496,2015-11-09,140.6999969482422,24.200000762939453,116.5,1.3,25.1,3.299999952316284,0.0,235.99766540527344,29.3799991607666,10.920000076293944,1.1450001001358032,1.569999933242798,2.569999933242798,0.9899999499320984,2015-11-09,120.0,0.0,1.0,399.0,1.0,2015-11-09,247.11,1185.0,20.0,2015-11-09,191.2,2015-11-09,13563.5,10087.5,17581.0,14943.0,-0.1289954887700874,-0.2708314509279496,2015-11-09
-24.925278,29.324444,05-09-2014,0.0,0.0,0.0,-1.0,-1.0,2014-05-09,288.275,500.0,20.0,253.0,0.0,0.0,0.0,0.0,0.0,2014-05-09,14557.0,10103.5,16555.5,13872.0,11088.0,9016.0,45126.0,8576.5,21824.0,96.0,-0.0642346323824827,-0.24201958062943,2014-05-09,149.0,0.5,148.5,0.0,0.5,0.9000000357627869,0.0,259.2998046875,31.329999923706055,10.519999504089355,1.1660000085830688,1.7699999809265137,2.3999998569488525,-1.649999976158142,2014-05-09,120.0,0.0,1.0,391.0,1.0,2014-05-09,288.275,500.0,20.0,2014-05-09,173.0,2014-05-09,14557.0,10103.5,16555.5,13872.0,-0.0642346323824827,-0.24201958062943,2014-05-09
-24.925278,29.324444,10-06-2014,0.0,0.0,0.0,-1.0,-1.0,2014-10-06,243.884,500.0,20.0,253.0,0.0,0.0,0.0,0.0,0.0,2014-10-06,13975.5,9277.0,15172.0,12529.5,9928.0,8556.0,41910.0,8358.0,21824.0,96.0,-0.0410498327472337,-0.2411141559981993,2014-10-06,81.5,0.0,81.5,0.0,0.0,1.0,0.0,173.70199584960938,25.26999855041504,3.43999981880188,0.878000020980835,1.1299999952316284,1.7699999809265137,1.319999933242798,2014-10-06,120.0,0.0,1.0,391.0,1.0,2014-10-06,243.884,500.0,20.0,2014-10-06,161.90001,2014-10-06,13975.5,9277.0,15172.0,12529.5,-0.0410498327472337,-0.2411141559981993,2014-10-06
-24.768889,31.39,02-04-2014,0.0,0.0,0.0,-1.0,-1.0,2014-02-04,44.947,148.9,26.0,253.0,0.0,0.0,0.0,0.0,0.0,2014-02-04,20670.0,12311.5,20569.0,17243.0,13351.0,10665.5,46797.5,9925.5,21824.0,96.0,0.0024491379519386,-0.2511366919602796,2014-02-04,102.5,50.900001525878906,51.60000228881836,2.6,51.400000000000006,14.300000190734863,0.0,188.99615478515625,28.760000228881836,16.190000534057617,1.91100013256073,1.0,1.6299999952316284,0.8999999761581421,2014-02-04,120.0,0.0,1.0,242.0,1.0,2014-02-04,44.947,148.9,26.0,2014-02-04,134.1,2014-02-04,20670.0,12311.5,20569.0,17243.0,0.0024491379519386,-0.2511366919602796,2014-02-04
-24.768889,31.39,11-06-2014,0.0,0.0,0.0,-1.0,-1.0,2014-11-06,41.814,138.4,20.0,253.0,0.0,0.0,0.0,0.0,0.0,2014-11-06,18352.0,11623.0,18958.0,16346.5,12671.5,9754.5,43252.0,9089.0,21824.0,160.0,-0.0162422942910747,-0.2398548118112546,2014-11-06,75.20000457763672,1.7000000476837158,73.5,0.0,0.5,11.40000057220459,0.0,159.49615478515625,26.61999893188477,9.139999389648438,1.2540000677108765,1.079999923706055,1.4800000190734863,-1.1299999952316284,2014-11-06,120.0,0.0,1.0,242.0,1.0,2014-11-06,41.814,138.4,20.0,2014-11-06,134.1,2014-11-06,18352.0,11623.0,18958.0,16346.5,-0.0162422942910747,-0.2398548118112546,2014-11-06
-24.768889,31.39,12-05-2015,0.0,0.0,0.0,-1.0,-1.0,2015-12-05,45.655,160.1,20.0,253.0,0.0,0.0,0.0,0.0,0.0,2015-12-05,18564.5,11479.0,18582.5,15359.0,12270.5,9993.0,44650.0,9382.5,21824.0,160.0,-0.0004845613373892,-0.2362989205462128,2015-12-05,83.0999984741211,4.200000286102295,78.9000015258789,0.1,1.2000000000000002,16.899999618530273,0.0,177.69915771484375,29.799999237060547,12.989999771118164,1.558000087738037,1.2999999523162842,0.8700000047683716,-1.7599999904632568,2015-12-05,120.0,0.0,1.0,242.0,1.0,2015-12-05,45.655,160.1,20.0,2015-12-05,166.0,2015-12-05,18564.5,11479.0,18582.5,15359.0,-0.0004845613373892,-0.2362989205462128,2015-12-05
-24.768889,31.39,12-08-2015,0.0,0.0,0.0,-1.0,-1.0,2015-12-08,62.252,214.6,20.0,253.0,0.0,0.0,0.0,0.0,0.0,2015-12-08,18471.0,12220.0,20416.5,17535.5,13703.5,10432.5,43661.5,9871.0,21824.0,96.0,-0.0500289296046286,-0.2511451902011544,2015-12-08,85.70000457763672,2.0,83.70000457763672,0.0,0.7000000000000001,11.600000381469728,0.0,189.69627380371097,28.510000228881836,11.420000076293944,1.4010000228881836,1.2300000190734863,0.8399999737739563,-1.6699999570846558,2015-12-08,120.0,0.0,1.0,242.0,1.0,2015-12-08,62.252,214.6,20.0,2015-12-08,166.0,2015-12-08,18471.0,12220.0,20416.5,17535.5,-0.0500289296046286,-0.2511451902011544,2015-12-08
-24.69514,27.40906,01-07-2014,0.0,0.0,0.0,-1.0,-1.0,2014-01-07,172.52,746.0,25.0,253.0,0.0,0.0,0.0,0.0,0.0,2014-01-07,13104.0,10109.0,12064.5,10534.5,10994.0,8927.5,42319.5,8348.0,21824.0,160.0,0.041301627033792,-0.0881908584571669,2014-01-07,83.80000305175781,0.1000000014901161,83.70000457763672,0.0,0.0,3.1000001430511475,0.0,188.99615478515625,22.020000457763672,2.309999942779541,0.7190000414848328,0.9699999690055848,1.919999957084656,-1.3399999141693115,2014-01-07,20.0,0.0,1.0,335.0,1.0,2014-01-07,172.52,746.0,25.0,2014-01-07,178.1,2014-01-07,13104.0,10109.0,12064.5,10534.5,0.041301627033792,-0.0881908584571669,2014-01-07
-24.69514,27.40906,02-07-2013,0.0,0.0,0.0,-1.0,-1.0,2013-02-07,202.536,885.0,40.0,253.0,0.0,0.0,0.0,0.0,0.0,2013-02-07,13572.5,9576.0,12274.5,10504.0,10075.5,8293.0,42721.0,7739.0,21824.0,209.0,0.0502185940341236,-0.1234983181162897,2013-02-07,87.30000305175781,0.1000000014901161,87.20000457763672,0.0,0.0,2.700000047683716,0.0,182.80029296875,22.59000015258789,2.90999984741211,0.7580000162124634,1.0,2.180000066757202,-2.569999933242798,2013-02-07,20.0,0.0,1.0,335.0,1.0,2013-02-07,202.536,885.0,40.0,2013-02-07,172.7,2013-02-07,13572.5,9576.0,12274.5,10504.0,0.0502185940341236,-0.1234983181162897,2013-02-07
-24.69514,27.40906,03-06-2014,0.0,0.0,0.0,-1.0,-1.0,2014-03-06,196.768,824.0,25.0,253.0,0.0,0.0,0.0,0.0,0.0,2014-03-06,13299.5,9751.0,11133.5,9763.0,9997.0,8846.5,43376.0,8418.5,21824.0,96.0,0.0886505955060774,-0.0661974191385953,2014-03-06,79.4000015258789,0.1000000014901161,79.30000305175781,0.0,0.0,3.200000047683716,0.0,175.5983123779297,23.489999771118164,2.919999837875366,0.8290000557899475,1.0,1.8399999141693115,0.5600000023841858,2014-03-06,20.0,0.0,1.0,335.0,1.0,2014-03-06,196.768,824.0,25.0,2014-03-06,178.1,2014-03-06,13299.5,9751.0,11133.5,9763.0,0.0886505955060774,-0.0661974191385953,2014-03-06
-24.69514,27.40906,04-06-2013,0.0,0.0,0.0,-1.0,-1.0,2013-04-06,194.232,793.0,113.0,253.0,0.0,0.0,0.0,0.0,0.0,2013-04-06,14162.0,9867.5,11846.5,9876.0,10112.0,8459.5,44013.0,7950.5,21824.0,160.0,0.0890285868081585,-0.0911393570968035,2013-04-06,76.30000305175781,0.1000000014901161,76.20000457763672,0.0,0.0,2.799999952316284,0.0,176.89703369140625,22.53999900817871,3.889999866485596,0.9110000729560852,0.8700000047683716,1.919999957084656,-2.5199999809265137,2013-04-06,20.0,0.0,1.0,335.0,1.0,2013-04-06,194.232,793.0,113.0,2013-04-06,172.7,2013-04-06,14162.0,9867.5,11846.5,9876.0,0.0890285868081585,-0.0911393570968035,2013-04-06
-24.69514,27.40906,05-05-2015,0.0,0.0,0.0,-1.0,-1.0,2015-05-05,237.203,1010.0,161.0,253.0,0.0,0.0,0.0,0.0,0.0,2015-05-05,13817.0,9619.5,11814.5,10305.5,9641.0,8518.0,44619.0,8040.5,21824.0,96.0,0.078126524003667,-0.1024073901278338,2015-05-05,96.9000015258789,0.1000000014901161,96.8000030517578,0.0,0.0,2.299999952316284,0.0,198.49850463867188,27.779998779296875,7.819999694824219,1.158000111579895,1.25,1.4800000190734863,-2.549999952316284,2015-05-05,20.0,0.0,1.0,335.0,1.0,2015-05-05,237.203,1010.0,161.0,2015-05-05,210.1,2015-05-05,13817.0,9619.5,11814.5,10305.5,0.078126524003667,-0.1024073901278338,2015-05-05
-24.69514,27.40906,05-11-2013,0.0,0.0,0.0,-1.0,-1.0,2013-05-11,204.648,812.0,128.0,253.0,0.0,0.0,0.0,0.0,0.0,2013-05-11,14000.0,10032.5,13008.0,11009.0,10106.5,8866.5,47771.0,8396.0,21824.0,96.0,0.036729857819905,-0.1291421627134822,2013-05-11,198.0,85.5999984741211,112.4000015258789,4.5,90.0,2.4000000953674316,0.0,293.8966064453125,33.189998626708984,17.34000015258789,1.6320000886917114,1.919999957084656,3.240000009536743,-2.75,2013-05-11,20.0,0.0,1.0,335.0,1.0,2013-05-11,204.648,812.0,128.0,2013-05-11,180.3,2013-05-11,14000.0,10032.5,13008.0,11009.0,0.036729857819905,-0.1291421627134822,2013-05-11
-24.69514,27.40906,06-05-2014,0.0,0.0,0.0,-1.0,-1.0,2014-06-05,166.662,713.0,51.0,253.0,0.0,0.0,0.0,0.0,0.0,2014-06-05,13360.0,9576.5,11450.0,9804.0,9607.0,8502.5,43941.0,8250.0,21824.0,96.0,0.0769850866586051,-0.089101847668418,2014-06-05,96.0,1.5,94.5,0.1,1.4,3.4000000953674316,0.0,192.79702758789065,25.989999771118164,7.279999732971191,1.0840001106262207,1.1100000143051147,1.7599999904632568,1.149999976158142,2014-06-05,20.0,0.0,1.0,335.0,1.0,2014-06-05,166.662,713.0,51.0,2014-06-05,178.1,2014-06-05,13360.0,9576.5,11450.0,9804.0,0.0769850866586051,-0.089101847668418,2014-06-05
-24.69514,27.40906,06-10-2015,0.0,0.0,0.0,-1.0,-1.0,2015-06-10,203.171,876.0,145.0,253.0,0.0,0.0,0.0,0.0,0.0,2015-06-10,14371.0,10011.0,13373.0,11241.5,10087.0,8565.5,47868.0,7965.0,21824.0,224.0,0.0359717416378314,-0.1437735203557982,2015-06-10,202.0,15.699999809265137,186.3000030517578,0.8,16.5,2.0,0.0,292.69873046875,34.95000076293945,17.10999870300293,1.4270000457763672,2.369999885559082,2.879999876022339,-1.5999999046325684,2015-06-10,20.0,0.0,1.0,335.0,1.0,2015-06-10,203.171,876.0,145.0,2015-06-10,210.1,2015-06-10,14371.0,10011.0,13373.0,11241.5,0.0359717416378314,-0.1437735203557982,2015-06-10
-24.69514,27.40906,07-04-2015,0.0,0.0,0.0,-1.0,-1.0,2015-07-04,229.422,980.0,185.0,253.0,0.0,0.0,0.0,0.0,0.0,2015-07-04,13817.0,9619.5,11814.5,10305.5,9641.0,8518.0,44619.0,8040.5,21824.0,96.0,0.078126524003667,-0.1024073901278338,2015-07-04,117.0999984741211,49.10000228881836,68.0,2.6,51.6,2.299999952316284,0.0,195.59703063964844,28.959999084472656,13.710000038146973,1.4920001029968262,1.2999999523162842,2.0999999046325684,-2.2300000190734863,2015-07-04,20.0,0.0,1.0,335.0,1.0,2015-07-04,229.422,980.0,185.0,2015-07-04,210.1,2015-07-04,13817.0,9619.5,11814.5,10305.5,0.078126524003667,-0.1024073901278338,2015-07-04
-24.69514,27.40906,07-10-2014,0.0,0.0,0.0,-1.0,-1.0,2014-07-10,190.583,869.0,67.0,253.0,0.0,0.0,0.0,0.0,0.0,2014-07-10,14332.0,10099.5,12953.0,11071.5,10600.0,8750.0,46265.5,8228.5,21824.0,160.0,0.0505405900678026,-0.1237826699924081,2014-07-10,199.90000915527344,9.199999809265137,190.6999969482422,0.5,9.6,2.799999952316284,0.0,289.698486328125,32.57999801635742,16.28999900817871,1.2620000839233398,2.1399998664855957,3.119999885559082,-2.3499999046325684,2014-07-10,20.0,0.0,1.0,335.0,1.0,2014-07-10,190.583,869.0,67.0,2014-07-10,187.0,2014-07-10,14332.0,10099.5,12953.0,11071.5,0.0505405900678026,-0.1237826699924081,2014-07-10
-24.69514,27.40906,09-09-2014,0.0,0.0,0.0,-1.0,-1.0,2014-09-09,191.322,1044.0,50.0,253.0,0.0,0.0,0.0,0.0,0.0,2014-09-09,13467.0,10194.5,13118.5,11372.5,10743.5,9021.5,44174.5,8558.0,21824.0,96.0,0.0131086494517687,-0.1254235834083982,2014-09-09,158.40000915527344,0.5,157.90000915527344,0.0,0.4,2.9000000953674316,0.0,267.50341796875,30.88999938964844,12.389999389648438,0.9780000448226928,1.9900000095367432,2.609999895095825,-1.4299999475479126,2014-09-09,20.0,0.0,1.0,335.0,1.0,2014-09-09,191.322,1044.0,50.0,2014-09-09,187.0,2014-09-09,13467.0,10194.5,13118.5,11372.5,0.0131086494517687,-0.1254235834083982,2014-09-09
-24.69514,27.40906,11-02-2014,0.0,0.0,0.0,-1.0,-1.0,2014-11-02,102.297,444.55,104.0,253.0,0.0,0.0,0.0,0.0,0.0,2014-11-02,16754.5,10581.5,13605.0,11000.5,10323.5,8962.5,43360.5,8478.5,21824.0,224.0,0.1037401801742449,-0.1250077522584908,2014-11-02,149.3000030517578,149.3000030517578,0.0,7.9,158.8,3.799999952316284,0.0,261.30328369140625,31.81999969482422,19.88999938964844,2.0240001678466797,1.5099999904632568,2.049999952316284,2.2200000286102295,2014-11-02,20.0,0.0,1.0,335.0,1.0,2014-11-02,102.297,444.55,104.0,2014-11-02,178.1,2014-11-02,16754.5,10581.5,13605.0,11000.5,0.1037401801742449,-0.1250077522584908,2014-11-02
-24.679167,30.8025,05-11-2013,0.0,0.0,0.0,-1.0,-1.0,2013-05-11,73.413,167.1,11.0,253.0,0.0,0.0,0.0,0.0,0.0,2013-05-11,14839.5,9964.0,16399.5,14340.0,10654.0,8851.0,48657.0,8643.5,21824.0,96.0,-0.0499375780274655,-0.2441064350332837,2013-05-11,137.60000610351562,137.60000610351562,0.0,8.3,166.20000000000002,35.5,0.0,250.29910278320312,27.010000228881836,13.81999969482422,1.6440000534057615,0.9399999976158142,2.509999990463257,-1.1299999952316284,2013-05-11,120.0,0.0,1.0,316.0,1.0,2013-05-11,73.413,167.1,11.0,2013-05-11,140.1,2013-05-11,14839.5,9964.0,16399.5,14340.0,-0.0499375780274655,-0.2441064350332837,2013-05-11
-24.679167,30.8025,06-10-2015,0.0,0.0,0.0,-1.0,-1.0,2015-06-10,89.289,206.2,22.0,253.0,0.0,0.0,0.0,0.0,0.0,2015-06-10,13482.0,9648.5,16069.0,14582.5,10592.0,8609.0,47195.0,8353.5,21824.0,96.0,-0.0875435687455582,-0.2496549042480791,2015-06-10,144.6999969482422,53.10000228881836,91.5999984741211,2.7,53.900000000000006,14.100000381469728,0.0,263.6024475097656,28.149999618530273,13.469999313354492,1.593000054359436,1.100000023841858,2.2699999809265137,-1.8399999141693115,2015-06-10,120.0,0.0,1.0,316.0,1.0,2015-06-10,89.289,206.2,22.0,2015-06-10,162.7,2015-06-10,13482.0,9648.5,16069.0,14582.5,-0.0875435687455582,-0.2496549042480791,2015-06-10
-24.679167,30.8025,12-04-2013,0.0,0.0,0.0,-1.0,-1.0,2013-12-04,53.49,148.5,10.0,253.0,0.0,0.0,0.0,0.0,0.0,2013-12-04,15212.0,9572.0,15027.5,12244.5,10022.5,8502.0,45499.5,8187.5,21824.0,96.0,0.0061012913573306,-0.221772800260167,2013-12-04,91.4000015258789,91.4000015258789,0.0,7.0,139.5,85.20000457763672,0.0,198.20318603515625,23.920000076293945,10.1899995803833,1.5120000839233398,0.5999999642372131,1.7300000190734863,1.5199999809265137,2013-12-04,120.0,0.0,1.0,316.0,1.0,2013-12-04,53.49,148.5,10.0,2013-12-04,127.5,2013-12-04,15212.0,9572.0,15027.5,12244.5,0.0061012913573306,-0.221772800260167,2013-12-04
-24.679167,30.8025,12-12-2013,0.0,0.0,0.0,-1.0,-1.0,2013-12-12,38.993,110.56,10.0,253.0,0.0,0.0,0.0,0.0,0.0,2013-12-12,14839.5,9964.0,16399.5,14340.0,10654.0,8851.0,48657.0,8643.5,21824.0,96.0,-0.0499375780274655,-0.2441064350332837,2013-12-12,127.5,127.5,0.0,10.6,211.7,109.0999984741211,0.0,221.50376892089844,25.709999084472656,15.589999198913574,1.7620000839233398,0.7799999713897705,2.2699999809265137,1.5099999904632568,2013-12-12,120.0,0.0,1.0,316.0,1.0,2013-12-12,38.993,110.56,10.0,2013-12-12,140.1,2013-12-12,14839.5,9964.0,16399.5,14340.0,-0.0499375780274655,-0.2441064350332837,2013-12-12
-24.670833,28.560833,03-06-2015,0.0,0.0,0.0,-1.0,-1.0,2015-03-06,12.844,59.2,20.0,253.0,0.0,0.0,0.0,0.0,0.0,2015-03-06,14509.0,9338.5,15266.5,12588.5,9913.5,8529.0,44295.5,8234.0,21824.0,96.0,-0.0254403788349481,-0.2409266409266399,2015-03-06,78.80000305175781,6.0,72.80000305175781,0.3,5.0,8.5,0.0,170.79592895507812,22.61999893188477,3.419999837875366,0.8670000433921814,0.8999999761581421,1.9799998998641968,1.2699999809265137,2015-03-06,120.0,0.0,1.0,358.0,1.0,2015-03-06,12.844,59.2,20.0,2015-03-06,187.5,2015-03-06,14509.0,9338.5,15266.5,12588.5,-0.0254403788349481,-0.2409266409266399,2015-03-06
-24.670833,28.560833,09-07-2013,0.0,0.0,0.0,-1.0,-1.0,2013-09-07,17.506,75.8,10.0,253.0,0.0,0.0,0.0,0.0,0.0,2013-09-07,13901.0,9462.0,15474.5,12466.5,10331.5,8517.0,43091.0,8086.5,21824.0,160.0,-0.0535650457013495,-0.2411124255609238,2013-09-07,82.70000457763672,0.1000000014901161,82.5999984741211,0.0,0.0,2.299999952316284,0.0,179.00363159179688,22.68000030517578,2.619999885559082,0.7730000615119934,0.9799999594688416,1.9399999380111697,-1.3600000143051147,2013-09-07,120.0,0.0,1.0,358.0,1.0,2013-09-07,17.506,75.8,10.0,2013-09-07,166.8,2013-09-07,13901.0,9462.0,15474.5,12466.5,-0.0535650457013495,-0.2411124255609238,2013-09-07
-24.670833,28.560833,09-12-2015,0.0,0.0,0.0,-1.0,-1.0,2015-09-12,18.659,69.5,20.0,253.0,0.0,0.0,0.0,0.0,0.0,2015-09-12,18052.0,10647.5,18587.5,15362.0,11374.5,9255.5,49295.0,8813.0,21824.0,160.0,-0.0146153741180965,-0.2715922695399341,2015-09-12,187.5,56.5,131.0,3.0,59.1,4.800000190734863,0.0,298.40386962890625,32.86000061035156,17.25,1.9340001344680784,1.559999942779541,2.4800000190734863,-3.129999876022339,2015-09-12,120.0,0.0,1.0,358.0,1.0,2015-09-12,18.659,69.5,20.0,2015-09-12,187.5,2015-09-12,18052.0,10647.5,18587.5,15362.0,-0.0146153741180965,-0.2715922695399341,2015-09-12
-24.670833,28.560833,12-03-2015,0.0,0.0,0.0,-1.0,-1.0,2015-12-03,10.0,55.3,20.0,253.0,0.0,0.0,0.0,0.0,0.0,2015-12-03,16411.5,9434.0,14810.0,12010.5,9550.0,8401.5,45568.5,8119.5,21824.0,96.0,0.051294780840126,-0.2217455865368742,2015-12-03,148.40000915527344,41.400001525878906,107.0,2.0,39.3,13.90000057220459,0.0,246.60108947753903,30.260000228881836,14.699999809265137,1.699000120162964,1.2999999523162842,2.25,1.899999976158142,2015-12-03,120.0,0.0,1.0,358.0,1.0,2015-12-03,10.0,55.3,20.0,2015-12-03,187.5,2015-12-03,16411.5,9434.0,14810.0,12010.5,0.051294780840126,-0.2217455865368742,2015-12-03
-24.670833,28.560833,12-11-2014,0.0,0.0,0.0,-1.0,-1.0,2014-12-11,10.0,61.4,20.0,253.0,0.0,0.0,0.0,0.0,0.0,2014-12-11,16524.5,10678.0,18903.5,16289.0,11678.5,9443.5,49987.0,8983.0,21824.0,160.0,-0.0671502766173646,-0.2780623024525454,2014-12-11,163.5,34.5,129.0,1.8,36.0,4.5,0.0,255.4989318847656,29.559999465942383,14.75999927520752,1.5510001182556152,1.3700000047683716,3.0899999141693115,-3.609999895095825,2014-12-11,120.0,0.0,1.0,358.0,1.0,2014-12-11,10.0,61.4,20.0,2014-12-11,172.2,2014-12-11,16524.5,10678.0,18903.5,16289.0,-0.0671502766173646,-0.2780623024525454,2014-12-11
-24.39619444,27.08983333,02-07-2014,0.0,0.0,0.0,-1.0,-1.0,2014-02-07,194.262,790.0,20.0,253.0,0.0,0.0,0.0,0.0,0.0,2014-02-07,12653.0,9289.5,11751.5,10354.0,9501.5,8148.0,42486.0,7708.0,21824.0,160.0,0.0369399086234094,-0.1170096478304257,2014-02-07,83.4000015258789,0.1000000014901161,83.30000305175781,0.0,0.0,2.200000047683716,0.0,188.3035888671875,22.68000030517578,2.359999895095825,0.7210000157356262,1.0299999713897705,1.7599999904632568,-1.1999999284744265,2014-02-07,120.0,0.0,1.0,318.0,1.0,2014-02-07,194.262,790.0,20.0,2014-02-07,175.2,2014-02-07,12653.0,9289.5,11751.5,10354.0,0.0369399086234094,-0.1170096478304257,2014-02-07
-24.39619444,27.08983333,03-07-2013,0.0,0.0,0.0,-1.0,-1.0,2013-03-07,202.063,838.0,15.0,253.0,0.0,0.0,0.0,0.0,0.0,2013-03-07,12494.5,9184.0,12342.0,10395.5,9280.0,8227.5,42637.5,7797.0,21824.0,160.0,0.006140156624323,-0.1467063086500039,2013-03-07,88.0,0.1000000014901161,87.9000015258789,0.0,0.0,3.0,0.0,182.39979553222656,23.28999900817871,2.9600000381469727,0.7610000371932983,1.0499999523162842,2.059999942779541,-2.319999933242798,2013-03-07,120.0,0.0,1.0,318.0,1.0,2013-03-07,202.063,838.0,15.0,2013-03-07,172.8,2013-03-07,12494.5,9184.0,12342.0,10395.5,0.006140156624323,-0.1467063086500039,2013-03-07
-24.39619444,27.08983333,04-06-2014,0.0,0.0,0.0,-1.0,-1.0,2014-04-06,180.188,741.0,20.0,253.0,0.0,0.0,0.0,0.0,0.0,2014-04-06,12401.0,9053.5,11105.0,9689.0,9142.5,8127.0,42788.5,7722.0,21824.0,160.0,0.0551348591848887,-0.10176848475829,2014-04-06,80.30000305175781,0.1000000014901161,80.20000457763672,0.0,0.0,2.200000047683716,0.0,175.4004364013672,24.01999855041504,3.15999984741211,0.8390000462532043,1.0499999523162842,1.7899999618530271,-1.1100000143051147,2014-04-06,120.0,0.0,1.0,318.0,1.0,2014-04-06,180.188,741.0,20.0,2014-04-06,175.2,2014-04-06,12401.0,9053.5,11105.0,9689.0,0.0551348591848887,-0.10176848475829,2014-04-06
-24.39619444,27.08983333,05-06-2013,0.0,0.0,0.0,-1.0,-1.0,2013-05-06,175.443,712.0,61.0,253.0,0.0,0.0,0.0,0.0,0.0,2013-05-06,12853.0,9440.0,11209.0,9929.5,9298.0,8372.5,43084.0,8000.5,21824.0,160.0,0.0683234976311193,-0.0856700082328437,2013-05-06,77.80000305175781,0.1000000014901161,77.70000457763672,0.0,0.0,3.1000001430511475,0.0,176.69680786132812,23.11999893188477,4.139999866485596,0.9170000553131104,0.9199999570846558,1.8700000047683716,-2.3299999237060547,2013-05-06,120.0,0.0,1.0,318.0,1.0,2013-05-06,175.443,712.0,61.0,2013-05-06,172.8,2013-05-06,12853.0,9440.0,11209.0,9929.5,0.0683234976311193,-0.0856700082328437,2013-05-06
-24.39619444,27.08983333,05-11-2013,0.0,0.0,0.0,-1.0,-1.0,2013-05-11,199.897,775.0,29.0,253.0,0.0,0.0,0.0,0.0,0.0,2013-05-11,13437.0,9652.0,13135.0,11238.0,9801.0,8624.5,47489.0,8209.0,21824.0,160.0,0.0113653469817852,-0.1528503093869304,2013-05-11,201.6999969482422,72.20000457763672,129.5,3.8,75.9,2.700000047683716,0.0,293.3038635253906,33.80999755859375,17.6299991607666,1.630000114440918,2.0299999713897705,3.2100000381469727,-2.549999952316284,2013-05-11,120.0,0.0,1.0,318.0,1.0,2013-05-11,199.897,775.0,29.0,2013-05-11,180.5,2013-05-11,13437.0,9652.0,13135.0,11238.0,0.0113653469817852,-0.1528503093869304,2013-05-11
-24.39619444,27.08983333,06-05-2015,0.0,0.0,0.0,-1.0,-1.0,2015-06-05,204.09,856.0,75.0,253.0,0.0,0.0,0.0,0.0,0.0,2015-06-05,13547.5,9301.0,11874.5,10097.0,9069.0,8245.5,44069.0,7869.5,21824.0,96.0,0.0658091416883012,-0.1215319591036805,2015-06-05,99.4000015258789,0.0,99.4000015258789,0.0,0.0,1.8000000715255735,0.0,198.7022705078125,28.399999618530273,8.0,1.1540000438690186,1.329999923706055,1.5199999809265137,-2.509999990463257,2015-06-05,120.0,0.0,1.0,318.0,1.0,2015-06-05,204.09,856.0,75.0,2015-06-05,208.8,2015-06-05,13547.5,9301.0,11874.5,10097.0,0.0658091416883012,-0.1215319591036805,2015-06-05
-24.39619444,27.08983333,08-05-2014,0.0,0.0,0.0,-1.0,-1.0,2014-08-05,184.092,718.0,20.0,253.0,0.0,0.0,0.0,0.0,0.0,2014-08-05,12109.5,9003.5,11599.0,10060.0,8946.5,8197.5,42931.0,7926.0,21824.0,96.0,0.0215323618111646,-0.1259798568134929,2014-08-05,98.0999984741211,1.2000000476837158,96.9000015258789,0.1,1.2000000000000002,2.299999952316284,0.0,192.79702758789065,26.599998474121097,7.389999866485596,1.0850000381469729,1.1799999475479126,1.75,0.7899999618530273,2014-08-05,120.0,0.0,1.0,318.0,1.0,2014-08-05,184.092,718.0,20.0,2014-08-05,175.2,2014-08-05,12109.5,9003.5,11599.0,10060.0,0.0215323618111646,-0.1259798568134929,2014-08-05
-24.39619444,27.08983333,09-09-2014,0.0,0.0,0.0,-1.0,-1.0,2014-09-09,169.554,950.0,20.0,253.0,0.0,0.0,0.0,0.0,0.0,2014-09-09,12754.0,9628.5,13080.5,11000.0,10157.0,8638.5,44263.5,8155.0,21824.0,96.0,-0.0126381389227582,-0.1520102162138352,2014-09-09,164.5,0.4000000059604645,164.10000610351562,0.0,0.4,2.1000001430511475,0.0,265.3020324707031,32.209999084472656,12.979999542236328,0.9720000624656676,2.200000047683716,2.669999837875366,-1.25,2014-09-09,120.0,0.0,1.0,318.0,1.0,2014-09-09,169.554,950.0,20.0,2014-09-09,187.90001,2014-09-09,12754.0,9628.5,13080.5,11000.0,-0.0126381389227582,-0.1520102162138352,2014-09-09
-24.39619444,27.08983333,10-04-2013,0.0,0.0,0.0,-1.0,-1.0,2013-10-04,191.984,837.0,66.0,253.0,0.0,0.0,0.0,0.0,0.0,2013-10-04,12821.5,9320.5,11592.5,10021.0,9390.0,8291.0,45466.5,7939.5,21824.0,160.0,0.0503399688703201,-0.1086405585042791,2013-10-04,118.70000457763672,97.5999984741211,21.100000381469727,5.1000000000000005,102.6,3.4000000953674316,0.0,204.2025451660156,29.920000076293945,11.75,1.4830000400543213,1.329999923706055,1.899999976158142,-1.819999933242798,2013-10-04,120.0,0.0,1.0,318.0,1.0,2013-10-04,191.984,837.0,66.0,2013-10-04,172.8,2013-10-04,12821.5,9320.5,11592.5,10021.0,0.0503399688703201,-0.1086405585042791,2013-10-04
-24.39619444,27.08983333,12-02-2014,0.0,0.0,0.0,-1.0,-1.0,2014-12-02,105.221,438.55,85.0,253.0,0.0,0.0,0.0,0.0,0.0,2014-12-02,14681.0,9701.0,12446.5,10292.5,9490.0,8348.0,45129.5,7771.0,21824.0,224.0,0.0823702884526768,-0.1239643300598256,2014-12-02,150.5,135.8000030517578,14.699999809265137,7.1000000000000005,142.9,2.5,0.0,258.2032470703125,32.30999755859375,20.03999900817871,2.0210001468658447,1.5899999141693115,2.0799999237060547,2.0399999618530273,2014-12-02,120.0,0.0,1.0,318.0,1.0,2014-12-02,105.221,438.55,85.0,2014-12-02,175.2,2014-12-02,14681.0,9701.0,12446.5,10292.5,0.0823702884526768,-0.1239643300598256,2014-12-02
-24.39619444,27.08983333,12-06-2013,0.0,0.0,0.0,-1.0,-1.0,2013-12-06,196.196,797.0,43.0,253.0,0.0,0.0,0.0,0.0,0.0,2013-12-06,12511.5,9177.0,12011.5,10190.5,9089.0,8310.5,42277.5,7916.5,21824.0,96.0,0.0203890225502588,-0.1337753970314079,2013-12-06,77.80000305175781,0.1000000014901161,77.70000457763672,0.0,0.0,3.1000001430511475,0.0,176.69680786132812,23.11999893188477,4.139999866485596,0.9170000553131104,0.9199999570846558,1.8700000047683716,-2.3299999237060547,2013-12-06,120.0,0.0,1.0,318.0,1.0,2013-12-06,196.196,797.0,43.0,2013-12-06,172.8,2013-12-06,12511.5,9177.0,12011.5,10190.5,0.0203890225502588,-0.1337753970314079,2013-12-06
-24.282222,28.090278,10-06-2015,0.0,0.0,0.0,-1.0,-1.0,2015-10-06,27.933,94.0,20.0,253.0,0.0,0.0,0.0,0.0,0.0,2015-10-06,13544.5,9018.5,14004.5,11162.0,9408.0,8293.0,42896.0,8024.5,21824.0,160.0,-0.0166975207811535,-0.2165660426529982,2015-10-06,81.0,7.300000190734863,73.70000457763672,0.3,6.4,8.40000057220459,0.0,171.09747314453125,22.809999465942383,2.200000047683716,0.8790000677108765,0.8700000047683716,2.1499998569488525,-1.309999942779541,2015-10-06,11.0,0.0,1.0,325.0,1.0,2015-10-06,27.933,94.0,20.0,2015-10-06,187.3,2015-10-06,13544.5,9018.5,14004.5,11162.0,-0.0166975207811535,-0.2165660426529982,2015-10-06
-24.282222,28.090278,10-09-2015,0.0,0.0,0.0,-1.0,-1.0,2015-10-09,29.915,104.7,20.0,253.0,0.0,0.0,0.0,0.0,0.0,2015-10-09,13349.5,9646.0,16085.5,13173.0,10208.0,8889.5,45980.5,8456.5,21824.0,160.0,-0.0929505690504498,-0.2502574665293502,2015-10-09,142.90000915527344,18.30000114440918,124.5999984741211,0.9,18.6,6.099999904632568,0.0,237.89666748046875,28.309999465942383,10.130000114440918,0.9850000739097596,1.569999933242798,2.75,0.3400000035762787,2015-10-09,11.0,0.0,1.0,325.0,1.0,2015-10-09,29.915,104.7,20.0,2015-10-09,187.3,2015-10-09,13349.5,9646.0,16085.5,13173.0,-0.0929505690504498,-0.2502574665293502,2015-10-09
-24.282222,28.090278,11-07-2013,0.0,0.0,0.0,-1.0,-1.0,2013-11-07,26.078,89.26,10.0,253.0,0.0,0.0,0.0,0.0,0.0,2013-11-07,13656.0,9303.5,14933.5,11852.5,9933.5,8557.5,42910.0,8105.0,21824.0,160.0,-0.0446842372199582,-0.2322894747699788,2013-11-07,84.0,0.1000000014901161,83.9000015258789,0.0,0.0,2.299999952316284,0.0,179.90072631835938,23.06999969482422,1.399999976158142,0.76500004529953,0.9899999499320984,1.9499999284744265,-1.909999966621399,2013-11-07,11.0,0.0,1.0,325.0,1.0,2013-11-07,26.078,89.26,10.0,2013-11-07,162.40001,2013-11-07,13656.0,9303.5,14933.5,11852.5,-0.0446842372199582,-0.2322894747699788,2013-11-07
-24.183889,30.823889,08-10-2015,0.0,0.0,0.0,-1.0,-1.0,2015-08-10,169.069,543.0,22.0,253.0,0.0,0.0,0.0,0.0,0.0,2015-08-10,14417.5,9729.5,14600.0,12324.5,10327.0,8528.5,47902.5,8198.5,21824.0,160.0,-0.0062893081761006,-0.2001890708810283,2015-08-10,154.40000915527344,23.30000114440918,131.10000610351562,1.2000000000000002,23.9,7.0,0.0,260.4972229003906,32.09000015258789,18.84000015258789,1.942000150680542,1.5499999523162842,1.8899999856948853,-1.0399999618530271,2015-08-10,120.0,1.0,1.0,272.0,1.0,2015-08-10,169.069,543.0,22.0,2015-08-10,173.7,2015-08-10,14417.5,9729.5,14600.0,12324.5,-0.0062893081761006,-0.2001890708810283,2015-08-10
-24.183889,30.823889,09-04-2013,0.0,0.0,0.0,-1.0,-1.0,2013-09-04,101.605,304.1,10.0,253.0,0.0,0.0,0.0,0.0,0.0,2013-09-04,16247.0,9048.0,12468.5,10026.5,8963.0,8043.5,46207.0,7753.0,21824.0,160.0,0.1315839877418114,-0.1589710222387463,2013-09-04,105.9000015258789,76.5999984741211,29.30000114440918,4.0,80.5,3.0,0.0,196.60122680664065,29.579999923706055,15.649999618530272,1.9060001373291016,1.069999933242798,1.5499999523162842,-0.7899999618530273,2013-09-04,120.0,1.0,1.0,272.0,1.0,2013-09-04,101.605,304.1,10.0,2013-09-04,137.6,2013-09-04,16247.0,9048.0,12468.5,10026.5,0.1315839877418114,-0.1589710222387463,2013-09-04
-24.183889,30.823889,11-03-2014,0.0,0.0,0.0,-1.0,-1.0,2014-11-03,118.376,378.1,10.0,253.0,0.0,0.0,0.0,0.0,0.0,2014-11-03,13786.5,9489.0,11620.5,9874.0,9299.0,8385.5,45594.0,8077.5,21824.0,224.0,0.0852520958790881,-0.1009734953456969,2014-11-03,114.70000457763672,97.5999984741211,17.100000381469727,5.1000000000000005,102.6,2.200000047683716,0.0,189.7958984375,29.920000076293945,20.059999465942383,2.2220001220703125,1.079999923706055,1.3899999856948853,1.0399999618530271,2014-11-03,120.0,1.0,1.0,272.0,1.0,2014-11-03,118.376,378.1,10.0,2014-11-03,139.7,2014-11-03,13786.5,9489.0,11620.5,9874.0,0.0852520958790881,-0.1009734953456969,2014-11-03
-24.183889,30.823889,11-12-2013,0.0,0.0,0.0,-1.0,-1.0,2013-11-12,115.184,307.27,14.0,253.0,0.0,0.0,0.0,0.0,0.0,2013-11-12,15520.0,10324.0,14671.5,12173.0,11048.0,9120.5,48177.0,8665.0,21824.0,160.0,0.0281039365384296,-0.1739313076353736,2013-11-12,137.60000610351562,131.5,6.099999904632568,6.9,138.4,2.4000000953674316,0.0,219.100830078125,30.63999938964844,19.729999542236328,2.1510000228881836,1.2200000286102295,1.71999990940094,1.9399999380111697,2013-11-12,120.0,1.0,1.0,272.0,1.0,2013-11-12,115.184,307.27,14.0,2013-11-12,154.90001,2013-11-12,15520.0,10324.0,14671.5,12173.0,0.0281039365384296,-0.1739313076353736,2013-11-12
-24.058889,31.237222,02-10-2013,0.0,0.0,0.0,-1.0,-1.0,2013-02-10,192.587,509.28,27.0,253.0,0.0,0.0,0.0,0.0,0.0,2013-02-10,14548.5,10114.5,17165.5,14654.5,11477.5,8973.0,49300.0,8670.0,21824.0,96.0,-0.0825187614302829,-0.2584677419354829,2013-02-10,140.90000915527344,33.60000228881836,107.3000030517578,1.8,35.4,1.100000023841858,0.0,243.8031311035156,29.510000228881836,16.579999923706055,1.7750000953674316,1.25,1.7599999904632568,-1.6899999380111694,2013-02-10,210.0,0.0,1.0,96.0,1.0,2013-02-10,192.587,509.28,27.0,2013-02-10,152.3,2013-02-10,14548.5,10114.5,17165.5,14654.5,-0.0825187614302829,-0.2584677419354829,2013-02-10
-24.058889,31.237222,05-08-2014,0.0,0.0,0.0,-1.0,-1.0,2014-05-08,188.044,596.0,20.0,253.0,0.0,0.0,0.0,0.0,0.0,2014-05-08,13680.0,9543.0,14204.0,12073.0,10270.0,8610.0,44365.5,8295.5,21824.0,96.0,-0.0187921388609954,-0.1962774245167802,2014-05-08,98.9000015258789,0.9000000357627869,98.0,0.0,0.9,1.0,0.0,198.60137939453125,28.299999237060547,11.969999313354492,1.3840000629425049,1.25,1.46999990940094,-1.25,2014-05-08,210.0,0.0,1.0,96.0,1.0,2014-05-08,188.044,596.0,20.0,2014-05-08,157.6,2014-05-08,13680.0,9543.0,14204.0,12073.0,-0.0187921388609954,-0.1962774245167802,2014-05-08
-24.058889,31.237222,06-09-2013,0.0,0.0,0.0,-1.0,-1.0,2013-06-09,207.203,632.0,38.0,253.0,0.0,0.0,0.0,0.0,0.0,2013-06-09,13750.0,9762.0,15569.0,13361.5,10752.5,8751.0,45893.5,8366.0,21824.0,113.0,-0.0620416794570071,-0.2292447988630523,2013-06-09,131.8000030517578,9.100000381469728,122.70000457763672,0.5,9.6,1.100000023841858,0.0,228.80072021484375,31.920000076293945,14.289999961853027,1.616000056266785,1.579999923706055,1.9799998998641968,-1.8899999856948853,2013-06-09,210.0,0.0,1.0,96.0,1.0,2013-06-09,207.203,632.0,38.0,2013-06-09,152.3,2013-06-09,13750.0,9762.0,15569.0,13361.5,-0.0620416794570071,-0.2292447988630523,2013-06-09
-24.058889,31.237222,07-08-2015,0.0,0.0,0.0,-1.0,-1.0,2015-07-08,178.602,570.0,20.0,253.0,0.0,0.0,0.0,0.0,0.0,2015-07-08,13846.0,9637.5,14752.5,12912.0,10563.0,8717.5,44439.0,8468.0,21824.0,96.0,-0.0316974666503486,-0.2097170971709708,2015-07-08,95.5999984741211,1.3000000715255735,94.3000030517578,0.0,0.3,9.600000381469728,0.0,197.7975921630859,29.56999969482422,12.210000038146973,1.433000087738037,1.3600000143051147,1.100000023841858,-1.0199999809265137,2015-07-08,210.0,0.0,1.0,96.0,1.0,2015-07-08,178.602,570.0,20.0,2015-07-08,174.1,2015-07-08,13846.0,9637.5,14752.5,12912.0,-0.0316974666503486,-0.2097170971709708,2015-07-08
-24.058889,31.237222,07-10-2015,0.0,0.0,0.0,-1.0,-1.0,2015-07-10,192.312,625.0,20.0,253.0,0.0,0.0,0.0,0.0,0.0,2015-07-10,15737.5,10281.0,17187.5,14314.5,10983.5,9108.0,49775.0,8716.0,21824.0,160.0,-0.0440394836750188,-0.2514334601452564,2015-07-10,149.10000610351562,26.5,122.5999984741211,1.4,27.1,8.0,0.0,258.8997802734375,31.279998779296875,19.219999313354492,2.0160000324249268,1.399999976158142,1.7599999904632568,-1.069999933242798,2015-07-10,210.0,0.0,1.0,96.0,1.0,2015-07-10,192.312,625.0,20.0,2015-07-10,174.1,2015-07-10,15737.5,10281.0,17187.5,14314.5,-0.0440394836750188,-0.2514334601452564,2015-07-10
-24.058889,31.237222,07-11-2013,0.0,0.0,0.0,-1.0,-1.0,2013-07-11,154.997,515.0,183.0,253.0,0.0,0.0,0.0,0.0,0.0,2013-07-11,15784.5,10119.0,16717.0,14015.0,10932.5,8918.5,49769.5,8496.0,21824.0,160.0,-0.0286909834930694,-0.245863765091667,2013-07-11,144.8000030517578,84.80000305175781,60.0,4.5,89.30000000000001,1.0,0.0,240.79945373535156,31.239999771118164,19.049999237060547,2.071000099182129,1.329999923706055,2.059999942779541,-0.9099999666213988,2013-07-11,210.0,0.0,1.0,96.0,1.0,2013-07-11,154.997,515.0,183.0,2013-07-11,152.3,2013-07-11,15784.5,10119.0,16717.0,14015.0,-0.0286909834930694,-0.245863765091667,2013-07-11
-24.058889,31.237222,11-02-2013,0.0,0.0,0.0,-1.0,-1.0,2013-11-02,94.882,309.8,118.0,253.0,0.0,0.0,0.0,0.0,0.0,2013-11-02,16436.5,9407.0,13858.5,11080.0,9458.0,8396.0,46794.5,8023.0,21824.0,160.0,0.0850965505859049,-0.191334809052029,2013-11-02,145.0,27.80000114440918,117.20000457763672,1.5,29.200000000000003,1.2000000476837158,0.0,277.7007141113281,33.689998626708984,19.579999923706055,2.374000072479248,1.399999976158142,1.1899999380111694,1.2899999618530271,2013-11-02,210.0,0.0,1.0,96.0,1.0,2013-11-02,94.882,309.8,118.0,2013-11-02,137.6,2013-11-02,16436.5,9407.0,13858.5,11080.0,0.0850965505859049,-0.191334809052029,2013-11-02
-24.058889,31.237222,11-05-2015,0.0,0.0,0.0,-1.0,-1.0,2015-11-05,140.954,433.0,20.0,253.0,0.0,0.0,0.0,0.0,0.0,2015-11-05,15178.0,9285.5,13192.0,10732.5,9352.0,8291.0,44604.5,7938.0,21824.0,224.0,0.0700035248501936,-0.1737960182404619,2015-11-05,85.30000305175781,2.9000000953674316,82.4000015258789,0.0,0.7000000000000001,13.600000381469728,0.0,182.1980743408203,30.31999969482422,13.199999809265137,1.6090000867843628,1.319999933242798,0.8499999642372131,-1.2799999713897705,2015-11-05,210.0,0.0,1.0,96.0,1.0,2015-11-05,140.954,433.0,20.0,2015-11-05,174.1,2015-11-05,15178.0,9285.5,13192.0,10732.5,0.0700035248501936,-0.1737960182404619,2015-11-05
-24.058889,31.237222,11-12-2013,0.0,0.0,0.0,-1.0,-1.0,2013-11-12,141.176,379.0,28.0,253.0,0.0,0.0,0.0,0.0,0.0,2013-11-12,16604.0,10327.0,17431.0,14679.5,11073.5,9175.5,50544.0,8813.5,21824.0,98.0,-0.0242985162332891,-0.2559262194682605,2013-11-12,137.60000610351562,106.0999984741211,31.5,5.6000000000000005,111.7,1.0,0.0,216.2012634277344,31.349998474121097,20.43000030517578,2.2080001831054688,1.2999999523162842,1.6299999952316284,1.3600000143051147,2013-11-12,210.0,0.0,1.0,96.0,1.0,2013-11-12,141.176,379.0,28.0,2013-11-12,152.3,2013-11-12,16604.0,10327.0,17431.0,14679.5,-0.0242985162332891,-0.2559262194682605,2013-11-12
-24.058889,31.237222,12-06-2013,0.0,0.0,0.0,-1.0,-1.0,2013-12-06,157.777,463.0,13.0,253.0,0.0,0.0,0.0,0.0,0.0,2013-12-06,13913.0,9262.0,12626.5,10836.5,9532.0,8431.0,43435.5,8177.0,21824.0,96.0,0.0484749147497125,-0.1537108527308854,2013-12-06,74.0,0.2000000029802322,73.80000305175781,0.0,0.2,1.100000023841858,0.0,164.001220703125,26.6299991607666,10.130000114440918,1.3410000801086426,1.0299999713897705,1.3700000047683716,-1.4499999284744265,2013-12-06,210.0,0.0,1.0,96.0,1.0,2013-12-06,157.777,463.0,13.0,2013-12-06,137.6,2013-12-06,13913.0,9262.0,12626.5,10836.5,0.0484749147497125,-0.1537108527308854,2013-12-06
-24.058889,31.237222,12-11-2014,0.0,0.0,0.0,-1.0,-1.0,2014-12-11,185.374,612.0,20.0,253.0,0.0,0.0,0.0,0.0,0.0,2014-12-11,25614.5,23410.0,24790.5,22974.5,23944.0,22236.5,32999.0,22481.0,55052.0,160.0,0.0163475845650232,-0.0286407817346292,2014-12-11,145.8000030517578,19.100000381469727,126.70000457763672,1.0,20.1,0.9000000357627869,0.0,239.0999755859375,31.189998626708984,18.60999870300293,2.0450000762939453,1.309999942779541,2.169999837875366,-3.1999998092651367,2014-12-11,210.0,0.0,1.0,96.0,1.0,2014-12-11,185.374,612.0,20.0,2014-12-11,157.6,2014-12-11,25614.5,23410.0,24790.5,22974.5,0.0163475845650232,-0.0286407817346292,2014-12-11
-23.838611,31.640833,07-08-2015,0.0,0.0,0.0,-1.0,-1.0,2015-07-08,184.198,539.0,20.0,194.0,1.0,20.0,55.0,3.0,4.0,2015-07-08,10922.5,8995.0,10583.5,9619.0,9188.0,8240.5,43369.0,7874.5,21824.0,113.0,0.0157630428717566,-0.0811349184053932,2015-07-08,95.5999984741211,1.3000000715255735,94.3000030517578,0.0,0.3,11.199999809265137,0.0,196.501708984375,30.1299991607666,11.59000015258789,1.5320000648498535,1.2999999523162842,1.069999933242798,-1.25,2015-07-08,210.0,0.0,1.0,41.0,1.0,2015-07-08,184.198,539.0,20.0,2015-07-08,181.2,2015-07-08,10922.5,8995.0,10583.5,9619.0,0.0157630428717566,-0.0811349184053932,2015-07-08
-23.838611,31.640833,07-11-2014,0.0,0.0,0.0,-1.0,-1.0,2014-07-11,164.89,610.0,20.0,194.0,1.0,20.0,55.0,3.0,4.0,2014-07-11,12132.0,9745.0,11271.5,10310.0,9821.5,8340.5,43005.0,7687.5,23826.0,224.0,0.0367680047856088,-0.0726334070849091,2014-07-11,152.1999969482422,18.200000762939453,134.0,1.0,19.200000000000003,0.800000011920929,0.0,238.30023193359375,32.61000061035156,19.35999870300293,2.0960001945495605,1.5099999904632568,2.25,-3.0799999237060547,2014-07-11,210.0,0.0,1.0,41.0,1.0,2014-07-11,164.89,610.0,20.0,2014-07-11,161.3,2014-07-11,12132.0,9745.0,11271.5,10310.0,0.0367680047856088,-0.0726334070849091,2014-07-11
-23.838611,31.640833,09-01-2015,0.0,0.0,0.0,-1.0,-1.0,2015-09-01,118.576,388.0,20.0,194.0,1.0,20.0,55.0,3.0,4.0,2015-09-01,12132.0,9745.0,11271.5,10310.0,9821.5,8340.5,43005.0,7687.5,23826.0,224.0,0.0367680047856088,-0.0726334070849091,2015-09-01,161.3000030517578,45.0,116.3000030517578,2.0,39.1,27.600000381469727,0.0,254.89801025390625,33.939998626708984,21.31999969482422,2.327000141143799,1.6100000143051147,1.4499999284744265,2.009999990463257,2015-09-01,210.0,0.0,1.0,41.0,1.0,2015-09-01,118.576,388.0,20.0,2015-09-01,121.3,2015-09-01,12132.0,9745.0,11271.5,10310.0,0.0367680047856088,-0.0726334070849091,2015-09-01
-23.838611,31.640833,09-02-2015,0.0,0.0,0.0,-1.0,-1.0,2015-09-02,90.908,303.9,51.0,194.0,1.0,20.0,55.0,3.0,4.0,2015-09-02,10322.0,8899.5,9672.0,8834.5,8811.0,8133.0,46866.0,7816.0,21824.0,160.0,0.0325097529258776,-0.0415959938615618,2015-09-02,139.40000915527344,52.0,87.4000015258789,2.5,49.6,22.700000762939453,0.0,263.7980651855469,34.81999969482422,20.35999870300293,2.42900013923645,1.569999933242798,0.9099999666213988,1.209999918937683,2015-09-02,210.0,0.0,1.0,41.0,1.0,2015-09-02,90.908,303.9,51.0,2015-09-02,181.2,2015-09-02,10322.0,8899.5,9672.0,8834.5,0.0325097529258776,-0.0415959938615618,2015-09-02
-23.838611,31.640833,09-05-2014,0.0,0.0,0.0,-1.0,-1.0,2014-09-05,88.716,287.6,20.0,194.0,1.0,20.0,55.0,3.0,4.0,2014-09-05,10375.5,9171.0,9054.5,8329.0,8996.0,8178.0,44205.0,7686.0,21824.0,192.0,0.0679876479670609,0.0063921428767386,2014-09-05,87.80000305175781,0.6000000238418579,87.20000457763672,0.0,0.7000000000000001,0.800000011920929,0.0,180.60292053222656,30.19999885559082,13.519999504089355,1.6940001249313354,1.2400000095367432,0.949999988079071,-0.4599999785423279,2014-09-05,210.0,0.0,1.0,41.0,1.0,2014-09-05,88.716,287.6,20.0,2014-09-05,141.5,2014-09-05,10375.5,9171.0,9054.5,8329.0,0.0679876479670609,0.0063921428767386,2014-09-05
-23.658056,31.05,03-04-2014,0.0,0.0,0.0,-1.0,-1.0,2014-03-04,71.201,193.5,20.0,253.0,0.0,0.0,0.0,0.0,0.0,2014-03-04,16290.5,9088.0,12740.5,9971.5,8739.5,7766.0,45801.5,7407.5,21824.0,224.0,0.1222830767111015,-0.1673271182170091,2014-03-04,102.4000015258789,30.80000114440918,71.5999984741211,1.6,32.4,0.9000000357627869,0.0,190.80177307128903,28.81999969482422,16.15999984741211,1.968000054359436,0.949999988079071,1.5199999809265137,0.75,2014-03-04,100.0,0.0,1.0,258.0,1.0,2014-03-04,71.201,193.5,20.0,2014-03-04,139.0,2014-03-04,16290.5,9088.0,12740.5,9971.5,0.1222830767111015,-0.1673271182170091,2014-03-04
-23.658056,31.05,03-09-2014,0.0,0.0,0.0,-1.0,-1.0,2014-03-09,120.621,457.5,20.0,253.0,0.0,0.0,0.0,0.0,0.0,2014-03-09,14489.0,9867.0,16322.5,13963.5,10880.0,8701.5,45867.5,8221.5,21824.0,160.0,-0.0595070022556511,-0.2464919146986378,2014-03-09,124.9000015258789,2.200000047683716,122.70000457763672,0.1,2.3000000000000003,0.800000011920929,0.0,238.2012939453125,30.8799991607666,14.4399995803833,1.5730000734329224,1.5,1.4800000190734863,-1.6299999952316284,2014-03-09,100.0,0.0,1.0,258.0,1.0,2014-03-09,120.621,457.5,20.0,2014-03-09,160.1,2014-03-09,14489.0,9867.0,16322.5,13963.5,-0.0595070022556511,-0.2464919146986378,2014-03-09
-23.658056,31.05,03-12-2015,0.0,0.0,0.0,-1.0,-1.0,2015-03-12,107.865,398.0,50.0,253.0,0.0,0.0,0.0,0.0,0.0,2015-03-12,15180.5,10373.5,17612.5,15147.0,11299.5,8932.0,50131.0,8342.5,21824.0,224.0,-0.0741621687555268,-0.2586650468091179,2015-03-12,177.10000610351562,34.70000076293945,142.40000915527344,1.8,36.1,5.5,0.0,280.4000549316406,34.71999740600586,20.799999237060547,2.3420000076293945,1.6799999475479126,1.819999933242798,-2.75,2015-03-12,100.0,0.0,1.0,258.0,1.0,2015-03-12,107.865,398.0,50.0,2015-03-12,177.1,2015-03-12,15180.5,10373.5,17612.5,15147.0,-0.0741621687555268,-0.2586650468091179,2015-03-12
-23.658056,31.05,04-09-2013,0.0,0.0,0.0,-1.0,-1.0,2013-04-09,97.205,404.0,10.0,253.0,0.0,0.0,0.0,0.0,0.0,2013-04-09,14258.5,9912.0,15911.5,14028.0,10899.5,8696.5,46234.5,8164.5,21824.0,160.0,-0.0547895260192242,-0.232327143880573,2013-04-09,132.6999969482422,6.900000095367432,125.8000030517578,0.4,7.300000000000001,0.9000000357627869,0.0,230.89930725097656,32.11000061035156,14.15999984741211,1.5940001010894775,1.6200000047683716,1.919999957084656,-1.8499999046325684,2013-04-09,100.0,0.0,1.0,258.0,1.0,2013-04-09,97.205,404.0,10.0,2013-04-09,152.2,2013-04-09,14258.5,9912.0,15911.5,14028.0,-0.0547895260192242,-0.232327143880573,2013-04-09
-23.658056,31.05,05-02-2013,0.0,0.0,0.0,-1.0,-1.0,2013-05-02,57.8695,223.45,20.0,253.0,0.0,0.0,0.0,0.0,0.0,2013-05-02,16174.5,9479.5,14060.0,11273.0,9633.5,8377.0,47071.5,7958.0,21824.0,160.0,0.0699366617605713,-0.1945878204719718,2013-05-02,146.3000030517578,27.700000762939453,118.5999984741211,1.5,29.1,1.0,0.0,279.70318603515625,33.71999740600586,19.770000457763672,2.3550000190734863,1.4399999380111694,1.1899999380111694,0.8499999642372131,2013-05-02,100.0,0.0,1.0,258.0,1.0,2013-05-02,57.8695,223.45,20.0,2013-05-02,141.8,2013-05-02,16174.5,9479.5,14060.0,11273.0,0.0699366617605713,-0.1945878204719718,2013-05-02
-23.658056,31.05,05-03-2013,0.0,0.0,0.0,-1.0,-1.0,2013-05-03,54.956,218.6,10.0,253.0,0.0,0.0,0.0,0.0,0.0,2013-05-03,16174.5,9479.5,14060.0,11273.0,9633.5,8377.0,47071.5,7958.0,21824.0,160.0,0.0699366617605713,-0.1945878204719718,2013-05-03,139.1999969482422,28.899999618530273,110.3000030517578,1.5,30.5,1.0,0.0,233.59861755371097,31.85999870300293,18.69999885559082,2.140000104904175,1.309999942779541,1.5999999046325684,-1.7599999904632568,2013-05-03,100.0,0.0,1.0,258.0,1.0,2013-05-03,54.956,218.6,10.0,2013-05-03,141.8,2013-05-03,16174.5,9479.5,14060.0,11273.0,0.0699366617605713,-0.1945878204719718,2013-05-03
-23.658056,31.05,05-06-2013,0.0,0.0,0.0,-1.0,-1.0,2013-05-06,91.594,309.2,10.0,253.0,0.0,0.0,0.0,0.0,0.0,2013-05-06,14105.0,9311.5,13666.5,11452.0,9496.0,8233.0,44646.5,7885.0,21824.0,224.0,0.0157895684424679,-0.1895291148054652,2013-05-06,73.9000015258789,0.1000000014901161,73.80000305175781,0.0,0.1,1.0,0.0,166.70053100585938,26.34000015258789,9.809999465942385,1.3530000448226929,0.9799999594688416,1.3600000143051147,-1.409999966621399,2013-05-06,100.0,0.0,1.0,258.0,1.0,2013-05-06,91.594,309.2,10.0,2013-05-06,141.8,2013-05-06,14105.0,9311.5,13666.5,11452.0,0.0157895684424679,-0.1895291148054652,2013-05-06
-23.658056,31.05,06-10-2015,0.0,0.0,0.0,-1.0,-1.0,2015-06-10,102.469,560.0,20.0,253.0,0.0,0.0,0.0,0.0,0.0,2015-06-10,15039.5,10225.0,17332.0,14745.0,10975.0,8858.5,49939.5,8378.0,21824.0,224.0,-0.070818466861282,-0.2579018035344912,2015-06-10,151.8000030517578,22.700000762939453,129.10000610351562,1.2000000000000002,23.4,6.300000190734863,0.0,261.4018859863281,31.36999893188477,19.469999313354492,2.009000062942505,1.4299999475479126,1.8399999141693115,-1.25,2015-06-10,100.0,0.0,1.0,258.0,1.0,2015-06-10,102.469,560.0,20.0,2015-06-10,177.1,2015-06-10,15039.5,10225.0,17332.0,14745.0,-0.070818466861282,-0.2579018035344912,2015-06-10
-23.658056,31.05,07-08-2015,0.0,0.0,0.0,-1.0,-1.0,2015-07-08,106.081,513.0,20.0,253.0,0.0,0.0,0.0,0.0,0.0,2015-07-08,13827.5,9771.0,15810.0,13684.0,10687.5,8734.5,44740.5,8312.5,21824.0,160.0,-0.0668916069169124,-0.2360736484109291,2015-07-08,97.5,0.9000000357627869,96.5999984741211,0.0,0.2,7.400000095367432,0.0,201.3999938964844,29.760000228881836,12.029999732971191,1.4220000505447388,1.3899999856948853,1.1200000047683716,-1.1299999952316284,2015-07-08,100.0,0.0,1.0,258.0,1.0,2015-07-08,106.081,513.0,20.0,2015-07-08,177.1,2015-07-08,13827.5,9771.0,15810.0,13684.0,-0.0668916069169124,-0.2360736484109291,2015-07-08
-23.658056,31.05,08-01-2013,0.0,0.0,0.0,-1.0,-1.0,2013-08-01,77.511,248.7,38.0,253.0,0.0,0.0,0.0,0.0,0.0,2013-08-01,16174.5,9479.5,14060.0,11273.0,9633.5,8377.0,47071.5,7958.0,21824.0,160.0,0.0699366617605713,-0.1945878204719718,2013-08-01,146.6999969482422,128.0,18.700000762939453,6.7,134.70000000000002,1.0,0.0,212.10023498535156,33.130001068115234,20.219999313354492,2.265000104904175,1.46999990940094,2.0999999046325684,2.240000009536743,2013-08-01,100.0,0.0,1.0,258.0,1.0,2013-08-01,77.511,248.7,38.0,2013-08-01,102.5,2013-08-01,16174.5,9479.5,14060.0,11273.0,0.0699366617605713,-0.1945878204719718,2013-08-01
-23.658056,31.05,08-08-2014,0.0,0.0,0.0,-1.0,-1.0,2014-08-08,121.066,452.0,20.0,253.0,0.0,0.0,0.0,0.0,0.0,2014-08-08,13849.0,9515.0,14697.0,12438.0,10330.0,8362.0,44669.5,7918.5,21824.0,160.0,-0.02970643873047,-0.2140261027589616,2014-08-08,100.9000015258789,0.699999988079071,100.20000457763672,0.0,0.7000000000000001,0.800000011920929,0.0,201.50357055664065,28.469999313354492,11.719999313354492,1.3730000257492063,1.2699999809265137,1.5099999904632568,-1.1799999475479126,2014-08-08,100.0,0.0,1.0,258.0,1.0,2014-08-08,121.066,452.0,20.0,2014-08-08,160.1,2014-08-08,13849.0,9515.0,14697.0,12438.0,-0.02970643873047,-0.2140261027589616,2014-08-08
-23.658056,31.05,09-10-2014,0.0,0.0,0.0,-1.0,-1.0,2014-09-10,115.025,451.0,20.0,253.0,0.0,0.0,0.0,0.0,0.0,2014-09-10,14871.0,9980.5,17245.0,14674.0,11160.5,8713.5,49969.0,8108.0,21824.0,160.0,-0.0739195416614769,-0.266827055517804,2014-09-10,155.8000030517578,15.800000190734863,140.0,0.8,16.6,0.800000011920929,0.0,262.8038635253906,30.88999938964844,16.520000457763672,1.7780001163482666,1.409999966621399,2.0799999237060547,-2.109999895095825,2014-09-10,100.0,0.0,1.0,258.0,1.0,2014-09-10,115.025,451.0,20.0,2014-09-10,160.1,2014-09-10,14871.0,9980.5,17245.0,14674.0,-0.0739195416614769,-0.266827055517804,2014-09-10
-23.658056,31.05,10-04-2013,0.0,0.0,0.0,-1.0,-1.0,2013-10-04,65.683,233.2,10.0,253.0,0.0,0.0,0.0,0.0,0.0,2013-10-04,16174.5,9479.5,14060.0,11273.0,9633.5,8377.0,47071.5,7958.0,21824.0,160.0,0.0699366617605713,-0.1945878204719718,2013-10-04,100.9000015258789,58.0,42.900001525878906,3.0,61.0,1.0,0.0,193.10092163085935,28.85999870300293,16.369998931884766,1.981000065803528,0.949999988079071,1.319999933242798,-0.8799999952316284,2013-10-04,100.0,0.0,1.0,258.0,1.0,2013-10-04,65.683,233.2,10.0,2013-10-04,141.8,2013-10-04,16174.5,9479.5,14060.0,11273.0,0.0699366617605713,-0.1945878204719718,2013-10-04
-23.658056,31.05,10-10-2013,0.0,0.0,0.0,-1.0,-1.0,2013-10-10,120.63,461.76,10.0,253.0,0.0,0.0,0.0,0.0,0.0,2013-10-10,14614.0,9957.5,17270.0,14488.5,11153.5,8804.0,49559.5,8327.5,21824.0,96.0,-0.0833019696399445,-0.2685703792121925,2013-10-10,143.40000915527344,32.900001525878906,110.5,1.7000000000000002,34.6,0.9000000357627869,0.0,245.79757690429688,29.60999870300293,16.65999984741211,1.7670000791549685,1.2699999809265137,1.8499999046325684,-1.6200000047683716,2013-10-10,100.0,0.0,1.0,258.0,1.0,2013-10-10,120.63,461.76,10.0,2013-10-10,152.2,2013-10-10,14614.0,9957.5,17270.0,14488.5,-0.0833019696399445,-0.2685703792121925,2013-10-10
-23.658056,31.05,12-02-2014,0.0,0.0,0.0,-1.0,-1.0,2014-12-02,56.933,153.5,20.0,253.0,0.0,0.0,0.0,0.0,0.0,2014-12-02,16290.5,9088.0,12740.5,9971.5,8739.5,7766.0,45801.5,7407.5,21824.0,224.0,0.1222830767111015,-0.1673271182170091,2014-12-02,134.1999969482422,39.20000076293945,95.0,2.1,41.2,0.9000000357627869,0.0,246.5038299560547,32.11000061035156,21.079999923706055,2.4180002212524414,1.2400000095367432,1.5399999618530271,-0.7899999618530273,2014-12-02,100.0,0.0,1.0,258.0,1.0,2014-12-02,56.933,153.5,20.0,2014-12-02,139.0,2014-12-02,16290.5,9088.0,12740.5,9971.5,0.1222830767111015,-0.1673271182170091,2014-12-02
-23.658056,31.05,12-11-2015,0.0,0.0,0.0,-1.0,-1.0,2015-12-11,104.1,430.0,20.0,253.0,0.0,0.0,0.0,0.0,0.0,2015-12-11,15180.5,10373.5,17612.5,15147.0,11299.5,8932.0,50131.0,8342.5,21824.0,224.0,-0.0741621687555268,-0.2586650468091179,2015-12-11,173.10000610351562,43.70000076293945,129.40000915527344,2.3000000000000003,45.6,5.900000095367432,0.0,285.29833984375,32.81999969482422,19.350000381469727,2.129000186920166,1.5,2.369999885559082,-1.7599999904632568,2015-12-11,100.0,0.0,1.0,258.0,1.0,2015-12-11,104.1,430.0,20.0,2015-12-11,177.1,2015-12-11,15180.5,10373.5,17612.5,15147.0,-0.0741621687555268,-0.2586650468091179,2015-12-11
-23.281,30.54305556,03-04-2014,0.0,0.0,0.0,-1.0,-1.0,2014-03-04,77.304,176.7,39.0,104.0,1.0,14.0,46.0,0.0,10.0,2014-03-04,12993.0,9709.5,12173.5,10359.5,9781.0,8498.0,46254.0,8090.0,21824.0,160.0,0.0325631295571492,-0.1125988210026042,2014-03-04,100.5,39.29999923706055,61.20000076293945,1.8,36.5,17.100000381469727,0.0,193.70394897460935,27.479999542236328,15.880000114440918,1.846000075340271,0.8999999761581421,1.4299999475479126,0.75,2014-03-04,120.0,0.0,1.0,255.0,1.0,2014-03-04,77.304,176.7,39.0,2014-03-04,140.40001,2014-03-04,12993.0,9709.5,12173.5,10359.5,0.0325631295571492,-0.1125988210026042,2014-03-04
-23.281,30.54305556,05-02-2013,0.0,0.0,0.0,-1.0,-1.0,2013-05-02,58.536,190.4,19.0,104.0,1.0,14.0,46.0,0.0,10.0,2013-05-02,13571.5,9821.5,13254.5,11518.0,9983.0,8451.0,46241.0,8054.5,21824.0,129.0,0.0118168940580033,-0.1487692841046969,2013-05-02,143.6999969482422,72.0999984741211,71.5999984741211,2.5,49.7,29.80000114440918,0.0,277.9971008300781,32.369998931884766,19.229999542236328,2.2230000495910645,1.3399999141693115,1.2599999904632568,-1.0299999713897705,2013-05-02,120.0,0.0,1.0,255.0,1.0,2013-05-02,58.536,190.4,19.0,2013-05-02,142.7,2013-05-02,13571.5,9821.5,13254.5,11518.0,0.0118168940580033,-0.1487692841046969,2013-05-02
-23.281,30.54305556,05-03-2013,0.0,0.0,0.0,-1.0,-1.0,2013-05-03,146.793,412.0,10.0,104.0,1.0,14.0,46.0,0.0,10.0,2013-05-03,13571.5,9821.5,13254.5,11518.0,9983.0,8451.0,46241.0,8054.5,21824.0,129.0,0.0118168940580033,-0.1487692841046969,2013-05-03,138.60000610351562,50.29999923706055,88.30000305175781,2.2,44.1,21.399999618530273,0.0,235.60107421875,30.34000015258789,18.059999465942383,2.0290000438690186,1.1799999475479126,1.819999933242798,-1.6200000047683716,2013-05-03,120.0,0.0,1.0,255.0,1.0,2013-05-03,146.793,412.0,10.0,2013-05-03,142.7,2013-05-03,13571.5,9821.5,13254.5,11518.0,0.0118168940580033,-0.1487692841046969,2013-05-03
-23.281,30.54305556,05-06-2013,0.0,0.0,0.0,-1.0,-1.0,2013-05-06,180.849,448.0,22.0,104.0,1.0,14.0,46.0,0.0,10.0,2013-05-06,12984.5,9601.0,12721.0,11181.0,9961.0,8478.0,44027.0,8123.0,21824.0,160.0,0.0102507245531111,-0.1397724218260006,2013-05-06,75.0,2.0,73.0,0.0,0.0,12.0,0.0,170.4971923828125,25.170000076293945,9.809999465942385,1.2700001001358032,0.9399999976158142,1.4399999380111694,-1.5999999046325684,2013-05-06,120.0,0.0,1.0,255.0,1.0,2013-05-06,180.849,448.0,22.0,2013-05-06,142.7,2013-05-06,12984.5,9601.0,12721.0,11181.0,0.0102507245531111,-0.1397724218260006,2013-05-06
-23.281,30.54305556,05-07-2013,0.0,0.0,0.0,-1.0,-1.0,2013-05-07,242.039,453.8,30.0,104.0,1.0,14.0,46.0,0.0,10.0,2013-05-07,12769.5,9435.0,13252.5,11943.5,10022.5,8366.5,44020.5,7941.5,21824.0,160.0,-0.0185612174314041,-0.1682644628099166,2013-05-07,79.5999984741211,2.799999952316284,76.80000305175781,0.1,1.4,10.5,0.0,159.99630737304688,25.239999771118164,9.15999984741211,1.1460000276565552,1.0499999523162842,1.559999942779541,-1.659999966621399,2013-05-07,120.0,0.0,1.0,255.0,1.0,2013-05-07,242.039,453.8,30.0,2013-05-07,142.7,2013-05-07,12769.5,9435.0,13252.5,11943.5,-0.0185612174314041,-0.1682644628099166,2013-05-07
-23.281,30.54305556,08-10-2014,0.0,0.0,0.0,-1.0,-1.0,2014-08-10,172.653,414.0,20.0,104.0,1.0,14.0,46.0,0.0,10.0,2014-08-10,13894.0,9983.0,14882.0,13047.5,10785.0,8541.5,49380.5,8013.0,21824.0,160.0,-0.0343341673616901,-0.1970239292177752,2014-08-10,157.0,17.0,140.0,0.9,17.1,7.700000286102295,0.0,267.50341796875,30.17999839782715,16.31999969482422,1.6560001373291016,1.4299999475479126,2.0899999141693115,-2.419999837875366,2014-08-10,120.0,0.0,1.0,255.0,1.0,2014-08-10,172.653,414.0,20.0,2014-08-10,160.7,2014-08-10,13894.0,9983.0,14882.0,13047.5,-0.0343341673616901,-0.1970239292177752,2014-08-10
-23.281,30.54305556,10-02-2013,0.0,0.0,0.0,-1.0,-1.0,2013-10-02,179.536,460.0,15.0,104.0,1.0,14.0,46.0,0.0,10.0,2013-10-02,13571.5,9821.5,13254.5,11518.0,9983.0,8451.0,46241.0,8054.5,21824.0,129.0,0.0118168940580033,-0.1487692841046969,2013-10-02,143.6999969482422,72.0999984741211,71.5999984741211,2.5,49.7,29.80000114440918,0.0,277.9971008300781,32.369998931884766,19.229999542236328,2.2230000495910645,1.3399999141693115,1.2599999904632568,-1.0299999713897705,2013-10-02,120.0,0.0,1.0,255.0,1.0,2013-10-02,179.536,460.0,15.0,2013-10-02,142.7,2013-10-02,13571.5,9821.5,13254.5,11518.0,0.0118168940580033,-0.1487692841046969,2013-10-02
-23.281,30.54305556,12-02-2014,0.0,0.0,0.0,-1.0,-1.0,2014-12-02,141.852,277.1,20.0,104.0,1.0,14.0,46.0,0.0,10.0,2014-12-02,12993.0,9709.5,12173.5,10359.5,9781.0,8498.0,46254.0,8090.0,21824.0,160.0,0.0325631295571492,-0.1125988210026042,2014-12-02,130.3000030517578,48.60000228881836,81.70000457763672,2.5,50.7,5.700000286102295,0.0,242.60401916503903,30.76999855041504,20.6299991607666,2.2950000762939453,1.149999976158142,1.5299999713897705,-1.0099999904632568,2014-12-02,120.0,0.0,1.0,255.0,1.0,2014-12-02,141.852,277.1,20.0,2014-12-02,140.40001,2014-12-02,12993.0,9709.5,12173.5,10359.5,0.0325631295571492,-0.1125988210026042,2014-12-02
-23.23572222,27.717,08-07-2015,0.0,0.0,0.0,-1.0,-1.0,2015-08-07,13.217,96.4,44.0,200.0,1.0,15.0,76.0,1.0,5.0,2015-08-07,12235.0,9669.5,12249.5,10850.0,10166.0,8333.5,42341.0,7780.5,23888.0,160.0,-0.0005922113990483,-0.1177060997308266,2015-08-07,95.4000015258789,7.099999904632568,88.30000305175781,0.4,7.5,0.4000000059604645,0.0,186.29763793945312,26.420000076293945,5.449999809265137,0.9550000429153442,1.2300000190734863,2.0299999713897705,-0.7599999904632568,2015-08-07,120.0,0.0,1.0,338.0,1.0,2015-08-07,13.217,96.4,44.0,2015-08-07,201.2,2015-08-07,12235.0,9669.5,12249.5,10850.0,-0.0005922113990483,-0.1177060997308266,2015-08-07
-23.23572222,27.717,09-07-2015,0.0,0.0,0.0,-1.0,-1.0,2015-09-07,17.675,72.1,20.0,200.0,1.0,15.0,76.0,1.0,5.0,2015-09-07,12235.0,9669.5,12249.5,10850.0,10166.0,8333.5,42341.0,7780.5,23888.0,160.0,-0.0005922113990483,-0.1177060997308266,2015-09-07,95.4000015258789,7.099999904632568,88.30000305175781,0.4,7.5,0.4000000059604645,0.0,186.29763793945312,26.420000076293945,5.449999809265137,0.9550000429153442,1.2300000190734863,2.0299999713897705,-0.7599999904632568,2015-09-07,120.0,0.0,1.0,338.0,1.0,2015-09-07,17.675,72.1,20.0,2015-09-07,201.2,2015-09-07,12235.0,9669.5,12249.5,10850.0,-0.0005922113990483,-0.1177060997308266,2015-09-07
-22.769722,30.886944,03-02-2014,0.0,0.0,0.0,-1.0,-1.0,2014-03-02,46.46,102.1,29.0,253.0,0.0,0.0,0.0,0.0,0.0,2014-03-02,18030.0,9404.0,12884.0,9942.0,9146.0,8139.0,45987.0,7895.0,21824.0,96.0,0.1664617972439666,-0.1561378320172283,2014-03-02,130.8000030517578,40.400001525878906,90.4000015258789,2.1,42.2,5.800000190734863,0.0,242.3979034423828,31.38999938964844,20.78999900817871,2.3570001125335693,1.1799999475479126,1.5299999713897705,-0.949999988079071,2014-03-02,120.0,0.0,1.0,247.0,1.0,2014-03-02,46.46,102.1,29.0,2014-03-02,143.1,2014-03-02,18030.0,9404.0,12884.0,9942.0,0.1664617972439666,-0.1561378320172283,2014-03-02
-22.769722,30.886944,04-07-2013,0.0,0.0,0.0,-1.0,-1.0,2013-04-07,53.55,132.42,10.0,253.0,0.0,0.0,0.0,0.0,0.0,2013-04-07,14827.0,9375.0,14080.0,12275.0,9901.0,8486.0,44485.0,8263.0,21824.0,96.0,0.0258414916802157,-0.2005968876572151,2013-04-07,82.5999984741211,2.6000001430511475,80.0,0.1,1.4,10.199999809265137,0.0,160.7972869873047,26.299999237060547,10.31999969482422,1.222000002861023,1.1299999952316284,1.559999942779541,-1.6399999856948853,2013-04-07,120.0,0.0,1.0,247.0,1.0,2013-04-07,53.55,132.42,10.0,2013-04-07,148.1,2013-04-07,14827.0,9375.0,14080.0,12275.0,0.0258414916802157,-0.2005968876572151,2013-04-07
-22.769722,30.886944,06-02-2013,0.0,0.0,0.0,-1.0,-1.0,2013-06-02,23.848,104.3,13.0,253.0,0.0,0.0,0.0,0.0,0.0,2013-06-02,16884.0,9668.0,15699.0,13078.0,10115.0,8459.0,48314.0,8140.0,21824.0,96.0,0.0363686585029001,-0.2377498324594937,2013-06-02,148.60000610351562,53.400001525878906,95.20000457763672,2.3000000000000003,45.900000000000006,23.80000114440918,0.0,285.9989013671875,32.77000045776367,19.420000076293945,2.2920000553131104,1.3399999141693115,1.3899999856948853,-0.9899999499320984,2013-06-02,120.0,0.0,1.0,247.0,1.0,2013-06-02,23.848,104.3,13.0,2013-06-02,148.1,2013-06-02,16884.0,9668.0,15699.0,13078.0,0.0363686585029001,-0.2377498324594937,2013-06-02
-22.769722,30.886944,06-03-2014,0.0,0.0,0.0,-1.0,-1.0,2014-06-03,54.732,118.8,20.0,253.0,0.0,0.0,0.0,0.0,0.0,2014-06-03,18030.0,9404.0,12884.0,9942.0,9146.0,8139.0,45987.0,7895.0,21824.0,96.0,0.1664617972439666,-0.1561378320172283,2014-06-03,113.5999984741211,88.0999984741211,25.5,4.6000000000000005,92.4,5.5,0.0,197.39764404296875,29.67999839782715,20.10999870300293,2.239000082015991,1.0399999618530271,1.0399999618530271,0.5899999737739563,2014-06-03,120.0,0.0,1.0,247.0,1.0,2014-06-03,54.732,118.8,20.0,2014-06-03,143.1,2014-06-03,18030.0,9404.0,12884.0,9942.0,0.1664617972439666,-0.1561378320172283,2014-06-03
-22.769722,30.886944,06-06-2013,0.0,0.0,0.0,-1.0,-1.0,2013-06-06,47.334,138.8,30.0,253.0,0.0,0.0,0.0,0.0,0.0,2013-06-06,15818.0,9247.0,13725.0,11657.0,9604.0,8192.0,44672.0,7900.0,21824.0,160.0,0.0708458856581929,-0.1949329618666194,2013-06-06,76.5,1.7000000476837158,74.80000305175781,0.0,0.1,11.5,0.0,171.80279541015625,26.11999893188477,11.029999732971191,1.3360000848770142,1.0199999809265137,1.4199999570846558,-1.6200000047683716,2013-06-06,120.0,0.0,1.0,247.0,1.0,2013-06-06,47.334,138.8,30.0,2013-06-06,148.1,2013-06-06,15818.0,9247.0,13725.0,11657.0,0.0708458856581929,-0.1949329618666194,2013-06-06
-22.769722,30.886944,06-08-2015,0.0,0.0,0.0,-1.0,-1.0,2015-06-08,53.652,146.3,20.0,253.0,0.0,0.0,0.0,0.0,0.0,2015-06-08,15088.0,9791.0,15963.0,13011.0,10741.0,8610.0,44909.0,8183.0,21824.0,160.0,-0.0281794467166918,-0.2396520928787752,2015-06-08,103.0999984741211,1.100000023841858,102.0,0.0,0.1,9.100000381469728,0.0,209.19973754882812,29.51999855041504,12.75,1.366000056266785,1.4499999284744265,1.1999999284744265,-1.6799999475479126,2015-06-08,120.0,0.0,1.0,247.0,1.0,2015-06-08,53.652,146.3,20.0,2015-06-08,183.1,2015-06-08,15088.0,9791.0,15963.0,13011.0,-0.0281794467166918,-0.2396520928787752,2015-06-08
-22.769722,30.886944,07-10-2014,0.0,0.0,0.0,-1.0,-1.0,2014-07-10,67.858,150.6,20.0,253.0,0.0,0.0,0.0,0.0,0.0,2014-07-10,15823.0,9947.0,17272.0,14280.0,10960.0,8730.0,50190.0,8345.0,21824.0,96.0,-0.043783048798912,-0.2691134869025303,2014-07-10,167.60000610351562,12.0,155.60000610351562,0.6000000000000001,12.5,3.900000095367432,0.0,274.3960876464844,31.90999984741211,17.190000534057617,1.743000030517578,1.6200000047683716,2.2300000190734863,-2.5199999809265137,2014-07-10,120.0,0.0,1.0,247.0,1.0,2014-07-10,67.858,150.6,20.0,2014-07-10,165.8,2014-07-10,15823.0,9947.0,17272.0,14280.0,-0.043783048798912,-0.2691134869025303,2014-07-10
-22.769722,30.886944,08-04-2014,0.0,0.0,0.0,-1.0,-1.0,2014-08-04,38.483,98.8,20.0,253.0,0.0,0.0,0.0,0.0,0.0,2014-08-04,17029.0,9337.0,12955.0,10276.0,9325.0,8152.0,45350.0,7875.0,21824.0,96.0,0.1358724653148341,-0.1623003768167945,2014-08-04,104.70000457763672,35.29999923706055,69.4000015258789,1.8,36.9,5.200000286102295,0.0,191.50259399414065,28.86999893188477,16.270000457763672,1.89900004863739,1.0299999713897705,1.5999999046325684,-0.2599999904632568,2014-08-04,120.0,0.0,1.0,247.0,1.0,2014-08-04,38.483,98.8,20.0,2014-08-04,143.1,2014-08-04,17029.0,9337.0,12955.0,10276.0,0.1358724653148341,-0.1623003768167945,2014-08-04
-22.769722,30.886944,08-10-2013,0.0,0.0,0.0,-1.0,-1.0,2013-08-10,56.43,170.51,10.0,253.0,0.0,0.0,0.0,0.0,0.0,2013-08-10,14881.0,9792.0,16117.0,13817.0,10511.0,8713.0,48181.0,8518.0,21824.0,96.0,-0.0398735402284017,-0.2441236635918011,2013-08-10,153.10000610351562,38.79999923706055,114.3000030517578,2.0,40.1,7.700000286102295,0.0,252.7020568847656,30.469999313354492,17.329999923706055,1.718000054359436,1.46999990940094,2.009999990463257,-1.7799999713897705,2013-08-10,120.0,0.0,1.0,247.0,1.0,2013-08-10,56.43,170.51,10.0,2013-08-10,148.0,2013-08-10,14881.0,9792.0,16117.0,13817.0,-0.0398735402284017,-0.2441236635918011,2013-08-10
-22.769722,30.886944,09-01-2013,0.0,0.0,0.0,-1.0,-1.0,2013-09-01,62.957,169.5,10.0,253.0,0.0,0.0,0.0,0.0,0.0,2013-09-01,16884.0,9668.0,15699.0,13078.0,10115.0,8459.0,48314.0,8140.0,21824.0,96.0,0.0363686585029001,-0.2377498324594937,2013-09-01,147.3000030517578,147.3000030517578,0.0,9.3,187.0,33.60000228881836,0.0,213.79830932617188,32.75,19.6299991607666,2.2090001106262207,1.4299999475479126,2.15999984741211,1.319999933242798,2013-09-01,120.0,0.0,1.0,247.0,1.0,2013-09-01,62.957,169.5,10.0,2013-09-01,138.40001,2013-09-01,16884.0,9668.0,15699.0,13078.0,0.0363686585029001,-0.2377498324594937,2013-09-01
-22.769722,30.886944,10-12-2015,0.0,0.0,0.0,-1.0,-1.0,2015-10-12,61.958,162.6,20.0,253.0,0.0,0.0,0.0,0.0,0.0,2015-10-12,15989.0,10191.0,16880.0,13836.0,10862.0,8941.0,50612.0,8563.0,21824.0,160.0,-0.0271076089932762,-0.2470909829707057,2015-10-12,183.1000061035156,44.79999923706055,138.3000030517578,2.3000000000000003,46.6,6.599999904632568,0.0,287.89825439453125,34.849998474121094,20.649999618530273,2.305000066757202,1.71999990940094,1.9399999380111697,-2.950000047683716,2015-10-12,120.0,0.0,1.0,247.0,1.0,2015-10-12,61.958,162.6,20.0,2015-10-12,183.1,2015-10-12,15989.0,10191.0,16880.0,13836.0,-0.0271076089932762,-0.2470909829707057,2015-10-12
-22.769722,30.886944,11-04-2013,0.0,0.0,0.0,-1.0,-1.0,2013-11-04,40.493,126.3,11.0,253.0,0.0,0.0,0.0,0.0,0.0,2013-11-04,16884.0,9668.0,15699.0,13078.0,10115.0,8459.0,48314.0,8140.0,21824.0,96.0,0.0363686585029001,-0.2377498324594937,2013-11-04,104.70000457763672,68.70000457763672,36.0,3.4000000000000004,68.9,15.40000057220459,0.0,198.0029296875,28.799999237060547,16.600000381469727,1.915000081062317,1.0199999809265137,1.4800000190734863,-0.9899999499320984,2013-11-04,120.0,0.0,1.0,247.0,1.0,2013-11-04,40.493,126.3,11.0,2013-11-04,148.1,2013-11-04,16884.0,9668.0,15699.0,13078.0,0.0363686585029001,-0.2377498324594937,2013-11-04
-22.769722,30.886944,12-11-2014,0.0,0.0,0.0,-1.0,-1.0,2014-12-11,59.556,152.9,54.0,253.0,0.0,0.0,0.0,0.0,0.0,2014-12-11,16126.0,10164.0,17336.0,14350.0,11085.0,8910.0,50770.0,8543.0,21824.0,96.0,-0.0361604207758052,-0.2607999999999991,2014-12-11,158.5,16.899999618530273,141.60000610351562,0.9,17.6,3.700000047683716,0.0,251.59913635253903,31.92999839782715,18.88999938964844,1.9750001430511477,1.5,2.3399999141693115,-3.299999952316284,2014-12-11,120.0,0.0,1.0,247.0,1.0,2014-12-11,59.556,152.9,54.0,2014-12-11,165.8,2014-12-11,16126.0,10164.0,17336.0,14350.0,-0.0361604207758052,-0.2607999999999991,2014-12-11
-22.43772222,31.07805556,09-03-2015,0.0,0.0,0.0,-1.0,-1.0,2015-09-03,33.729,107.7,20.0,171.0,1.0,12.0,58.0,3.0,5.0,2015-09-03,15971.5,9645.5,12695.5,10759.5,10441.5,8469.5,48339.5,8168.5,21824.0,160.0,0.1142777409565001,-0.1365202990018346,2015-09-03,156.8000030517578,32.29999923706055,124.5,1.6,31.8,10.5,0.0,252.80340576171875,33.89999771118164,20.020000457763672,2.2680001258850098,1.569999933242798,1.809999942779541,-1.3799999952316284,2015-09-03,120.0,1.0,1.0,259.0,1.0,2015-09-03,33.729,107.7,20.0,2015-09-03,196.40001,2015-09-03,15971.5,9645.5,12695.5,10759.5,0.1142777409565001,-0.1365202990018346,2015-09-03
-22.225556,29.990556,01-06-2015,0.113210299803049,0.113210299803049,0.0,2.3292727405354148,224.01590196221457,2015-01-06,129.6,1120.0,50.0,148.0,1.0,83.0,100.0,12.0,2.0,2015-01-06,7986.0,9325.0,7921.0,7818.5,9096.5,8002.0,43736.0,7488.5,21952.0,228.0,0.0040862513358898,0.0814101820712044,2015-01-06,86.5999984741211,1.399999976158142,85.20000457763672,0.1,1.5,0.2000000029802322,0.0,181.09780883789065,26.469999313354492,8.789999961853027,1.180000066757202,1.1200000047683716,1.649999976158142,-1.4399999380111694,2015-01-06,210.0,0.0,1.0,42.0,1.0,2015-01-06,129.6,1120.0,50.0,2015-01-06,192.8,2015-01-06,7986.0,9325.0,7921.0,7818.5,0.0040862513358898,0.0814101820712044,2015-01-06
-22.225556,29.990556,03-08-2015,0.113210299803049,0.113210299803049,0.0,2.3292727405354148,224.01590196221457,2015-03-08,94.2,1243.0,50.0,148.0,1.0,83.0,100.0,12.0,2.0,2015-03-08,8642.5,9372.5,8140.0,7985.0,9254.5,8333.5,43062.5,7818.0,21952.0,224.0,0.0299419037688066,0.0703783012134185,2015-03-08,116.20000457763672,0.0,116.20000457763672,0.0,0.0,0.2000000029802322,0.0,228.19790649414065,30.029998779296875,11.389999389648438,1.2650001049041748,1.5499999523162842,1.5999999046325684,-1.1999999284744265,2015-03-08,210.0,0.0,1.0,42.0,1.0,2015-03-08,94.2,1243.0,50.0,2015-03-08,192.8,2015-03-08,8642.5,9372.5,8140.0,7985.0,0.0299419037688066,0.0703783012134185,2015-03-08
-22.225556,29.990556,10-07-2013,0.113210299803049,0.113210299803049,0.0,2.102852140929316,224.01590196221457,2013-10-07,169.537,1207.0,13.0,148.0,1.0,83.0,100.0,12.0,2.0,2013-10-07,8237.0,8853.5,7944.0,7780.0,8592.0,7886.5,42409.0,7438.5,21952.0,224.0,0.0181076571287311,0.0541449620479234,2013-10-07,87.4000015258789,0.3000000119209289,87.0999984741211,0.0,0.3,0.2000000029802322,0.0,178.29876708984375,26.299999237060547,7.919999599456787,1.093000054359436,1.159999966621399,1.579999923706055,-1.25,2013-10-07,210.0,0.0,1.0,42.0,1.0,2013-10-07,169.537,1207.0,13.0,2013-10-07,154.7,2013-10-07,8237.0,8853.5,7944.0,7780.0,0.0181076571287311,0.0541449620479234,2013-10-07
-22.225556,29.990556,11-06-2015,0.113210299803049,0.113210299803049,0.0,2.3292727405354148,224.01590196221457,2015-11-06,142.772,1209.0,20.0,148.0,1.0,83.0,100.0,12.0,2.0,2015-11-06,12014.5,10669.5,12873.5,11703.5,10891.5,9052.0,42647.5,8346.5,21824.0,224.0,-0.0345146255223399,-0.0936159367964996,2015-11-06,86.5999984741211,1.399999976158142,85.20000457763672,0.1,1.5,0.2000000029802322,0.0,181.09780883789065,26.469999313354492,8.789999961853027,1.180000066757202,1.1200000047683716,1.649999976158142,-1.4399999380111694,2015-11-06,210.0,0.0,1.0,42.0,1.0,2015-11-06,142.772,1209.0,20.0,2015-11-06,192.8,2015-11-06,12014.5,10669.5,12873.5,11703.5,-0.0345146255223399,-0.0936159367964996,2015-11-06
